game_id,season,game_type,week,away_team,away_score,home_team,home_score,result
2005_01_OAK_NE,2005,REG,1,OAK,20.0,NE,30.0,10.0
2005_01_HOU_BUF,2005,REG,1,HOU,7.0,BUF,22.0,15.0
2005_01_NO_CAR,2005,REG,1,NO,23.0,CAR,20.0,-3.0
2005_01_CIN_CLE,2005,REG,1,CIN,27.0,CLE,13.0,-14.0
2005_01_SEA_JAX,2005,REG,1,SEA,14.0,JAX,26.0,12.0
2005_01_NYJ_KC,2005,REG,1,NYJ,7.0,KC,27.0,20.0
2005_01_DEN_MIA,2005,REG,1,DEN,10.0,MIA,34.0,24.0
2005_01_TB_MIN,2005,REG,1,TB,24.0,MIN,13.0,-11.0
2005_01_TEN_PIT,2005,REG,1,TEN,7.0,PIT,34.0,27.0
2005_01_CHI_WAS,2005,REG,1,CHI,7.0,WAS,9.0,2.0
2005_01_GB_DET,2005,REG,1,GB,3.0,DET,17.0,14.0
2005_01_ARI_NYG,2005,REG,1,ARI,19.0,NYG,42.0,23.0
2005_01_DAL_SD,2005,REG,1,DAL,28.0,SD,24.0,-4.0
2005_01_STL_SF,2005,REG,1,STL,25.0,SF,28.0,3.0
2005_01_IND_BAL,2005,REG,1,IND,24.0,BAL,7.0,-17.0
2005_01_PHI_ATL,2005,REG,1,PHI,10.0,ATL,14.0,4.0
2005_02_NE_CAR,2005,REG,2,NE,17.0,CAR,27.0,10.0
2005_02_DET_CHI,2005,REG,2,DET,6.0,CHI,38.0,32.0
2005_02_MIN_CIN,2005,REG,2,MIN,8.0,CIN,37.0,29.0
2005_02_PIT_HOU,2005,REG,2,PIT,27.0,HOU,7.0,-20.0
2005_02_JAX_IND,2005,REG,2,JAX,3.0,IND,10.0,7.0
2005_02_SF_PHI,2005,REG,2,SF,3.0,PHI,42.0,39.0
2005_02_BUF_TB,2005,REG,2,BUF,3.0,TB,19.0,16.0
2005_02_BAL_TEN,2005,REG,2,BAL,10.0,TEN,25.0,15.0
2005_02_STL_ARI,2005,REG,2,STL,17.0,ARI,12.0,-5.0
2005_02_ATL_SEA,2005,REG,2,ATL,18.0,SEA,21.0,3.0
2005_02_SD_DEN,2005,REG,2,SD,17.0,DEN,20.0,3.0
2005_02_CLE_GB,2005,REG,2,CLE,26.0,GB,24.0,-2.0
2005_02_MIA_NYJ,2005,REG,2,MIA,7.0,NYJ,17.0,10.0
2005_02_KC_OAK,2005,REG,2,KC,23.0,OAK,17.0,-6.0
2005_02_WAS_DAL,2005,REG,2,WAS,14.0,DAL,13.0,-1.0
2005_02_NYG_NO,2005,REG,2,NYG,27.0,NO,10.0,-17.0
2005_03_ATL_BUF,2005,REG,3,ATL,24.0,BUF,16.0,-8.0
2005_03_CIN_CHI,2005,REG,3,CIN,24.0,CHI,7.0,-17.0
2005_03_TB_GB,2005,REG,3,TB,17.0,GB,16.0,-1.0
2005_03_CLE_IND,2005,REG,3,CLE,6.0,IND,13.0,7.0
2005_03_CAR_MIA,2005,REG,3,CAR,24.0,MIA,27.0,3.0
2005_03_NO_MIN,2005,REG,3,NO,16.0,MIN,33.0,17.0
2005_03_JAX_NYJ,2005,REG,3,JAX,26.0,NYJ,20.0,-6.0
2005_03_OAK_PHI,2005,REG,3,OAK,20.0,PHI,23.0,3.0
2005_03_TEN_STL,2005,REG,3,TEN,27.0,STL,31.0,4.0
2005_03_ARI_SEA,2005,REG,3,ARI,12.0,SEA,37.0,25.0
2005_03_DAL_SF,2005,REG,3,DAL,34.0,SF,31.0,-3.0
2005_03_NE_PIT,2005,REG,3,NE,23.0,PIT,20.0,-3.0
2005_03_NYG_SD,2005,REG,3,NYG,23.0,SD,45.0,22.0
2005_03_KC_DEN,2005,REG,3,KC,10.0,DEN,30.0,20.0
2005_04_HOU_CIN,2005,REG,4,HOU,10.0,CIN,16.0,6.0
2005_04_DEN_JAX,2005,REG,4,DEN,20.0,JAX,7.0,-13.0
2005_04_SD_NE,2005,REG,4,SD,41.0,NE,17.0,-24.0
2005_04_BUF_NO,2005,REG,4,BUF,7.0,NO,19.0,12.0
2005_04_STL_NYG,2005,REG,4,STL,24.0,NYG,44.0,20.0
2005_04_DET_TB,2005,REG,4,DET,13.0,TB,17.0,4.0
2005_04_IND_TEN,2005,REG,4,IND,31.0,TEN,10.0,-21.0
2005_04_SEA_WAS,2005,REG,4,SEA,17.0,WAS,20.0,3.0
2005_04_NYJ_BAL,2005,REG,4,NYJ,3.0,BAL,13.0,10.0
2005_04_MIN_ATL,2005,REG,4,MIN,10.0,ATL,30.0,20.0
2005_04_PHI_KC,2005,REG,4,PHI,37.0,KC,31.0,-6.0
2005_04_DAL_OAK,2005,REG,4,DAL,13.0,OAK,19.0,6.0
2005_04_SF_ARI,2005,REG,4,SF,14.0,ARI,31.0,17.0
2005_04_GB_CAR,2005,REG,4,GB,29.0,CAR,32.0,3.0
2005_05_NE_ATL,2005,REG,5,NE,31.0,ATL,28.0,-3.0
2005_05_MIA_BUF,2005,REG,5,MIA,14.0,BUF,20.0,6.0
2005_05_CHI_CLE,2005,REG,5,CHI,10.0,CLE,20.0,10.0
2005_05_BAL_DET,2005,REG,5,BAL,17.0,DET,35.0,18.0
2005_05_NO_GB,2005,REG,5,NO,3.0,GB,52.0,49.0
2005_05_TEN_HOU,2005,REG,5,TEN,34.0,HOU,20.0,-14.0
2005_05_TB_NYJ,2005,REG,5,TB,12.0,NYJ,14.0,2.0
2005_05_SEA_STL,2005,REG,5,SEA,37.0,STL,31.0,-6.0
2005_05_IND_SF,2005,REG,5,IND,28.0,SF,3.0,-25.0
2005_05_CAR_ARI,2005,REG,5,CAR,24.0,ARI,20.0,-4.0
2005_05_PHI_DAL,2005,REG,5,PHI,10.0,DAL,33.0,23.0
2005_05_WAS_DEN,2005,REG,5,WAS,19.0,DEN,21.0,2.0
2005_05_CIN_JAX,2005,REG,5,CIN,20.0,JAX,23.0,3.0
2005_05_PIT_SD,2005,REG,5,PIT,24.0,SD,22.0,-2.0
2005_06_CLE_BAL,2005,REG,6,CLE,3.0,BAL,16.0,13.0
2005_06_MIN_CHI,2005,REG,6,MIN,3.0,CHI,28.0,25.0
2005_06_NYG_DAL,2005,REG,6,NYG,13.0,DAL,16.0,3.0
2005_06_CAR_DET,2005,REG,6,CAR,21.0,DET,20.0,-1.0
2005_06_WAS_KC,2005,REG,6,WAS,21.0,KC,28.0,7.0
2005_06_ATL_NO,2005,REG,6,ATL,34.0,NO,31.0,-3.0
2005_06_JAX_PIT,2005,REG,6,JAX,23.0,PIT,17.0,-6.0
2005_06_MIA_TB,2005,REG,6,MIA,13.0,TB,27.0,14.0
2005_06_CIN_TEN,2005,REG,6,CIN,31.0,TEN,23.0,-8.0
2005_06_NYJ_BUF,2005,REG,6,NYJ,17.0,BUF,27.0,10.0
2005_06_NE_DEN,2005,REG,6,NE,20.0,DEN,28.0,8.0
2005_06_SD_OAK,2005,REG,6,SD,27.0,OAK,14.0,-13.0
2005_06_HOU_SEA,2005,REG,6,HOU,10.0,SEA,42.0,32.0
2005_06_STL_IND,2005,REG,6,STL,28.0,IND,45.0,17.0
2005_07_KC_MIA,2005,REG,7,KC,30.0,MIA,20.0,-10.0
2005_07_PIT_CIN,2005,REG,7,PIT,27.0,CIN,13.0,-14.0
2005_07_DET_CLE,2005,REG,7,DET,13.0,CLE,10.0,-3.0
2005_07_IND_HOU,2005,REG,7,IND,38.0,HOU,20.0,-18.0
2005_07_GB_MIN,2005,REG,7,GB,20.0,MIN,23.0,3.0
2005_07_SD_PHI,2005,REG,7,SD,17.0,PHI,20.0,3.0
2005_07_NO_STL,2005,REG,7,NO,17.0,STL,28.0,11.0
2005_07_SF_WAS,2005,REG,7,SF,17.0,WAS,52.0,35.0
2005_07_DAL_SEA,2005,REG,7,DAL,10.0,SEA,13.0,3.0
2005_07_TEN_ARI,2005,REG,7,TEN,10.0,ARI,20.0,10.0
2005_07_BAL_CHI,2005,REG,7,BAL,6.0,CHI,10.0,4.0
2005_07_DEN_NYG,2005,REG,7,DEN,23.0,NYG,24.0,1.0
2005_07_BUF_OAK,2005,REG,7,BUF,17.0,OAK,38.0,21.0
2005_07_NYJ_ATL,2005,REG,7,NYJ,14.0,ATL,27.0,13.0
2005_08_MIN_CAR,2005,REG,8,MIN,13.0,CAR,38.0,25.0
2005_08_GB_CIN,2005,REG,8,GB,14.0,CIN,21.0,7.0
2005_08_ARI_DAL,2005,REG,8,ARI,13.0,DAL,34.0,21.0
2005_08_CHI_DET,2005,REG,8,CHI,19.0,DET,13.0,-6.0
2005_08_CLE_HOU,2005,REG,8,CLE,16.0,HOU,19.0,3.0
2005_08_WAS_NYG,2005,REG,8,WAS,0.0,NYG,36.0,36.0
2005_08_JAX_STL,2005,REG,8,JAX,21.0,STL,24.0,3.0
2005_08_OAK_TEN,2005,REG,8,OAK,34.0,TEN,25.0,-9.0
2005_08_MIA_NO,2005,REG,8,MIA,21.0,NO,6.0,-15.0
2005_08_KC_SD,2005,REG,8,KC,20.0,SD,28.0,8.0
2005_08_PHI_DEN,2005,REG,8,PHI,21.0,DEN,49.0,28.0
2005_08_TB_SF,2005,REG,8,TB,10.0,SF,15.0,5.0
2005_08_BUF_NE,2005,REG,8,BUF,16.0,NE,21.0,5.0
2005_08_BAL_PIT,2005,REG,8,BAL,19.0,PIT,20.0,1.0
2005_09_CIN_BAL,2005,REG,9,CIN,21.0,BAL,9.0,-12.0
2005_09_TEN_CLE,2005,REG,9,TEN,14.0,CLE,20.0,6.0
2005_09_HOU_JAX,2005,REG,9,HOU,14.0,JAX,21.0,7.0
2005_09_OAK_KC,2005,REG,9,OAK,23.0,KC,27.0,4.0
2005_09_ATL_MIA,2005,REG,9,ATL,17.0,MIA,10.0,-7.0
2005_09_DET_MIN,2005,REG,9,DET,14.0,MIN,27.0,13.0
2005_09_SD_NYJ,2005,REG,9,SD,31.0,NYJ,26.0,-5.0
2005_09_CAR_TB,2005,REG,9,CAR,34.0,TB,14.0,-20.0
2005_09_SEA_ARI,2005,REG,9,SEA,33.0,ARI,19.0,-14.0
2005_09_CHI_NO,2005,REG,9,CHI,20.0,NO,17.0,-3.0
2005_09_NYG_SF,2005,REG,9,NYG,24.0,SF,6.0,-18.0
2005_09_PIT_GB,2005,REG,9,PIT,20.0,GB,10.0,-10.0
2005_09_PHI_WAS,2005,REG,9,PHI,10.0,WAS,17.0,7.0
2005_09_IND_NE,2005,REG,9,IND,40.0,NE,21.0,-19.0
2005_10_KC_BUF,2005,REG,10,KC,3.0,BUF,14.0,11.0
2005_10_SF_CHI,2005,REG,10,SF,9.0,CHI,17.0,8.0
2005_10_ARI_DET,2005,REG,10,ARI,21.0,DET,29.0,8.0
2005_10_HOU_IND,2005,REG,10,HOU,17.0,IND,31.0,14.0
2005_10_BAL_JAX,2005,REG,10,BAL,3.0,JAX,30.0,27.0
2005_10_NE_MIA,2005,REG,10,NE,23.0,MIA,16.0,-7.0
2005_10_MIN_NYG,2005,REG,10,MIN,24.0,NYG,21.0,-3.0
2005_10_NYJ_CAR,2005,REG,10,NYJ,3.0,CAR,30.0,27.0
2005_10_DEN_OAK,2005,REG,10,DEN,31.0,OAK,17.0,-14.0
2005_10_GB_ATL,2005,REG,10,GB,33.0,ATL,25.0,-8.0
2005_10_STL_SEA,2005,REG,10,STL,16.0,SEA,31.0,15.0
2005_10_WAS_TB,2005,REG,10,WAS,35.0,TB,36.0,1.0
2005_10_CLE_PIT,2005,REG,10,CLE,21.0,PIT,34.0,13.0
2005_10_DAL_PHI,2005,REG,10,DAL,21.0,PHI,20.0,-1.0
2005_11_TB_ATL,2005,REG,11,TB,30.0,ATL,27.0,-3.0
2005_11_PIT_BAL,2005,REG,11,PIT,13.0,BAL,16.0,3.0
2005_11_CAR_CHI,2005,REG,11,CAR,3.0,CHI,13.0,10.0
2005_11_MIA_CLE,2005,REG,11,MIA,0.0,CLE,22.0,22.0
2005_11_DET_DAL,2005,REG,11,DET,7.0,DAL,20.0,13.0
2005_11_NO_NE,2005,REG,11,NO,17.0,NE,24.0,7.0
2005_11_PHI_NYG,2005,REG,11,PHI,17.0,NYG,27.0,10.0
2005_11_ARI_STL,2005,REG,11,ARI,38.0,STL,28.0,-10.0
2005_11_JAX_TEN,2005,REG,11,JAX,31.0,TEN,28.0,-3.0
2005_11_OAK_WAS,2005,REG,11,OAK,16.0,WAS,13.0,-3.0
2005_11_SEA_SF,2005,REG,11,SEA,27.0,SF,25.0,-2.0
2005_11_IND_CIN,2005,REG,11,IND,45.0,CIN,37.0,-8.0
2005_11_NYJ_DEN,2005,REG,11,NYJ,0.0,DEN,27.0,27.0
2005_11_BUF_SD,2005,REG,11,BUF,10.0,SD,48.0,38.0
2005_11_KC_HOU,2005,REG,11,KC,45.0,HOU,17.0,-28.0
2005_11_MIN_GB,2005,REG,11,MIN,20.0,GB,17.0,-3.0
2005_12_ATL_DET,2005,REG,12,ATL,27.0,DET,7.0,-20.0
2005_12_DEN_DAL,2005,REG,12,DEN,24.0,DAL,21.0,-3.0
2005_12_CAR_BUF,2005,REG,12,CAR,13.0,BUF,9.0,-4.0
2005_12_BAL_CIN,2005,REG,12,BAL,29.0,CIN,42.0,13.0
2005_12_STL_HOU,2005,REG,12,STL,33.0,HOU,27.0,-6.0
2005_12_NE_KC,2005,REG,12,NE,16.0,KC,26.0,10.0
2005_12_CLE_MIN,2005,REG,12,CLE,12.0,MIN,24.0,12.0
2005_12_CHI_TB,2005,REG,12,CHI,13.0,TB,10.0,-3.0
2005_12_SF_TEN,2005,REG,12,SF,22.0,TEN,33.0,11.0
2005_12_SD_WAS,2005,REG,12,SD,23.0,WAS,17.0,-6.0
2005_12_JAX_ARI,2005,REG,12,JAX,24.0,ARI,17.0,-7.0
2005_12_MIA_OAK,2005,REG,12,MIA,33.0,OAK,21.0,-12.0
2005_12_GB_PHI,2005,REG,12,GB,14.0,PHI,19.0,5.0
2005_12_NYG_SEA,2005,REG,12,NYG,21.0,SEA,24.0,3.0
2005_12_NO_NYJ,2005,REG,12,NO,21.0,NYJ,19.0,-2.0
2005_12_PIT_IND,2005,REG,12,PIT,7.0,IND,26.0,19.0
2005_13_HOU_BAL,2005,REG,13,HOU,15.0,BAL,16.0,1.0
2005_13_ATL_CAR,2005,REG,13,ATL,6.0,CAR,24.0,18.0
2005_13_GB_CHI,2005,REG,13,GB,7.0,CHI,19.0,12.0
2005_13_JAX_CLE,2005,REG,13,JAX,20.0,CLE,14.0,-6.0
2005_13_MIN_DET,2005,REG,13,MIN,21.0,DET,16.0,-5.0
2005_13_TEN_IND,2005,REG,13,TEN,3.0,IND,35.0,32.0
2005_13_BUF_MIA,2005,REG,13,BUF,23.0,MIA,24.0,1.0
2005_13_TB_NO,2005,REG,13,TB,10.0,NO,3.0,-7.0
2005_13_DAL_NYG,2005,REG,13,DAL,10.0,NYG,17.0,7.0
2005_13_CIN_PIT,2005,REG,13,CIN,38.0,PIT,31.0,-7.0
2005_13_ARI_SF,2005,REG,13,ARI,17.0,SF,10.0,-7.0
2005_13_WAS_STL,2005,REG,13,WAS,24.0,STL,9.0,-15.0
2005_13_DEN_KC,2005,REG,13,DEN,27.0,KC,31.0,4.0
2005_13_NYJ_NE,2005,REG,13,NYJ,3.0,NE,16.0,13.0
2005_13_OAK_SD,2005,REG,13,OAK,10.0,SD,34.0,24.0
2005_13_SEA_PHI,2005,REG,13,SEA,42.0,PHI,0.0,-42.0
2005_14_NE_BUF,2005,REG,14,NE,35.0,BUF,7.0,-28.0
2005_14_TB_CAR,2005,REG,14,TB,20.0,CAR,10.0,-10.0
2005_14_CLE_CIN,2005,REG,14,CLE,20.0,CIN,23.0,3.0
2005_14_IND_JAX,2005,REG,14,IND,26.0,JAX,18.0,-8.0
2005_14_STL_MIN,2005,REG,14,STL,13.0,MIN,27.0,14.0
2005_14_OAK_NYJ,2005,REG,14,OAK,10.0,NYJ,26.0,16.0
2005_14_CHI_PIT,2005,REG,14,CHI,9.0,PIT,21.0,12.0
2005_14_HOU_TEN,2005,REG,14,HOU,10.0,TEN,13.0,3.0
2005_14_WAS_ARI,2005,REG,14,WAS,17.0,ARI,13.0,-4.0
2005_14_NYG_PHI,2005,REG,14,NYG,26.0,PHI,23.0,-3.0
2005_14_SF_SEA,2005,REG,14,SF,3.0,SEA,41.0,38.0
2005_14_KC_DAL,2005,REG,14,KC,28.0,DAL,31.0,3.0
2005_14_BAL_DEN,2005,REG,14,BAL,10.0,DEN,12.0,2.0
2005_14_MIA_SD,2005,REG,14,MIA,23.0,SD,21.0,-2.0
2005_14_DET_GB,2005,REG,14,DET,13.0,GB,16.0,3.0
2005_14_NO_ATL,2005,REG,14,NO,17.0,ATL,36.0,19.0
2005_15_TB_NE,2005,REG,15,TB,0.0,NE,28.0,28.0
2005_15_KC_NYG,2005,REG,15,KC,17.0,NYG,27.0,10.0
2005_15_DEN_BUF,2005,REG,15,DEN,28.0,BUF,17.0,-11.0
2005_15_ARI_HOU,2005,REG,15,ARI,19.0,HOU,30.0,11.0
2005_15_SD_IND,2005,REG,15,SD,26.0,IND,17.0,-9.0
2005_15_SF_JAX,2005,REG,15,SF,9.0,JAX,10.0,1.0
2005_15_NYJ_MIA,2005,REG,15,NYJ,20.0,MIA,24.0,4.0
2005_15_PIT_MIN,2005,REG,15,PIT,18.0,MIN,3.0,-15.0
2005_15_CAR_NO,2005,REG,15,CAR,27.0,NO,10.0,-17.0
2005_15_PHI_STL,2005,REG,15,PHI,17.0,STL,16.0,-1.0
2005_15_SEA_TEN,2005,REG,15,SEA,28.0,TEN,24.0,-4.0
2005_15_CIN_DET,2005,REG,15,CIN,41.0,DET,17.0,-24.0
2005_15_CLE_OAK,2005,REG,15,CLE,9.0,OAK,7.0,-2.0
2005_15_DAL_WAS,2005,REG,15,DAL,7.0,WAS,35.0,28.0
2005_15_ATL_CHI,2005,REG,15,ATL,3.0,CHI,16.0,13.0
2005_15_GB_BAL,2005,REG,15,GB,3.0,BAL,48.0,45.0
2005_16_DAL_CAR,2005,REG,16,DAL,24.0,CAR,20.0,-4.0
2005_16_BUF_CIN,2005,REG,16,BUF,37.0,CIN,27.0,-10.0
2005_16_PIT_CLE,2005,REG,16,PIT,41.0,CLE,0.0,-41.0
2005_16_JAX_HOU,2005,REG,16,JAX,38.0,HOU,20.0,-18.0
2005_16_SD_KC,2005,REG,16,SD,7.0,KC,20.0,13.0
2005_16_TEN_MIA,2005,REG,16,TEN,10.0,MIA,24.0,14.0
2005_16_DET_NO,2005,REG,16,DET,13.0,NO,12.0,-1.0
2005_16_SF_STL,2005,REG,16,SF,24.0,STL,20.0,-4.0
2005_16_ATL_TB,2005,REG,16,ATL,24.0,TB,27.0,3.0
2005_16_NYG_WAS,2005,REG,16,NYG,20.0,WAS,35.0,15.0
2005_16_PHI_ARI,2005,REG,16,PHI,21.0,ARI,27.0,6.0
2005_16_OAK_DEN,2005,REG,16,OAK,3.0,DEN,22.0,19.0
2005_16_IND_SEA,2005,REG,16,IND,13.0,SEA,28.0,15.0
2005_16_CHI_GB,2005,REG,16,CHI,24.0,GB,17.0,-7.0
2005_16_MIN_BAL,2005,REG,16,MIN,23.0,BAL,30.0,7.0
2005_16_NE_NYJ,2005,REG,16,NE,31.0,NYJ,21.0,-10.0
2005_17_DEN_SD,2005,REG,17,DEN,23.0,SD,7.0,-16.0
2005_17_NYG_OAK,2005,REG,17,NYG,30.0,OAK,21.0,-9.0
2005_17_CAR_ATL,2005,REG,17,CAR,44.0,ATL,11.0,-33.0
2005_17_BAL_CLE,2005,REG,17,BAL,16.0,CLE,20.0,4.0
2005_17_SEA_GB,2005,REG,17,SEA,17.0,GB,23.0,6.0
2005_17_ARI_IND,2005,REG,17,ARI,13.0,IND,17.0,4.0
2005_17_CIN_KC,2005,REG,17,CIN,3.0,KC,37.0,34.0
2005_17_MIA_NE,2005,REG,17,MIA,28.0,NE,26.0,-2.0
2005_17_BUF_NYJ,2005,REG,17,BUF,26.0,NYJ,30.0,4.0
2005_17_DET_PIT,2005,REG,17,DET,21.0,PIT,35.0,14.0
2005_17_NO_TB,2005,REG,17,NO,13.0,TB,27.0,14.0
2005_17_TEN_JAX,2005,REG,17,TEN,13.0,JAX,40.0,27.0
2005_17_HOU_SF,2005,REG,17,HOU,17.0,SF,20.0,3.0
2005_17_CHI_MIN,2005,REG,17,CHI,10.0,MIN,34.0,24.0
2005_17_WAS_PHI,2005,REG,17,WAS,31.0,PHI,20.0,-11.0
2005_17_STL_DAL,2005,REG,17,STL,20.0,DAL,10.0,-10.0
2005_18_WAS_TB,2005,WC,18,WAS,17.0,TB,10.0,-7.0
2005_18_JAX_NE,2005,WC,18,JAX,3.0,NE,28.0,25.0
2005_18_CAR_NYG,2005,WC,18,CAR,23.0,NYG,0.0,-23.0
2005_18_PIT_CIN,2005,WC,18,PIT,31.0,CIN,17.0,-14.0
2005_19_WAS_SEA,2005,DIV,19,WAS,10.0,SEA,20.0,10.0
2005_19_NE_DEN,2005,DIV,19,NE,13.0,DEN,27.0,14.0
2005_19_PIT_IND,2005,DIV,19,PIT,21.0,IND,18.0,-3.0
2005_19_CAR_CHI,2005,DIV,19,CAR,29.0,CHI,21.0,-8.0
2005_20_PIT_DEN,2005,CON,20,PIT,34.0,DEN,17.0,-17.0
2005_20_CAR_SEA,2005,CON,20,CAR,14.0,SEA,34.0,20.0
2005_21_SEA_PIT,2005,SB,21,SEA,10.0,PIT,21.0,11.0
2006_01_MIA_PIT,2006,REG,1,MIA,17.0,PIT,28.0,11.0
2006_01_ATL_CAR,2006,REG,1,ATL,20.0,CAR,6.0,-14.0
2006_01_NO_CLE,2006,REG,1,NO,19.0,CLE,14.0,-5.0
2006_01_SEA_DET,2006,REG,1,SEA,9.0,DET,6.0,-3.0
2006_01_PHI_HOU,2006,REG,1,PHI,24.0,HOU,10.0,-14.0
2006_01_CIN_KC,2006,REG,1,CIN,23.0,KC,10.0,-13.0
2006_01_BUF_NE,2006,REG,1,BUF,17.0,NE,19.0,2.0
2006_01_DEN_STL,2006,REG,1,DEN,10.0,STL,18.0,8.0
2006_01_BAL_TB,2006,REG,1,BAL,27.0,TB,0.0,-27.0
2006_01_NYJ_TEN,2006,REG,1,NYJ,23.0,TEN,16.0,-7.0
2006_01_SF_ARI,2006,REG,1,SF,27.0,ARI,34.0,7.0
2006_01_CHI_GB,2006,REG,1,CHI,26.0,GB,0.0,-26.0
2006_01_DAL_JAX,2006,REG,1,DAL,17.0,JAX,24.0,7.0
2006_01_IND_NYG,2006,REG,1,IND,26.0,NYG,21.0,-5.0
2006_01_MIN_WAS,2006,REG,1,MIN,19.0,WAS,16.0,-3.0
2006_01_SD_OAK,2006,REG,1,SD,27.0,OAK,0.0,-27.0
2006_02_TB_ATL,2006,REG,2,TB,3.0,ATL,14.0,11.0
2006_02_OAK_BAL,2006,REG,2,OAK,6.0,BAL,28.0,22.0
2006_02_DET_CHI,2006,REG,2,DET,7.0,CHI,34.0,27.0
2006_02_CLE_CIN,2006,REG,2,CLE,17.0,CIN,34.0,17.0
2006_02_NO_GB,2006,REG,2,NO,34.0,GB,27.0,-7.0
2006_02_HOU_IND,2006,REG,2,HOU,24.0,IND,43.0,19.0
2006_02_BUF_MIA,2006,REG,2,BUF,16.0,MIA,6.0,-10.0
2006_02_CAR_MIN,2006,REG,2,CAR,13.0,MIN,16.0,3.0
2006_02_NYG_PHI,2006,REG,2,NYG,30.0,PHI,24.0,-6.0
2006_02_ARI_SEA,2006,REG,2,ARI,10.0,SEA,21.0,11.0
2006_02_STL_SF,2006,REG,2,STL,13.0,SF,20.0,7.0
2006_02_KC_DEN,2006,REG,2,KC,6.0,DEN,9.0,3.0
2006_02_NE_NYJ,2006,REG,2,NE,24.0,NYJ,17.0,-7.0
2006_02_TEN_SD,2006,REG,2,TEN,7.0,SD,40.0,33.0
2006_02_WAS_DAL,2006,REG,2,WAS,10.0,DAL,27.0,17.0
2006_02_PIT_JAX,2006,REG,2,PIT,0.0,JAX,9.0,9.0
2006_03_NYJ_BUF,2006,REG,3,NYJ,28.0,BUF,20.0,-8.0
2006_03_GB_DET,2006,REG,3,GB,31.0,DET,24.0,-7.0
2006_03_WAS_HOU,2006,REG,3,WAS,31.0,HOU,15.0,-16.0
2006_03_JAX_IND,2006,REG,3,JAX,14.0,IND,21.0,7.0
2006_03_TEN_MIA,2006,REG,3,TEN,10.0,MIA,13.0,3.0
2006_03_CHI_MIN,2006,REG,3,CHI,19.0,MIN,16.0,-3.0
2006_03_CIN_PIT,2006,REG,3,CIN,28.0,PIT,20.0,-8.0
2006_03_CAR_TB,2006,REG,3,CAR,26.0,TB,24.0,-2.0
2006_03_BAL_CLE,2006,REG,3,BAL,15.0,CLE,14.0,-1.0
2006_03_STL_ARI,2006,REG,3,STL,16.0,ARI,14.0,-2.0
2006_03_NYG_SEA,2006,REG,3,NYG,30.0,SEA,42.0,12.0
2006_03_PHI_SF,2006,REG,3,PHI,38.0,SF,24.0,-14.0
2006_03_DEN_NE,2006,REG,3,DEN,17.0,NE,7.0,-10.0
2006_03_ATL_NO,2006,REG,3,ATL,3.0,NO,23.0,20.0
2006_04_ARI_ATL,2006,REG,4,ARI,10.0,ATL,32.0,22.0
2006_04_SD_BAL,2006,REG,4,SD,13.0,BAL,16.0,3.0
2006_04_MIN_BUF,2006,REG,4,MIN,12.0,BUF,17.0,5.0
2006_04_NO_CAR,2006,REG,4,NO,18.0,CAR,21.0,3.0
2006_04_MIA_HOU,2006,REG,4,MIA,15.0,HOU,17.0,2.0
2006_04_SF_KC,2006,REG,4,SF,0.0,KC,41.0,41.0
2006_04_IND_NYJ,2006,REG,4,IND,31.0,NYJ,28.0,-3.0
2006_04_DAL_TEN,2006,REG,4,DAL,45.0,TEN,14.0,-31.0
2006_04_DET_STL,2006,REG,4,DET,34.0,STL,41.0,7.0
2006_04_NE_CIN,2006,REG,4,NE,38.0,CIN,13.0,-25.0
2006_04_CLE_OAK,2006,REG,4,CLE,24.0,OAK,21.0,-3.0
2006_04_JAX_WAS,2006,REG,4,JAX,30.0,WAS,36.0,6.0
2006_04_SEA_CHI,2006,REG,4,SEA,6.0,CHI,37.0,31.0
2006_04_GB_PHI,2006,REG,4,GB,9.0,PHI,31.0,22.0
2006_05_CLE_CAR,2006,REG,5,CLE,12.0,CAR,20.0,8.0
2006_05_BUF_CHI,2006,REG,5,BUF,7.0,CHI,40.0,33.0
2006_05_STL_GB,2006,REG,5,STL,23.0,GB,20.0,-3.0
2006_05_TEN_IND,2006,REG,5,TEN,13.0,IND,14.0,1.0
2006_05_DET_MIN,2006,REG,5,DET,17.0,MIN,26.0,9.0
2006_05_MIA_NE,2006,REG,5,MIA,10.0,NE,20.0,10.0
2006_05_TB_NO,2006,REG,5,TB,21.0,NO,24.0,3.0
2006_05_WAS_NYG,2006,REG,5,WAS,3.0,NYG,19.0,16.0
2006_05_KC_ARI,2006,REG,5,KC,23.0,ARI,20.0,-3.0
2006_05_NYJ_JAX,2006,REG,5,NYJ,0.0,JAX,41.0,41.0
2006_05_OAK_SF,2006,REG,5,OAK,20.0,SF,34.0,14.0
2006_05_DAL_PHI,2006,REG,5,DAL,24.0,PHI,38.0,14.0
2006_05_PIT_SD,2006,REG,5,PIT,13.0,SD,23.0,10.0
2006_05_BAL_DEN,2006,REG,5,BAL,3.0,DEN,13.0,10.0
2006_06_NYG_ATL,2006,REG,6,NYG,27.0,ATL,14.0,-13.0
2006_06_CAR_BAL,2006,REG,6,CAR,23.0,BAL,21.0,-2.0
2006_06_HOU_DAL,2006,REG,6,HOU,6.0,DAL,34.0,28.0
2006_06_BUF_DET,2006,REG,6,BUF,17.0,DET,20.0,3.0
2006_06_PHI_NO,2006,REG,6,PHI,24.0,NO,27.0,3.0
2006_06_SEA_STL,2006,REG,6,SEA,30.0,STL,28.0,-2.0
2006_06_CIN_TB,2006,REG,6,CIN,13.0,TB,14.0,1.0
2006_06_TEN_WAS,2006,REG,6,TEN,25.0,WAS,22.0,-3.0
2006_06_MIA_NYJ,2006,REG,6,MIA,17.0,NYJ,20.0,3.0
2006_06_KC_PIT,2006,REG,6,KC,7.0,PIT,45.0,38.0
2006_06_SD_SF,2006,REG,6,SD,48.0,SF,19.0,-29.0
2006_06_OAK_DEN,2006,REG,6,OAK,3.0,DEN,13.0,10.0
2006_06_CHI_ARI,2006,REG,6,CHI,24.0,ARI,23.0,-1.0
2006_07_PIT_ATL,2006,REG,7,PIT,38.0,ATL,41.0,3.0
2006_07_NE_BUF,2006,REG,7,NE,28.0,BUF,6.0,-22.0
2006_07_CAR_CIN,2006,REG,7,CAR,14.0,CIN,17.0,3.0
2006_07_JAX_HOU,2006,REG,7,JAX,7.0,HOU,27.0,20.0
2006_07_SD_KC,2006,REG,7,SD,27.0,KC,30.0,3.0
2006_07_GB_MIA,2006,REG,7,GB,34.0,MIA,24.0,-10.0
2006_07_DET_NYJ,2006,REG,7,DET,24.0,NYJ,31.0,7.0
2006_07_PHI_TB,2006,REG,7,PHI,21.0,TB,23.0,2.0
2006_07_DEN_CLE,2006,REG,7,DEN,17.0,CLE,7.0,-10.0
2006_07_WAS_IND,2006,REG,7,WAS,22.0,IND,36.0,14.0
2006_07_ARI_OAK,2006,REG,7,ARI,9.0,OAK,22.0,13.0
2006_07_MIN_SEA,2006,REG,7,MIN,31.0,SEA,13.0,-18.0
2006_07_NYG_DAL,2006,REG,7,NYG,36.0,DAL,22.0,-14.0
2006_08_SF_CHI,2006,REG,8,SF,10.0,CHI,41.0,31.0
2006_08_ATL_CIN,2006,REG,8,ATL,29.0,CIN,27.0,-2.0
2006_08_ARI_GB,2006,REG,8,ARI,14.0,GB,31.0,17.0
2006_08_SEA_KC,2006,REG,8,SEA,28.0,KC,35.0,7.0
2006_08_BAL_NO,2006,REG,8,BAL,35.0,NO,22.0,-13.0
2006_08_TB_NYG,2006,REG,8,TB,3.0,NYG,17.0,14.0
2006_08_JAX_PHI,2006,REG,8,JAX,13.0,PHI,6.0,-7.0
2006_08_HOU_TEN,2006,REG,8,HOU,22.0,TEN,28.0,6.0
2006_08_STL_SD,2006,REG,8,STL,24.0,SD,38.0,14.0
2006_08_NYJ_CLE,2006,REG,8,NYJ,13.0,CLE,20.0,7.0
2006_08_IND_DEN,2006,REG,8,IND,34.0,DEN,31.0,-3.0
2006_08_PIT_OAK,2006,REG,8,PIT,13.0,OAK,20.0,7.0
2006_08_DAL_CAR,2006,REG,8,DAL,35.0,CAR,14.0,-21.0
2006_08_NE_MIN,2006,REG,8,NE,31.0,MIN,7.0,-24.0
2006_09_CIN_BAL,2006,REG,9,CIN,20.0,BAL,26.0,6.0
2006_09_GB_BUF,2006,REG,9,GB,10.0,BUF,24.0,14.0
2006_09_MIA_CHI,2006,REG,9,MIA,31.0,CHI,13.0,-18.0
2006_09_ATL_DET,2006,REG,9,ATL,14.0,DET,30.0,16.0
2006_09_TEN_JAX,2006,REG,9,TEN,7.0,JAX,37.0,30.0
2006_09_HOU_NYG,2006,REG,9,HOU,10.0,NYG,14.0,4.0
2006_09_KC_STL,2006,REG,9,KC,31.0,STL,17.0,-14.0
2006_09_NO_TB,2006,REG,9,NO,31.0,TB,14.0,-17.0
2006_09_DAL_WAS,2006,REG,9,DAL,19.0,WAS,22.0,3.0
2006_09_MIN_SF,2006,REG,9,MIN,3.0,SF,9.0,6.0
2006_09_DEN_PIT,2006,REG,9,DEN,31.0,PIT,20.0,-11.0
2006_09_CLE_SD,2006,REG,9,CLE,25.0,SD,32.0,7.0
2006_09_IND_NE,2006,REG,9,IND,27.0,NE,20.0,-7.0
2006_09_OAK_SEA,2006,REG,9,OAK,0.0,SEA,16.0,16.0
2006_10_CLE_ATL,2006,REG,10,CLE,17.0,ATL,13.0,-4.0
2006_10_SD_CIN,2006,REG,10,SD,49.0,CIN,41.0,-8.0
2006_10_SF_DET,2006,REG,10,SF,19.0,DET,13.0,-6.0
2006_10_BUF_IND,2006,REG,10,BUF,16.0,IND,17.0,1.0
2006_10_HOU_JAX,2006,REG,10,HOU,13.0,JAX,10.0,-3.0
2006_10_KC_MIA,2006,REG,10,KC,10.0,MIA,13.0,3.0
2006_10_GB_MIN,2006,REG,10,GB,23.0,MIN,17.0,-6.0
2006_10_NYJ_NE,2006,REG,10,NYJ,17.0,NE,14.0,-3.0
2006_10_WAS_PHI,2006,REG,10,WAS,3.0,PHI,27.0,24.0
2006_10_BAL_TEN,2006,REG,10,BAL,27.0,TEN,26.0,-1.0
2006_10_DEN_OAK,2006,REG,10,DEN,17.0,OAK,13.0,-4.0
2006_10_DAL_ARI,2006,REG,10,DAL,27.0,ARI,10.0,-17.0
2006_10_NO_PIT,2006,REG,10,NO,31.0,PIT,38.0,7.0
2006_10_STL_SEA,2006,REG,10,STL,22.0,SEA,24.0,2.0
2006_10_CHI_NYG,2006,REG,10,CHI,38.0,NYG,20.0,-18.0
2006_10_TB_CAR,2006,REG,10,TB,10.0,CAR,24.0,14.0
2006_11_ATL_BAL,2006,REG,11,ATL,10.0,BAL,24.0,14.0
2006_11_STL_CAR,2006,REG,11,STL,0.0,CAR,15.0,15.0
2006_11_PIT_CLE,2006,REG,11,PIT,24.0,CLE,20.0,-4.0
2006_11_NE_GB,2006,REG,11,NE,35.0,GB,0.0,-35.0
2006_11_BUF_HOU,2006,REG,11,BUF,24.0,HOU,21.0,-3.0
2006_11_OAK_KC,2006,REG,11,OAK,13.0,KC,17.0,4.0
2006_11_MIN_MIA,2006,REG,11,MIN,20.0,MIA,24.0,4.0
2006_11_CIN_NO,2006,REG,11,CIN,31.0,NO,16.0,-15.0
2006_11_CHI_NYJ,2006,REG,11,CHI,10.0,NYJ,0.0,-10.0
2006_11_TEN_PHI,2006,REG,11,TEN,31.0,PHI,13.0,-18.0
2006_11_WAS_TB,2006,REG,11,WAS,17.0,TB,20.0,3.0
2006_11_DET_ARI,2006,REG,11,DET,10.0,ARI,17.0,7.0
2006_11_SEA_SF,2006,REG,11,SEA,14.0,SF,20.0,6.0
2006_11_IND_DAL,2006,REG,11,IND,14.0,DAL,21.0,7.0
2006_11_SD_DEN,2006,REG,11,SD,35.0,DEN,27.0,-8.0
2006_11_NYG_JAX,2006,REG,11,NYG,10.0,JAX,26.0,16.0
2006_12_MIA_DET,2006,REG,12,MIA,27.0,DET,10.0,-17.0
2006_12_TB_DAL,2006,REG,12,TB,10.0,DAL,38.0,28.0
2006_12_DEN_KC,2006,REG,12,DEN,10.0,KC,19.0,9.0
2006_12_NO_ATL,2006,REG,12,NO,31.0,ATL,13.0,-18.0
2006_12_PIT_BAL,2006,REG,12,PIT,0.0,BAL,27.0,27.0
2006_12_JAX_BUF,2006,REG,12,JAX,24.0,BUF,27.0,3.0
2006_12_CIN_CLE,2006,REG,12,CIN,30.0,CLE,0.0,-30.0
2006_12_ARI_MIN,2006,REG,12,ARI,26.0,MIN,31.0,5.0
2006_12_HOU_NYJ,2006,REG,12,HOU,11.0,NYJ,26.0,15.0
2006_12_SF_STL,2006,REG,12,SF,17.0,STL,20.0,3.0
2006_12_CAR_WAS,2006,REG,12,CAR,13.0,WAS,17.0,4.0
2006_12_OAK_SD,2006,REG,12,OAK,14.0,SD,21.0,7.0
2006_12_CHI_NE,2006,REG,12,CHI,13.0,NE,17.0,4.0
2006_12_NYG_TEN,2006,REG,12,NYG,21.0,TEN,24.0,3.0
2006_12_PHI_IND,2006,REG,12,PHI,21.0,IND,45.0,24.0
2006_12_GB_SEA,2006,REG,12,GB,24.0,SEA,34.0,10.0
2006_13_BAL_CIN,2006,REG,13,BAL,7.0,CIN,13.0,6.0
2006_13_SD_BUF,2006,REG,13,SD,24.0,BUF,21.0,-3.0
2006_13_MIN_CHI,2006,REG,13,MIN,13.0,CHI,23.0,10.0
2006_13_KC_CLE,2006,REG,13,KC,28.0,CLE,31.0,3.0
2006_13_NYJ_GB,2006,REG,13,NYJ,38.0,GB,10.0,-28.0
2006_13_DET_NE,2006,REG,13,DET,21.0,NE,28.0,7.0
2006_13_SF_NO,2006,REG,13,SF,10.0,NO,34.0,24.0
2006_13_ARI_STL,2006,REG,13,ARI,34.0,STL,20.0,-14.0
2006_13_IND_TEN,2006,REG,13,IND,17.0,TEN,20.0,3.0
2006_13_ATL_WAS,2006,REG,13,ATL,24.0,WAS,14.0,-10.0
2006_13_JAX_MIA,2006,REG,13,JAX,24.0,MIA,10.0,-14.0
2006_13_HOU_OAK,2006,REG,13,HOU,23.0,OAK,14.0,-9.0
2006_13_DAL_NYG,2006,REG,13,DAL,23.0,NYG,20.0,-3.0
2006_13_TB_PIT,2006,REG,13,TB,3.0,PIT,20.0,17.0
2006_13_SEA_DEN,2006,REG,13,SEA,23.0,DEN,20.0,-3.0
2006_13_CAR_PHI,2006,REG,13,CAR,24.0,PHI,27.0,3.0
2006_14_CLE_PIT,2006,REG,14,CLE,7.0,PIT,27.0,20.0
2006_14_NYG_CAR,2006,REG,14,NYG,27.0,CAR,13.0,-14.0
2006_14_OAK_CIN,2006,REG,14,OAK,10.0,CIN,27.0,17.0
2006_14_MIN_DET,2006,REG,14,MIN,30.0,DET,20.0,-10.0
2006_14_TEN_HOU,2006,REG,14,TEN,26.0,HOU,20.0,-6.0
2006_14_IND_JAX,2006,REG,14,IND,17.0,JAX,44.0,27.0
2006_14_BAL_KC,2006,REG,14,BAL,20.0,KC,10.0,-10.0
2006_14_NE_MIA,2006,REG,14,NE,0.0,MIA,21.0,21.0
2006_14_ATL_TB,2006,REG,14,ATL,17.0,TB,6.0,-11.0
2006_14_PHI_WAS,2006,REG,14,PHI,21.0,WAS,19.0,-2.0
2006_14_SEA_ARI,2006,REG,14,SEA,21.0,ARI,27.0,6.0
2006_14_GB_SF,2006,REG,14,GB,30.0,SF,19.0,-11.0
2006_14_BUF_NYJ,2006,REG,14,BUF,31.0,NYJ,13.0,-18.0
2006_14_DEN_SD,2006,REG,14,DEN,20.0,SD,48.0,28.0
2006_14_NO_DAL,2006,REG,14,NO,42.0,DAL,17.0,-25.0
2006_14_CHI_STL,2006,REG,14,CHI,42.0,STL,27.0,-15.0
2006_15_SF_SEA,2006,REG,15,SF,24.0,SEA,14.0,-10.0
2006_15_DAL_ATL,2006,REG,15,DAL,38.0,ATL,28.0,-10.0
2006_15_CLE_BAL,2006,REG,15,CLE,17.0,BAL,27.0,10.0
2006_15_MIA_BUF,2006,REG,15,MIA,0.0,BUF,21.0,21.0
2006_15_PIT_CAR,2006,REG,15,PIT,37.0,CAR,3.0,-34.0
2006_15_TB_CHI,2006,REG,15,TB,31.0,CHI,34.0,3.0
2006_15_DET_GB,2006,REG,15,DET,9.0,GB,17.0,8.0
2006_15_NYJ_MIN,2006,REG,15,NYJ,26.0,MIN,13.0,-13.0
2006_15_HOU_NE,2006,REG,15,HOU,7.0,NE,40.0,33.0
2006_15_WAS_NO,2006,REG,15,WAS,16.0,NO,10.0,-6.0
2006_15_JAX_TEN,2006,REG,15,JAX,17.0,TEN,24.0,7.0
2006_15_DEN_ARI,2006,REG,15,DEN,37.0,ARI,20.0,-17.0
2006_15_PHI_NYG,2006,REG,15,PHI,36.0,NYG,22.0,-14.0
2006_15_STL_OAK,2006,REG,15,STL,20.0,OAK,0.0,-20.0
2006_15_KC_SD,2006,REG,15,KC,9.0,SD,20.0,11.0
2006_15_CIN_IND,2006,REG,15,CIN,16.0,IND,34.0,18.0
2006_16_MIN_GB,2006,REG,16,MIN,7.0,GB,9.0,2.0
2006_16_KC_OAK,2006,REG,16,KC,20.0,OAK,9.0,-11.0
2006_16_CAR_ATL,2006,REG,16,CAR,10.0,ATL,3.0,-7.0
2006_16_TEN_BUF,2006,REG,16,TEN,30.0,BUF,29.0,-1.0
2006_16_TB_CLE,2006,REG,16,TB,22.0,CLE,7.0,-15.0
2006_16_CHI_DET,2006,REG,16,CHI,26.0,DET,21.0,-5.0
2006_16_IND_HOU,2006,REG,16,IND,24.0,HOU,27.0,3.0
2006_16_NE_JAX,2006,REG,16,NE,24.0,JAX,21.0,-3.0
2006_16_NO_NYG,2006,REG,16,NO,30.0,NYG,7.0,-23.0
2006_16_BAL_PIT,2006,REG,16,BAL,31.0,PIT,7.0,-24.0
2006_16_WAS_STL,2006,REG,16,WAS,31.0,STL,37.0,6.0
2006_16_ARI_SF,2006,REG,16,ARI,26.0,SF,20.0,-6.0
2006_16_CIN_DEN,2006,REG,16,CIN,23.0,DEN,24.0,1.0
2006_16_SD_SEA,2006,REG,16,SD,20.0,SEA,17.0,-3.0
2006_16_PHI_DAL,2006,REG,16,PHI,23.0,DAL,7.0,-16.0
2006_16_NYJ_MIA,2006,REG,16,NYJ,13.0,MIA,10.0,-3.0
2006_17_NYG_WAS,2006,REG,17,NYG,34.0,WAS,28.0,-6.0
2006_17_PIT_CIN,2006,REG,17,PIT,23.0,CIN,17.0,-6.0
2006_17_DET_DAL,2006,REG,17,DET,39.0,DAL,31.0,-8.0
2006_17_CLE_HOU,2006,REG,17,CLE,6.0,HOU,14.0,8.0
2006_17_JAX_KC,2006,REG,17,JAX,30.0,KC,35.0,5.0
2006_17_STL_MIN,2006,REG,17,STL,41.0,MIN,21.0,-20.0
2006_17_CAR_NO,2006,REG,17,CAR,31.0,NO,21.0,-10.0
2006_17_OAK_NYJ,2006,REG,17,OAK,3.0,NYJ,23.0,20.0
2006_17_SEA_TB,2006,REG,17,SEA,23.0,TB,7.0,-16.0
2006_17_NE_TEN,2006,REG,17,NE,40.0,TEN,23.0,-17.0
2006_17_BUF_BAL,2006,REG,17,BUF,7.0,BAL,19.0,12.0
2006_17_SF_DEN,2006,REG,17,SF,26.0,DEN,23.0,-3.0
2006_17_MIA_IND,2006,REG,17,MIA,22.0,IND,27.0,5.0
2006_17_ATL_PHI,2006,REG,17,ATL,17.0,PHI,24.0,7.0
2006_17_ARI_SD,2006,REG,17,ARI,20.0,SD,27.0,7.0
2006_17_GB_CHI,2006,REG,17,GB,26.0,CHI,7.0,-19.0
2006_18_KC_IND,2006,WC,18,KC,8.0,IND,23.0,15.0
2006_18_DAL_SEA,2006,WC,18,DAL,20.0,SEA,21.0,1.0
2006_18_NYJ_NE,2006,WC,18,NYJ,16.0,NE,37.0,21.0
2006_18_NYG_PHI,2006,WC,18,NYG,20.0,PHI,23.0,3.0
2006_19_IND_BAL,2006,DIV,19,IND,15.0,BAL,6.0,-9.0
2006_19_PHI_NO,2006,DIV,19,PHI,24.0,NO,27.0,3.0
2006_19_SEA_CHI,2006,DIV,19,SEA,24.0,CHI,27.0,3.0
2006_19_NE_SD,2006,DIV,19,NE,24.0,SD,21.0,-3.0
2006_20_NO_CHI,2006,CON,20,NO,14.0,CHI,39.0,25.0
2006_20_NE_IND,2006,CON,20,NE,34.0,IND,38.0,4.0
2006_21_IND_CHI,2006,SB,21,IND,29.0,CHI,17.0,-12.0
2007_01_NO_IND,2007,REG,1,NO,10.0,IND,41.0,31.0
2007_01_DEN_BUF,2007,REG,1,DEN,15.0,BUF,14.0,-1.0
2007_01_PIT_CLE,2007,REG,1,PIT,34.0,CLE,7.0,-27.0
2007_01_PHI_GB,2007,REG,1,PHI,13.0,GB,16.0,3.0
2007_01_KC_HOU,2007,REG,1,KC,3.0,HOU,20.0,17.0
2007_01_TEN_JAX,2007,REG,1,TEN,13.0,JAX,10.0,-3.0
2007_01_ATL_MIN,2007,REG,1,ATL,3.0,MIN,24.0,21.0
2007_01_NE_NYJ,2007,REG,1,NE,38.0,NYJ,14.0,-24.0
2007_01_CAR_STL,2007,REG,1,CAR,27.0,STL,13.0,-14.0
2007_01_MIA_WAS,2007,REG,1,MIA,13.0,WAS,16.0,3.0
2007_01_DET_OAK,2007,REG,1,DET,36.0,OAK,21.0,-15.0
2007_01_CHI_SD,2007,REG,1,CHI,3.0,SD,14.0,11.0
2007_01_TB_SEA,2007,REG,1,TB,6.0,SEA,20.0,14.0
2007_01_NYG_DAL,2007,REG,1,NYG,35.0,DAL,45.0,10.0
2007_01_BAL_CIN,2007,REG,1,BAL,20.0,CIN,27.0,7.0
2007_01_ARI_SF,2007,REG,1,ARI,17.0,SF,20.0,3.0
2007_02_HOU_CAR,2007,REG,2,HOU,34.0,CAR,21.0,-13.0
2007_02_CIN_CLE,2007,REG,2,CIN,45.0,CLE,51.0,6.0
2007_02_ATL_JAX,2007,REG,2,ATL,7.0,JAX,13.0,6.0
2007_02_GB_NYG,2007,REG,2,GB,35.0,NYG,13.0,-22.0
2007_02_BUF_PIT,2007,REG,2,BUF,3.0,PIT,26.0,23.0
2007_02_SF_STL,2007,REG,2,SF,17.0,STL,16.0,-1.0
2007_02_NO_TB,2007,REG,2,NO,14.0,TB,31.0,17.0
2007_02_IND_TEN,2007,REG,2,IND,22.0,TEN,20.0,-2.0
2007_02_SEA_ARI,2007,REG,2,SEA,20.0,ARI,23.0,3.0
2007_02_MIN_DET,2007,REG,2,MIN,17.0,DET,20.0,3.0
2007_02_DAL_MIA,2007,REG,2,DAL,37.0,MIA,20.0,-17.0
2007_02_NYJ_BAL,2007,REG,2,NYJ,13.0,BAL,20.0,7.0
2007_02_KC_CHI,2007,REG,2,KC,10.0,CHI,20.0,10.0
2007_02_OAK_DEN,2007,REG,2,OAK,20.0,DEN,23.0,3.0
2007_02_SD_NE,2007,REG,2,SD,14.0,NE,38.0,24.0
2007_02_WAS_PHI,2007,REG,2,WAS,20.0,PHI,12.0,-8.0
2007_03_ARI_BAL,2007,REG,3,ARI,23.0,BAL,26.0,3.0
2007_03_SD_GB,2007,REG,3,SD,24.0,GB,31.0,7.0
2007_03_IND_HOU,2007,REG,3,IND,30.0,HOU,24.0,-6.0
2007_03_MIN_KC,2007,REG,3,MIN,10.0,KC,13.0,3.0
2007_03_BUF_NE,2007,REG,3,BUF,7.0,NE,38.0,31.0
2007_03_MIA_NYJ,2007,REG,3,MIA,28.0,NYJ,31.0,3.0
2007_03_DET_PHI,2007,REG,3,DET,21.0,PHI,56.0,35.0
2007_03_SF_PIT,2007,REG,3,SF,16.0,PIT,37.0,21.0
2007_03_STL_TB,2007,REG,3,STL,3.0,TB,24.0,21.0
2007_03_JAX_DEN,2007,REG,3,JAX,23.0,DEN,14.0,-9.0
2007_03_CLE_OAK,2007,REG,3,CLE,24.0,OAK,26.0,2.0
2007_03_CIN_SEA,2007,REG,3,CIN,21.0,SEA,24.0,3.0
2007_03_CAR_ATL,2007,REG,3,CAR,27.0,ATL,20.0,-7.0
2007_03_NYG_WAS,2007,REG,3,NYG,24.0,WAS,17.0,-7.0
2007_03_DAL_CHI,2007,REG,3,DAL,34.0,CHI,10.0,-24.0
2007_03_TEN_NO,2007,REG,3,TEN,31.0,NO,14.0,-17.0
2007_04_HOU_ATL,2007,REG,4,HOU,16.0,ATL,26.0,10.0
2007_04_NYJ_BUF,2007,REG,4,NYJ,14.0,BUF,17.0,3.0
2007_04_BAL_CLE,2007,REG,4,BAL,13.0,CLE,27.0,14.0
2007_04_STL_DAL,2007,REG,4,STL,7.0,DAL,35.0,28.0
2007_04_CHI_DET,2007,REG,4,CHI,27.0,DET,37.0,10.0
2007_04_OAK_MIA,2007,REG,4,OAK,35.0,MIA,17.0,-18.0
2007_04_GB_MIN,2007,REG,4,GB,23.0,MIN,16.0,-7.0
2007_04_TB_CAR,2007,REG,4,TB,20.0,CAR,7.0,-13.0
2007_04_SEA_SF,2007,REG,4,SEA,23.0,SF,3.0,-20.0
2007_04_PIT_ARI,2007,REG,4,PIT,14.0,ARI,21.0,7.0
2007_04_DEN_IND,2007,REG,4,DEN,20.0,IND,38.0,18.0
2007_04_KC_SD,2007,REG,4,KC,30.0,SD,16.0,-14.0
2007_04_PHI_NYG,2007,REG,4,PHI,3.0,NYG,16.0,13.0
2007_04_NE_CIN,2007,REG,4,NE,34.0,CIN,13.0,-21.0
2007_05_MIA_HOU,2007,REG,5,MIA,19.0,HOU,22.0,3.0
2007_05_JAX_KC,2007,REG,5,JAX,17.0,KC,7.0,-10.0
2007_05_CLE_NE,2007,REG,5,CLE,17.0,NE,34.0,17.0
2007_05_CAR_NO,2007,REG,5,CAR,16.0,NO,13.0,-3.0
2007_05_NYJ_NYG,2007,REG,5,NYJ,24.0,NYG,35.0,11.0
2007_05_SEA_PIT,2007,REG,5,SEA,0.0,PIT,21.0,21.0
2007_05_ARI_STL,2007,REG,5,ARI,34.0,STL,31.0,-3.0
2007_05_ATL_TEN,2007,REG,5,ATL,13.0,TEN,20.0,7.0
2007_05_DET_WAS,2007,REG,5,DET,3.0,WAS,34.0,31.0
2007_05_TB_IND,2007,REG,5,TB,14.0,IND,33.0,19.0
2007_05_SD_DEN,2007,REG,5,SD,41.0,DEN,3.0,-38.0
2007_05_BAL_SF,2007,REG,5,BAL,9.0,SF,7.0,-2.0
2007_05_CHI_GB,2007,REG,5,CHI,27.0,GB,20.0,-7.0
2007_05_DAL_BUF,2007,REG,5,DAL,25.0,BUF,24.0,-1.0
2007_06_STL_BAL,2007,REG,6,STL,3.0,BAL,22.0,19.0
2007_06_MIN_CHI,2007,REG,6,MIN,34.0,CHI,31.0,-3.0
2007_06_MIA_CLE,2007,REG,6,MIA,31.0,CLE,41.0,10.0
2007_06_WAS_GB,2007,REG,6,WAS,14.0,GB,17.0,3.0
2007_06_HOU_JAX,2007,REG,6,HOU,17.0,JAX,37.0,20.0
2007_06_CIN_KC,2007,REG,6,CIN,20.0,KC,27.0,7.0
2007_06_PHI_NYJ,2007,REG,6,PHI,16.0,NYJ,9.0,-7.0
2007_06_TEN_TB,2007,REG,6,TEN,10.0,TB,13.0,3.0
2007_06_CAR_ARI,2007,REG,6,CAR,25.0,ARI,10.0,-15.0
2007_06_NE_DAL,2007,REG,6,NE,48.0,DAL,27.0,-21.0
2007_06_OAK_SD,2007,REG,6,OAK,14.0,SD,28.0,14.0
2007_06_NO_SEA,2007,REG,6,NO,28.0,SEA,17.0,-11.0
2007_06_NYG_ATL,2007,REG,6,NYG,31.0,ATL,10.0,-21.0
2007_07_BAL_BUF,2007,REG,7,BAL,14.0,BUF,19.0,5.0
2007_07_TB_DET,2007,REG,7,TB,16.0,DET,23.0,7.0
2007_07_TEN_HOU,2007,REG,7,TEN,38.0,HOU,36.0,-2.0
2007_07_NE_MIA,2007,REG,7,NE,49.0,MIA,28.0,-21.0
2007_07_ATL_NO,2007,REG,7,ATL,16.0,NO,22.0,6.0
2007_07_SF_NYG,2007,REG,7,SF,15.0,NYG,33.0,18.0
2007_07_ARI_WAS,2007,REG,7,ARI,19.0,WAS,21.0,2.0
2007_07_NYJ_CIN,2007,REG,7,NYJ,31.0,CIN,38.0,7.0
2007_07_KC_OAK,2007,REG,7,KC,12.0,OAK,10.0,-2.0
2007_07_MIN_DAL,2007,REG,7,MIN,14.0,DAL,24.0,10.0
2007_07_CHI_PHI,2007,REG,7,CHI,19.0,PHI,16.0,-3.0
2007_07_STL_SEA,2007,REG,7,STL,6.0,SEA,33.0,27.0
2007_07_PIT_DEN,2007,REG,7,PIT,28.0,DEN,31.0,3.0
2007_07_IND_JAX,2007,REG,7,IND,29.0,JAX,7.0,-22.0
2007_08_IND_CAR,2007,REG,8,IND,31.0,CAR,7.0,-24.0
2007_08_DET_CHI,2007,REG,8,DET,16.0,CHI,7.0,-9.0
2007_08_PIT_CIN,2007,REG,8,PIT,24.0,CIN,13.0,-11.0
2007_08_NYG_MIA,2007,REG,8,NYG,13.0,MIA,10.0,-3.0
2007_08_PHI_MIN,2007,REG,8,PHI,23.0,MIN,16.0,-7.0
2007_08_CLE_STL,2007,REG,8,CLE,27.0,STL,20.0,-7.0
2007_08_OAK_TEN,2007,REG,8,OAK,9.0,TEN,13.0,4.0
2007_08_BUF_NYJ,2007,REG,8,BUF,13.0,NYJ,3.0,-10.0
2007_08_HOU_SD,2007,REG,8,HOU,10.0,SD,35.0,25.0
2007_08_JAX_TB,2007,REG,8,JAX,24.0,TB,23.0,-1.0
2007_08_WAS_NE,2007,REG,8,WAS,7.0,NE,52.0,45.0
2007_08_NO_SF,2007,REG,8,NO,31.0,SF,10.0,-21.0
2007_08_GB_DEN,2007,REG,8,GB,19.0,DEN,13.0,-6.0
2007_09_SF_ATL,2007,REG,9,SF,16.0,ATL,20.0,4.0
2007_09_CIN_BUF,2007,REG,9,CIN,21.0,BUF,33.0,12.0
2007_09_DEN_DET,2007,REG,9,DEN,7.0,DET,44.0,37.0
2007_09_GB_KC,2007,REG,9,GB,33.0,KC,22.0,-11.0
2007_09_SD_MIN,2007,REG,9,SD,17.0,MIN,35.0,18.0
2007_09_JAX_NO,2007,REG,9,JAX,24.0,NO,41.0,17.0
2007_09_WAS_NYJ,2007,REG,9,WAS,23.0,NYJ,20.0,-3.0
2007_09_ARI_TB,2007,REG,9,ARI,10.0,TB,17.0,7.0
2007_09_CAR_TEN,2007,REG,9,CAR,7.0,TEN,20.0,13.0
2007_09_SEA_CLE,2007,REG,9,SEA,30.0,CLE,33.0,3.0
2007_09_NE_IND,2007,REG,9,NE,24.0,IND,20.0,-4.0
2007_09_HOU_OAK,2007,REG,9,HOU,24.0,OAK,17.0,-7.0
2007_09_DAL_PHI,2007,REG,9,DAL,38.0,PHI,17.0,-21.0
2007_09_BAL_PIT,2007,REG,9,BAL,7.0,PIT,38.0,31.0
2007_10_ATL_CAR,2007,REG,10,ATL,20.0,CAR,13.0,-7.0
2007_10_MIN_GB,2007,REG,10,MIN,0.0,GB,34.0,34.0
2007_10_DEN_KC,2007,REG,10,DEN,27.0,KC,11.0,-16.0
2007_10_BUF_MIA,2007,REG,10,BUF,13.0,MIA,10.0,-3.0
2007_10_STL_NO,2007,REG,10,STL,37.0,NO,29.0,-8.0
2007_10_CLE_PIT,2007,REG,10,CLE,28.0,PIT,31.0,3.0
2007_10_JAX_TEN,2007,REG,10,JAX,28.0,TEN,13.0,-15.0
2007_10_PHI_WAS,2007,REG,10,PHI,33.0,WAS,25.0,-8.0
2007_10_CIN_BAL,2007,REG,10,CIN,21.0,BAL,7.0,-14.0
2007_10_DET_ARI,2007,REG,10,DET,21.0,ARI,31.0,10.0
2007_10_DAL_NYG,2007,REG,10,DAL,31.0,NYG,20.0,-11.0
2007_10_CHI_OAK,2007,REG,10,CHI,17.0,OAK,6.0,-11.0
2007_10_IND_SD,2007,REG,10,IND,21.0,SD,23.0,2.0
2007_10_SF_SEA,2007,REG,10,SF,0.0,SEA,24.0,24.0
2007_11_TB_ATL,2007,REG,11,TB,31.0,ATL,7.0,-24.0
2007_11_CLE_BAL,2007,REG,11,CLE,33.0,BAL,30.0,-3.0
2007_11_ARI_CIN,2007,REG,11,ARI,35.0,CIN,27.0,-8.0
2007_11_NYG_DET,2007,REG,11,NYG,16.0,DET,10.0,-6.0
2007_11_CAR_GB,2007,REG,11,CAR,17.0,GB,31.0,14.0
2007_11_NO_HOU,2007,REG,11,NO,10.0,HOU,23.0,13.0
2007_11_KC_IND,2007,REG,11,KC,10.0,IND,13.0,3.0
2007_11_SD_JAX,2007,REG,11,SD,17.0,JAX,24.0,7.0
2007_11_OAK_MIN,2007,REG,11,OAK,22.0,MIN,29.0,7.0
2007_11_MIA_PHI,2007,REG,11,MIA,7.0,PHI,17.0,10.0
2007_11_PIT_NYJ,2007,REG,11,PIT,16.0,NYJ,19.0,3.0
2007_11_WAS_DAL,2007,REG,11,WAS,23.0,DAL,28.0,5.0
2007_11_CHI_SEA,2007,REG,11,CHI,23.0,SEA,30.0,7.0
2007_11_STL_SF,2007,REG,11,STL,13.0,SF,9.0,-4.0
2007_11_NE_BUF,2007,REG,11,NE,56.0,BUF,10.0,-46.0
2007_11_TEN_DEN,2007,REG,11,TEN,20.0,DEN,34.0,14.0
2007_12_GB_DET,2007,REG,12,GB,37.0,DET,26.0,-11.0
2007_12_NYJ_DAL,2007,REG,12,NYJ,3.0,DAL,34.0,31.0
2007_12_IND_ATL,2007,REG,12,IND,31.0,ATL,13.0,-18.0
2007_12_NO_CAR,2007,REG,12,NO,31.0,CAR,6.0,-25.0
2007_12_TEN_CIN,2007,REG,12,TEN,6.0,CIN,35.0,29.0
2007_12_HOU_CLE,2007,REG,12,HOU,17.0,CLE,27.0,10.0
2007_12_BUF_JAX,2007,REG,12,BUF,14.0,JAX,36.0,22.0
2007_12_OAK_KC,2007,REG,12,OAK,20.0,KC,17.0,-3.0
2007_12_MIN_NYG,2007,REG,12,MIN,41.0,NYG,17.0,-24.0
2007_12_SEA_STL,2007,REG,12,SEA,24.0,STL,19.0,-5.0
2007_12_WAS_TB,2007,REG,12,WAS,13.0,TB,19.0,6.0
2007_12_SF_ARI,2007,REG,12,SF,37.0,ARI,31.0,-6.0
2007_12_DEN_CHI,2007,REG,12,DEN,34.0,CHI,37.0,3.0
2007_12_BAL_SD,2007,REG,12,BAL,14.0,SD,32.0,18.0
2007_12_PHI_NE,2007,REG,12,PHI,28.0,NE,31.0,3.0
2007_12_MIA_PIT,2007,REG,12,MIA,0.0,PIT,3.0,3.0
2007_13_GB_DAL,2007,REG,13,GB,27.0,DAL,37.0,10.0
2007_13_SF_CAR,2007,REG,13,SF,14.0,CAR,31.0,17.0
2007_13_JAX_IND,2007,REG,13,JAX,25.0,IND,28.0,3.0
2007_13_SD_KC,2007,REG,13,SD,24.0,KC,10.0,-14.0
2007_13_NYJ_MIA,2007,REG,13,NYJ,40.0,MIA,13.0,-27.0
2007_13_DET_MIN,2007,REG,13,DET,10.0,MIN,42.0,32.0
2007_13_SEA_PHI,2007,REG,13,SEA,28.0,PHI,24.0,-4.0
2007_13_ATL_STL,2007,REG,13,ATL,16.0,STL,28.0,12.0
2007_13_HOU_TEN,2007,REG,13,HOU,20.0,TEN,28.0,8.0
2007_13_BUF_WAS,2007,REG,13,BUF,17.0,WAS,16.0,-1.0
2007_13_CLE_ARI,2007,REG,13,CLE,21.0,ARI,27.0,6.0
2007_13_DEN_OAK,2007,REG,13,DEN,20.0,OAK,34.0,14.0
2007_13_NYG_CHI,2007,REG,13,NYG,21.0,CHI,16.0,-5.0
2007_13_TB_NO,2007,REG,13,TB,27.0,NO,23.0,-4.0
2007_13_CIN_PIT,2007,REG,13,CIN,10.0,PIT,24.0,14.0
2007_13_NE_BAL,2007,REG,13,NE,27.0,BAL,24.0,-3.0
2007_14_CHI_WAS,2007,REG,14,CHI,16.0,WAS,24.0,8.0
2007_14_MIA_BUF,2007,REG,14,MIA,17.0,BUF,38.0,21.0
2007_14_STL_CIN,2007,REG,14,STL,10.0,CIN,19.0,9.0
2007_14_DAL_DET,2007,REG,14,DAL,28.0,DET,27.0,-1.0
2007_14_OAK_GB,2007,REG,14,OAK,7.0,GB,38.0,31.0
2007_14_TB_HOU,2007,REG,14,TB,14.0,HOU,28.0,14.0
2007_14_CAR_JAX,2007,REG,14,CAR,6.0,JAX,37.0,31.0
2007_14_NYG_PHI,2007,REG,14,NYG,16.0,PHI,13.0,-3.0
2007_14_SD_TEN,2007,REG,14,SD,23.0,TEN,17.0,-6.0
2007_14_ARI_SEA,2007,REG,14,ARI,21.0,SEA,42.0,21.0
2007_14_MIN_SF,2007,REG,14,MIN,27.0,SF,7.0,-20.0
2007_14_KC_DEN,2007,REG,14,KC,7.0,DEN,41.0,34.0
2007_14_PIT_NE,2007,REG,14,PIT,13.0,NE,34.0,21.0
2007_14_CLE_NYJ,2007,REG,14,CLE,24.0,NYJ,18.0,-6.0
2007_14_IND_BAL,2007,REG,14,IND,44.0,BAL,20.0,-24.0
2007_14_NO_ATL,2007,REG,14,NO,34.0,ATL,14.0,-20.0
2007_15_DEN_HOU,2007,REG,15,DEN,13.0,HOU,31.0,18.0
2007_15_CIN_SF,2007,REG,15,CIN,13.0,SF,20.0,7.0
2007_15_SEA_CAR,2007,REG,15,SEA,10.0,CAR,13.0,3.0
2007_15_BUF_CLE,2007,REG,15,BUF,0.0,CLE,8.0,8.0
2007_15_TEN_KC,2007,REG,15,TEN,26.0,KC,17.0,-9.0
2007_15_BAL_MIA,2007,REG,15,BAL,16.0,MIA,22.0,6.0
2007_15_NYJ_NE,2007,REG,15,NYJ,10.0,NE,20.0,10.0
2007_15_ARI_NO,2007,REG,15,ARI,24.0,NO,31.0,7.0
2007_15_JAX_PIT,2007,REG,15,JAX,29.0,PIT,22.0,-7.0
2007_15_GB_STL,2007,REG,15,GB,33.0,STL,14.0,-19.0
2007_15_ATL_TB,2007,REG,15,ATL,3.0,TB,37.0,34.0
2007_15_IND_OAK,2007,REG,15,IND,21.0,OAK,14.0,-7.0
2007_15_PHI_DAL,2007,REG,15,PHI,10.0,DAL,6.0,-4.0
2007_15_DET_SD,2007,REG,15,DET,14.0,SD,51.0,37.0
2007_15_WAS_NYG,2007,REG,15,WAS,22.0,NYG,10.0,-12.0
2007_15_CHI_MIN,2007,REG,15,CHI,13.0,MIN,20.0,7.0
2007_16_PIT_STL,2007,REG,16,PIT,41.0,STL,24.0,-17.0
2007_16_DAL_CAR,2007,REG,16,DAL,20.0,CAR,13.0,-7.0
2007_16_NYG_BUF,2007,REG,16,NYG,38.0,BUF,21.0,-17.0
2007_16_GB_CHI,2007,REG,16,GB,7.0,CHI,35.0,28.0
2007_16_CLE_CIN,2007,REG,16,CLE,14.0,CIN,19.0,5.0
2007_16_KC_DET,2007,REG,16,KC,20.0,DET,25.0,5.0
2007_16_HOU_IND,2007,REG,16,HOU,15.0,IND,38.0,23.0
2007_16_OAK_JAX,2007,REG,16,OAK,11.0,JAX,49.0,38.0
2007_16_PHI_NO,2007,REG,16,PHI,38.0,NO,23.0,-15.0
2007_16_ATL_ARI,2007,REG,16,ATL,27.0,ARI,30.0,3.0
2007_16_TB_SF,2007,REG,16,TB,19.0,SF,21.0,2.0
2007_16_MIA_NE,2007,REG,16,MIA,7.0,NE,28.0,21.0
2007_16_BAL_SEA,2007,REG,16,BAL,6.0,SEA,27.0,21.0
2007_16_NYJ_TEN,2007,REG,16,NYJ,6.0,TEN,10.0,4.0
2007_16_WAS_MIN,2007,REG,16,WAS,32.0,MIN,21.0,-11.0
2007_16_DEN_SD,2007,REG,16,DEN,3.0,SD,23.0,20.0
2007_17_NE_NYG,2007,REG,17,NE,38.0,NYG,35.0,-3.0
2007_17_SEA_ATL,2007,REG,17,SEA,41.0,ATL,44.0,3.0
2007_17_NO_CHI,2007,REG,17,NO,25.0,CHI,33.0,8.0
2007_17_SF_CLE,2007,REG,17,SF,7.0,CLE,20.0,13.0
2007_17_DET_GB,2007,REG,17,DET,13.0,GB,34.0,21.0
2007_17_JAX_HOU,2007,REG,17,JAX,28.0,HOU,42.0,14.0
2007_17_CIN_MIA,2007,REG,17,CIN,38.0,MIA,25.0,-13.0
2007_17_BUF_PHI,2007,REG,17,BUF,9.0,PHI,17.0,8.0
2007_17_CAR_TB,2007,REG,17,CAR,31.0,TB,23.0,-8.0
2007_17_STL_ARI,2007,REG,17,STL,19.0,ARI,48.0,29.0
2007_17_PIT_BAL,2007,REG,17,PIT,21.0,BAL,27.0,6.0
2007_17_MIN_DEN,2007,REG,17,MIN,19.0,DEN,22.0,3.0
2007_17_KC_NYJ,2007,REG,17,KC,10.0,NYJ,13.0,3.0
2007_17_SD_OAK,2007,REG,17,SD,30.0,OAK,17.0,-13.0
2007_17_DAL_WAS,2007,REG,17,DAL,6.0,WAS,27.0,21.0
2007_17_TEN_IND,2007,REG,17,TEN,16.0,IND,10.0,-6.0
2007_18_WAS_SEA,2007,WC,18,WAS,14.0,SEA,35.0,21.0
2007_18_JAX_PIT,2007,WC,18,JAX,31.0,PIT,29.0,-2.0
2007_18_NYG_TB,2007,WC,18,NYG,24.0,TB,14.0,-10.0
2007_18_TEN_SD,2007,WC,18,TEN,6.0,SD,17.0,11.0
2007_19_SEA_GB,2007,DIV,19,SEA,20.0,GB,42.0,22.0
2007_19_JAX_NE,2007,DIV,19,JAX,20.0,NE,31.0,11.0
2007_19_SD_IND,2007,DIV,19,SD,28.0,IND,24.0,-4.0
2007_19_NYG_DAL,2007,DIV,19,NYG,21.0,DAL,17.0,-4.0
2007_20_SD_NE,2007,CON,20,SD,12.0,NE,21.0,9.0
2007_20_NYG_GB,2007,CON,20,NYG,23.0,GB,20.0,-3.0
2007_21_NYG_NE,2007,SB,21,NYG,17.0,NE,14.0,-3.0
2008_01_WAS_NYG,2008,REG,1,WAS,7.0,NYG,16.0,9.0
2008_01_DET_ATL,2008,REG,1,DET,21.0,ATL,34.0,13.0
2008_01_CIN_BAL,2008,REG,1,CIN,10.0,BAL,17.0,7.0
2008_01_SEA_BUF,2008,REG,1,SEA,10.0,BUF,34.0,24.0
2008_01_NYJ_MIA,2008,REG,1,NYJ,20.0,MIA,14.0,-6.0
2008_01_KC_NE,2008,REG,1,KC,10.0,NE,17.0,7.0
2008_01_TB_NO,2008,REG,1,TB,20.0,NO,24.0,4.0
2008_01_STL_PHI,2008,REG,1,STL,3.0,PHI,38.0,35.0
2008_01_HOU_PIT,2008,REG,1,HOU,17.0,PIT,38.0,21.0
2008_01_JAX_TEN,2008,REG,1,JAX,10.0,TEN,17.0,7.0
2008_01_DAL_CLE,2008,REG,1,DAL,28.0,CLE,10.0,-18.0
2008_01_CAR_SD,2008,REG,1,CAR,26.0,SD,24.0,-2.0
2008_01_ARI_SF,2008,REG,1,ARI,23.0,SF,13.0,-10.0
2008_01_CHI_IND,2008,REG,1,CHI,29.0,IND,13.0,-16.0
2008_01_MIN_GB,2008,REG,1,MIN,19.0,GB,24.0,5.0
2008_01_DEN_OAK,2008,REG,1,DEN,41.0,OAK,14.0,-27.0
2008_02_CHI_CAR,2008,REG,2,CHI,17.0,CAR,20.0,3.0
2008_02_TEN_CIN,2008,REG,2,TEN,24.0,CIN,7.0,-17.0
2008_02_GB_DET,2008,REG,2,GB,48.0,DET,25.0,-23.0
2008_02_BUF_JAX,2008,REG,2,BUF,20.0,JAX,16.0,-4.0
2008_02_OAK_KC,2008,REG,2,OAK,23.0,KC,8.0,-15.0
2008_02_IND_MIN,2008,REG,2,IND,18.0,MIN,15.0,-3.0
2008_02_NYG_STL,2008,REG,2,NYG,41.0,STL,13.0,-28.0
2008_02_NO_WAS,2008,REG,2,NO,24.0,WAS,29.0,5.0
2008_02_SF_SEA,2008,REG,2,SF,33.0,SEA,30.0,-3.0
2008_02_ATL_TB,2008,REG,2,ATL,9.0,TB,24.0,15.0
2008_02_MIA_ARI,2008,REG,2,MIA,10.0,ARI,31.0,21.0
2008_02_SD_DEN,2008,REG,2,SD,38.0,DEN,39.0,1.0
2008_02_NE_NYJ,2008,REG,2,NE,19.0,NYJ,10.0,-9.0
2008_02_PIT_CLE,2008,REG,2,PIT,10.0,CLE,6.0,-4.0
2008_02_PHI_DAL,2008,REG,2,PHI,37.0,DAL,41.0,4.0
2008_03_KC_ATL,2008,REG,3,KC,14.0,ATL,38.0,24.0
2008_03_OAK_BUF,2008,REG,3,OAK,23.0,BUF,24.0,1.0
2008_03_TB_CHI,2008,REG,3,TB,27.0,CHI,24.0,-3.0
2008_03_CAR_MIN,2008,REG,3,CAR,10.0,MIN,20.0,10.0
2008_03_MIA_NE,2008,REG,3,MIA,38.0,NE,13.0,-25.0
2008_03_CIN_NYG,2008,REG,3,CIN,23.0,NYG,26.0,3.0
2008_03_HOU_TEN,2008,REG,3,HOU,12.0,TEN,31.0,19.0
2008_03_ARI_WAS,2008,REG,3,ARI,17.0,WAS,24.0,7.0
2008_03_NO_DEN,2008,REG,3,NO,32.0,DEN,34.0,2.0
2008_03_STL_SEA,2008,REG,3,STL,13.0,SEA,37.0,24.0
2008_03_DET_SF,2008,REG,3,DET,13.0,SF,31.0,18.0
2008_03_CLE_BAL,2008,REG,3,CLE,10.0,BAL,28.0,18.0
2008_03_JAX_IND,2008,REG,3,JAX,23.0,IND,21.0,-2.0
2008_03_PIT_PHI,2008,REG,3,PIT,6.0,PHI,15.0,9.0
2008_03_DAL_GB,2008,REG,3,DAL,27.0,GB,16.0,-11.0
2008_03_NYJ_SD,2008,REG,3,NYJ,29.0,SD,48.0,19.0
2008_04_ATL_CAR,2008,REG,4,ATL,9.0,CAR,24.0,15.0
2008_04_CLE_CIN,2008,REG,4,CLE,20.0,CIN,12.0,-8.0
2008_04_HOU_JAX,2008,REG,4,HOU,27.0,JAX,30.0,3.0
2008_04_DEN_KC,2008,REG,4,DEN,19.0,KC,33.0,14.0
2008_04_SF_NO,2008,REG,4,SF,17.0,NO,31.0,14.0
2008_04_ARI_NYJ,2008,REG,4,ARI,35.0,NYJ,56.0,21.0
2008_04_GB_TB,2008,REG,4,GB,21.0,TB,30.0,9.0
2008_04_MIN_TEN,2008,REG,4,MIN,17.0,TEN,30.0,13.0
2008_04_SD_OAK,2008,REG,4,SD,28.0,OAK,18.0,-10.0
2008_04_BUF_STL,2008,REG,4,BUF,31.0,STL,14.0,-17.0
2008_04_WAS_DAL,2008,REG,4,WAS,26.0,DAL,24.0,-2.0
2008_04_PHI_CHI,2008,REG,4,PHI,20.0,CHI,24.0,4.0
2008_04_BAL_PIT,2008,REG,4,BAL,20.0,PIT,23.0,3.0
2008_05_TEN_BAL,2008,REG,5,TEN,13.0,BAL,10.0,-3.0
2008_05_KC_CAR,2008,REG,5,KC,0.0,CAR,34.0,34.0
2008_05_CHI_DET,2008,REG,5,CHI,34.0,DET,7.0,-27.0
2008_05_ATL_GB,2008,REG,5,ATL,27.0,GB,24.0,-3.0
2008_05_IND_HOU,2008,REG,5,IND,31.0,HOU,27.0,-4.0
2008_05_SD_MIA,2008,REG,5,SD,10.0,MIA,17.0,7.0
2008_05_SEA_NYG,2008,REG,5,SEA,6.0,NYG,44.0,38.0
2008_05_WAS_PHI,2008,REG,5,WAS,23.0,PHI,17.0,-6.0
2008_05_TB_DEN,2008,REG,5,TB,13.0,DEN,16.0,3.0
2008_05_BUF_ARI,2008,REG,5,BUF,17.0,ARI,41.0,24.0
2008_05_CIN_DAL,2008,REG,5,CIN,22.0,DAL,31.0,9.0
2008_05_NE_SF,2008,REG,5,NE,30.0,SF,21.0,-9.0
2008_05_PIT_JAX,2008,REG,5,PIT,26.0,JAX,21.0,-5.0
2008_05_MIN_NO,2008,REG,5,MIN,30.0,NO,27.0,-3.0
2008_06_CHI_ATL,2008,REG,6,CHI,20.0,ATL,22.0,2.0
2008_06_MIA_HOU,2008,REG,6,MIA,28.0,HOU,29.0,1.0
2008_06_BAL_IND,2008,REG,6,BAL,3.0,IND,31.0,28.0
2008_06_DET_MIN,2008,REG,6,DET,10.0,MIN,12.0,2.0
2008_06_OAK_NO,2008,REG,6,OAK,3.0,NO,34.0,31.0
2008_06_CIN_NYJ,2008,REG,6,CIN,14.0,NYJ,26.0,12.0
2008_06_CAR_TB,2008,REG,6,CAR,3.0,TB,27.0,24.0
2008_06_STL_WAS,2008,REG,6,STL,19.0,WAS,17.0,-2.0
2008_06_JAX_DEN,2008,REG,6,JAX,24.0,DEN,17.0,-7.0
2008_06_DAL_ARI,2008,REG,6,DAL,24.0,ARI,30.0,6.0
2008_06_GB_SEA,2008,REG,6,GB,27.0,SEA,17.0,-10.0
2008_06_PHI_SF,2008,REG,6,PHI,40.0,SF,26.0,-14.0
2008_06_NE_SD,2008,REG,6,NE,10.0,SD,30.0,20.0
2008_06_NYG_CLE,2008,REG,6,NYG,14.0,CLE,35.0,21.0
2008_07_SD_BUF,2008,REG,7,SD,14.0,BUF,23.0,9.0
2008_07_NO_CAR,2008,REG,7,NO,7.0,CAR,30.0,23.0
2008_07_MIN_CHI,2008,REG,7,MIN,41.0,CHI,48.0,7.0
2008_07_PIT_CIN,2008,REG,7,PIT,38.0,CIN,10.0,-28.0
2008_07_TEN_KC,2008,REG,7,TEN,34.0,KC,10.0,-24.0
2008_07_BAL_MIA,2008,REG,7,BAL,27.0,MIA,13.0,-14.0
2008_07_SF_NYG,2008,REG,7,SF,17.0,NYG,29.0,12.0
2008_07_DAL_STL,2008,REG,7,DAL,14.0,STL,34.0,20.0
2008_07_DET_HOU,2008,REG,7,DET,21.0,HOU,28.0,7.0
2008_07_IND_GB,2008,REG,7,IND,14.0,GB,34.0,20.0
2008_07_NYJ_OAK,2008,REG,7,NYJ,13.0,OAK,16.0,3.0
2008_07_CLE_WAS,2008,REG,7,CLE,11.0,WAS,14.0,3.0
2008_07_SEA_TB,2008,REG,7,SEA,10.0,TB,20.0,10.0
2008_07_DEN_NE,2008,REG,7,DEN,7.0,NE,41.0,34.0
2008_08_OAK_BAL,2008,REG,8,OAK,10.0,BAL,29.0,19.0
2008_08_ARI_CAR,2008,REG,8,ARI,23.0,CAR,27.0,4.0
2008_08_TB_DAL,2008,REG,8,TB,9.0,DAL,13.0,4.0
2008_08_WAS_DET,2008,REG,8,WAS,25.0,DET,17.0,-8.0
2008_08_BUF_MIA,2008,REG,8,BUF,16.0,MIA,25.0,9.0
2008_08_STL_NE,2008,REG,8,STL,16.0,NE,23.0,7.0
2008_08_SD_NO,2008,REG,8,SD,32.0,NO,37.0,5.0
2008_08_KC_NYJ,2008,REG,8,KC,24.0,NYJ,28.0,4.0
2008_08_ATL_PHI,2008,REG,8,ATL,14.0,PHI,27.0,13.0
2008_08_CIN_HOU,2008,REG,8,CIN,6.0,HOU,35.0,29.0
2008_08_CLE_JAX,2008,REG,8,CLE,23.0,JAX,17.0,-6.0
2008_08_NYG_PIT,2008,REG,8,NYG,21.0,PIT,14.0,-7.0
2008_08_SEA_SF,2008,REG,8,SEA,34.0,SF,13.0,-21.0
2008_08_IND_TEN,2008,REG,8,IND,21.0,TEN,31.0,10.0
2008_09_NYJ_BUF,2008,REG,9,NYJ,26.0,BUF,17.0,-9.0
2008_09_DET_CHI,2008,REG,9,DET,23.0,CHI,27.0,4.0
2008_09_JAX_CIN,2008,REG,9,JAX,19.0,CIN,21.0,2.0
2008_09_BAL_CLE,2008,REG,9,BAL,37.0,CLE,27.0,-10.0
2008_09_TB_KC,2008,REG,9,TB,30.0,KC,27.0,-3.0
2008_09_HOU_MIN,2008,REG,9,HOU,21.0,MIN,28.0,7.0
2008_09_ARI_STL,2008,REG,9,ARI,34.0,STL,13.0,-21.0
2008_09_GB_TEN,2008,REG,9,GB,16.0,TEN,19.0,3.0
2008_09_MIA_DEN,2008,REG,9,MIA,26.0,DEN,17.0,-9.0
2008_09_DAL_NYG,2008,REG,9,DAL,14.0,NYG,35.0,21.0
2008_09_ATL_OAK,2008,REG,9,ATL,24.0,OAK,0.0,-24.0
2008_09_PHI_SEA,2008,REG,9,PHI,26.0,SEA,7.0,-19.0
2008_09_NE_IND,2008,REG,9,NE,15.0,IND,18.0,3.0
2008_09_PIT_WAS,2008,REG,9,PIT,23.0,WAS,6.0,-17.0
2008_10_DEN_CLE,2008,REG,10,DEN,34.0,CLE,30.0,-4.0
2008_10_NO_ATL,2008,REG,10,NO,20.0,ATL,34.0,14.0
2008_10_TEN_CHI,2008,REG,10,TEN,21.0,CHI,14.0,-7.0
2008_10_JAX_DET,2008,REG,10,JAX,38.0,DET,14.0,-24.0
2008_10_BAL_HOU,2008,REG,10,BAL,41.0,HOU,13.0,-28.0
2008_10_SEA_MIA,2008,REG,10,SEA,19.0,MIA,21.0,2.0
2008_10_GB_MIN,2008,REG,10,GB,27.0,MIN,28.0,1.0
2008_10_BUF_NE,2008,REG,10,BUF,10.0,NE,20.0,10.0
2008_10_STL_NYJ,2008,REG,10,STL,3.0,NYJ,47.0,44.0
2008_10_CAR_OAK,2008,REG,10,CAR,17.0,OAK,6.0,-11.0
2008_10_IND_PIT,2008,REG,10,IND,24.0,PIT,20.0,-4.0
2008_10_KC_SD,2008,REG,10,KC,19.0,SD,20.0,1.0
2008_10_NYG_PHI,2008,REG,10,NYG,36.0,PHI,31.0,-5.0
2008_10_SF_ARI,2008,REG,10,SF,24.0,ARI,29.0,5.0
2008_11_NYJ_NE,2008,REG,11,NYJ,34.0,NE,31.0,-3.0
2008_11_DEN_ATL,2008,REG,11,DEN,24.0,ATL,20.0,-4.0
2008_11_DET_CAR,2008,REG,11,DET,22.0,CAR,31.0,9.0
2008_11_PHI_CIN,2008,REG,11,PHI,13.0,CIN,13.0,0.0
2008_11_CHI_GB,2008,REG,11,CHI,3.0,GB,37.0,34.0
2008_11_HOU_IND,2008,REG,11,HOU,27.0,IND,33.0,6.0
2008_11_NO_KC,2008,REG,11,NO,30.0,KC,20.0,-10.0
2008_11_OAK_MIA,2008,REG,11,OAK,15.0,MIA,17.0,2.0
2008_11_BAL_NYG,2008,REG,11,BAL,10.0,NYG,30.0,20.0
2008_11_MIN_TB,2008,REG,11,MIN,13.0,TB,19.0,6.0
2008_11_ARI_SEA,2008,REG,11,ARI,26.0,SEA,20.0,-6.0
2008_11_STL_SF,2008,REG,11,STL,16.0,SF,35.0,19.0
2008_11_TEN_JAX,2008,REG,11,TEN,24.0,JAX,14.0,-10.0
2008_11_SD_PIT,2008,REG,11,SD,10.0,PIT,11.0,1.0
2008_11_DAL_WAS,2008,REG,11,DAL,14.0,WAS,10.0,-4.0
2008_11_CLE_BUF,2008,REG,11,CLE,29.0,BUF,27.0,-2.0
2008_12_CIN_PIT,2008,REG,12,CIN,10.0,PIT,27.0,17.0
2008_12_PHI_BAL,2008,REG,12,PHI,7.0,BAL,36.0,29.0
2008_12_HOU_CLE,2008,REG,12,HOU,16.0,CLE,6.0,-10.0
2008_12_SF_DAL,2008,REG,12,SF,22.0,DAL,35.0,13.0
2008_12_TB_DET,2008,REG,12,TB,38.0,DET,20.0,-18.0
2008_12_MIN_JAX,2008,REG,12,MIN,30.0,JAX,12.0,-18.0
2008_12_BUF_KC,2008,REG,12,BUF,54.0,KC,31.0,-23.0
2008_12_NE_MIA,2008,REG,12,NE,48.0,MIA,28.0,-20.0
2008_12_CHI_STL,2008,REG,12,CHI,27.0,STL,3.0,-24.0
2008_12_NYJ_TEN,2008,REG,12,NYJ,34.0,TEN,13.0,-21.0
2008_12_OAK_DEN,2008,REG,12,OAK,31.0,DEN,10.0,-21.0
2008_12_NYG_ARI,2008,REG,12,NYG,37.0,ARI,29.0,-8.0
2008_12_CAR_ATL,2008,REG,12,CAR,28.0,ATL,45.0,17.0
2008_12_WAS_SEA,2008,REG,12,WAS,20.0,SEA,17.0,-3.0
2008_12_IND_SD,2008,REG,12,IND,23.0,SD,20.0,-3.0
2008_12_GB_NO,2008,REG,12,GB,29.0,NO,51.0,22.0
2008_13_TEN_DET,2008,REG,13,TEN,47.0,DET,10.0,-37.0
2008_13_SEA_DAL,2008,REG,13,SEA,9.0,DAL,34.0,25.0
2008_13_ARI_PHI,2008,REG,13,ARI,20.0,PHI,48.0,28.0
2008_13_SF_BUF,2008,REG,13,SF,10.0,BUF,3.0,-7.0
2008_13_BAL_CIN,2008,REG,13,BAL,34.0,CIN,3.0,-31.0
2008_13_IND_CLE,2008,REG,13,IND,10.0,CLE,6.0,-4.0
2008_13_CAR_GB,2008,REG,13,CAR,35.0,GB,31.0,-4.0
2008_13_MIA_STL,2008,REG,13,MIA,16.0,STL,12.0,-4.0
2008_13_NO_TB,2008,REG,13,NO,20.0,TB,23.0,3.0
2008_13_NYG_WAS,2008,REG,13,NYG,23.0,WAS,7.0,-16.0
2008_13_ATL_SD,2008,REG,13,ATL,22.0,SD,16.0,-6.0
2008_13_PIT_NE,2008,REG,13,PIT,33.0,NE,10.0,-23.0
2008_13_DEN_NYJ,2008,REG,13,DEN,34.0,NYJ,17.0,-17.0
2008_13_KC_OAK,2008,REG,13,KC,20.0,OAK,13.0,-7.0
2008_13_CHI_MIN,2008,REG,13,CHI,14.0,MIN,34.0,20.0
2008_13_JAX_HOU,2008,REG,13,JAX,17.0,HOU,30.0,13.0
2008_14_OAK_SD,2008,REG,14,OAK,7.0,SD,34.0,27.0
2008_14_JAX_CHI,2008,REG,14,JAX,10.0,CHI,23.0,13.0
2008_14_MIN_DET,2008,REG,14,MIN,20.0,DET,16.0,-4.0
2008_14_HOU_GB,2008,REG,14,HOU,24.0,GB,21.0,-3.0
2008_14_CIN_IND,2008,REG,14,CIN,3.0,IND,35.0,32.0
2008_14_ATL_NO,2008,REG,14,ATL,25.0,NO,29.0,4.0
2008_14_PHI_NYG,2008,REG,14,PHI,20.0,NYG,14.0,-6.0
2008_14_CLE_TEN,2008,REG,14,CLE,9.0,TEN,28.0,19.0
2008_14_MIA_BUF,2008,REG,14,MIA,16.0,BUF,3.0,-13.0
2008_14_KC_DEN,2008,REG,14,KC,17.0,DEN,24.0,7.0
2008_14_NE_SEA,2008,REG,14,NE,24.0,SEA,21.0,-3.0
2008_14_NYJ_SF,2008,REG,14,NYJ,14.0,SF,24.0,10.0
2008_14_STL_ARI,2008,REG,14,STL,10.0,ARI,34.0,24.0
2008_14_DAL_PIT,2008,REG,14,DAL,13.0,PIT,20.0,7.0
2008_14_WAS_BAL,2008,REG,14,WAS,10.0,BAL,24.0,14.0
2008_14_TB_CAR,2008,REG,14,TB,23.0,CAR,38.0,15.0
2008_15_NO_CHI,2008,REG,15,NO,24.0,CHI,27.0,3.0
2008_15_TB_ATL,2008,REG,15,TB,10.0,ATL,13.0,3.0
2008_15_WAS_CIN,2008,REG,15,WAS,13.0,CIN,20.0,7.0
2008_15_TEN_HOU,2008,REG,15,TEN,12.0,HOU,13.0,1.0
2008_15_DET_IND,2008,REG,15,DET,21.0,IND,31.0,10.0
2008_15_GB_JAX,2008,REG,15,GB,16.0,JAX,20.0,4.0
2008_15_SD_KC,2008,REG,15,SD,22.0,KC,21.0,-1.0
2008_15_SF_MIA,2008,REG,15,SF,9.0,MIA,14.0,5.0
2008_15_BUF_NYJ,2008,REG,15,BUF,27.0,NYJ,31.0,4.0
2008_15_SEA_STL,2008,REG,15,SEA,23.0,STL,20.0,-3.0
2008_15_MIN_ARI,2008,REG,15,MIN,35.0,ARI,14.0,-21.0
2008_15_PIT_BAL,2008,REG,15,PIT,13.0,BAL,9.0,-4.0
2008_15_DEN_CAR,2008,REG,15,DEN,10.0,CAR,30.0,20.0
2008_15_NE_OAK,2008,REG,15,NE,49.0,OAK,26.0,-23.0
2008_15_NYG_DAL,2008,REG,15,NYG,8.0,DAL,20.0,12.0
2008_15_CLE_PHI,2008,REG,15,CLE,10.0,PHI,30.0,20.0
2008_16_IND_JAX,2008,REG,16,IND,31.0,JAX,24.0,-7.0
2008_16_BAL_DAL,2008,REG,16,BAL,33.0,DAL,24.0,-9.0
2008_16_CIN_CLE,2008,REG,16,CIN,14.0,CLE,0.0,-14.0
2008_16_NO_DET,2008,REG,16,NO,42.0,DET,7.0,-35.0
2008_16_MIA_KC,2008,REG,16,MIA,38.0,KC,31.0,-7.0
2008_16_ARI_NE,2008,REG,16,ARI,7.0,NE,47.0,40.0
2008_16_SF_STL,2008,REG,16,SF,17.0,STL,16.0,-1.0
2008_16_SD_TB,2008,REG,16,SD,41.0,TB,24.0,-17.0
2008_16_PIT_TEN,2008,REG,16,PIT,14.0,TEN,31.0,17.0
2008_16_BUF_DEN,2008,REG,16,BUF,30.0,DEN,23.0,-7.0
2008_16_HOU_OAK,2008,REG,16,HOU,16.0,OAK,27.0,11.0
2008_16_NYJ_SEA,2008,REG,16,NYJ,3.0,SEA,13.0,10.0
2008_16_ATL_MIN,2008,REG,16,ATL,24.0,MIN,17.0,-7.0
2008_16_PHI_WAS,2008,REG,16,PHI,3.0,WAS,10.0,7.0
2008_16_CAR_NYG,2008,REG,16,CAR,28.0,NYG,34.0,6.0
2008_16_GB_CHI,2008,REG,16,GB,17.0,CHI,20.0,3.0
2008_17_STL_ATL,2008,REG,17,STL,27.0,ATL,31.0,4.0
2008_17_NE_BUF,2008,REG,17,NE,13.0,BUF,0.0,-13.0
2008_17_KC_CIN,2008,REG,17,KC,6.0,CIN,16.0,10.0
2008_17_DET_GB,2008,REG,17,DET,21.0,GB,31.0,10.0
2008_17_CHI_HOU,2008,REG,17,CHI,24.0,HOU,31.0,7.0
2008_17_TEN_IND,2008,REG,17,TEN,0.0,IND,23.0,23.0
2008_17_NYG_MIN,2008,REG,17,NYG,19.0,MIN,20.0,1.0
2008_17_CAR_NO,2008,REG,17,CAR,33.0,NO,31.0,-2.0
2008_17_CLE_PIT,2008,REG,17,CLE,0.0,PIT,31.0,31.0
2008_17_OAK_TB,2008,REG,17,OAK,31.0,TB,24.0,-7.0
2008_17_SEA_ARI,2008,REG,17,SEA,21.0,ARI,34.0,13.0
2008_17_JAX_BAL,2008,REG,17,JAX,7.0,BAL,27.0,20.0
2008_17_MIA_NYJ,2008,REG,17,MIA,24.0,NYJ,17.0,-7.0
2008_17_DAL_PHI,2008,REG,17,DAL,6.0,PHI,44.0,38.0
2008_17_WAS_SF,2008,REG,17,WAS,24.0,SF,27.0,3.0
2008_17_DEN_SD,2008,REG,17,DEN,21.0,SD,52.0,31.0
2008_18_ATL_ARI,2008,WC,18,ATL,24.0,ARI,30.0,6.0
2008_18_IND_SD,2008,WC,18,IND,17.0,SD,23.0,6.0
2008_18_BAL_MIA,2008,WC,18,BAL,27.0,MIA,9.0,-18.0
2008_18_PHI_MIN,2008,WC,18,PHI,26.0,MIN,14.0,-12.0
2008_19_BAL_TEN,2008,DIV,19,BAL,13.0,TEN,10.0,-3.0
2008_19_ARI_CAR,2008,DIV,19,ARI,33.0,CAR,13.0,-20.0
2008_19_PHI_NYG,2008,DIV,19,PHI,23.0,NYG,11.0,-12.0
2008_19_SD_PIT,2008,DIV,19,SD,24.0,PIT,35.0,11.0
2008_20_PHI_ARI,2008,CON,20,PHI,25.0,ARI,32.0,7.0
2008_20_BAL_PIT,2008,CON,20,BAL,14.0,PIT,23.0,9.0
2008_21_PIT_ARI,2008,SB,21,PIT,27.0,ARI,23.0,-4.0
2009_01_TEN_PIT,2009,REG,1,TEN,10.0,PIT,13.0,3.0
2009_01_MIA_ATL,2009,REG,1,MIA,7.0,ATL,19.0,12.0
2009_01_KC_BAL,2009,REG,1,KC,24.0,BAL,38.0,14.0
2009_01_PHI_CAR,2009,REG,1,PHI,38.0,CAR,10.0,-28.0
2009_01_DEN_CIN,2009,REG,1,DEN,12.0,CIN,7.0,-5.0
2009_01_MIN_CLE,2009,REG,1,MIN,34.0,CLE,20.0,-14.0
2009_01_NYJ_HOU,2009,REG,1,NYJ,24.0,HOU,7.0,-17.0
2009_01_JAX_IND,2009,REG,1,JAX,12.0,IND,14.0,2.0
2009_01_DET_NO,2009,REG,1,DET,27.0,NO,45.0,18.0
2009_01_DAL_TB,2009,REG,1,DAL,34.0,TB,21.0,-13.0
2009_01_SF_ARI,2009,REG,1,SF,20.0,ARI,16.0,-4.0
2009_01_WAS_NYG,2009,REG,1,WAS,17.0,NYG,23.0,6.0
2009_01_STL_SEA,2009,REG,1,STL,0.0,SEA,28.0,28.0
2009_01_CHI_GB,2009,REG,1,CHI,15.0,GB,21.0,6.0
2009_01_BUF_NE,2009,REG,1,BUF,24.0,NE,25.0,1.0
2009_01_SD_OAK,2009,REG,1,SD,24.0,OAK,20.0,-4.0
2009_02_CAR_ATL,2009,REG,2,CAR,20.0,ATL,28.0,8.0
2009_02_MIN_DET,2009,REG,2,MIN,27.0,DET,13.0,-14.0
2009_02_CIN_GB,2009,REG,2,CIN,31.0,GB,24.0,-7.0
2009_02_ARI_JAX,2009,REG,2,ARI,31.0,JAX,17.0,-14.0
2009_02_OAK_KC,2009,REG,2,OAK,13.0,KC,10.0,-3.0
2009_02_NE_NYJ,2009,REG,2,NE,9.0,NYJ,16.0,7.0
2009_02_NO_PHI,2009,REG,2,NO,48.0,PHI,22.0,-26.0
2009_02_HOU_TEN,2009,REG,2,HOU,34.0,TEN,31.0,-3.0
2009_02_STL_WAS,2009,REG,2,STL,7.0,WAS,9.0,2.0
2009_02_TB_BUF,2009,REG,2,TB,20.0,BUF,33.0,13.0
2009_02_SEA_SF,2009,REG,2,SEA,10.0,SF,23.0,13.0
2009_02_PIT_CHI,2009,REG,2,PIT,14.0,CHI,17.0,3.0
2009_02_CLE_DEN,2009,REG,2,CLE,6.0,DEN,27.0,21.0
2009_02_BAL_SD,2009,REG,2,BAL,31.0,SD,26.0,-5.0
2009_02_NYG_DAL,2009,REG,2,NYG,33.0,DAL,31.0,-2.0
2009_02_IND_MIA,2009,REG,2,IND,27.0,MIA,23.0,-4.0
2009_03_CLE_BAL,2009,REG,3,CLE,3.0,BAL,34.0,31.0
2009_03_WAS_DET,2009,REG,3,WAS,14.0,DET,19.0,5.0
2009_03_JAX_HOU,2009,REG,3,JAX,31.0,HOU,24.0,-7.0
2009_03_SF_MIN,2009,REG,3,SF,24.0,MIN,27.0,3.0
2009_03_ATL_NE,2009,REG,3,ATL,10.0,NE,26.0,16.0
2009_03_TEN_NYJ,2009,REG,3,TEN,17.0,NYJ,24.0,7.0
2009_03_KC_PHI,2009,REG,3,KC,14.0,PHI,34.0,20.0
2009_03_GB_STL,2009,REG,3,GB,36.0,STL,17.0,-19.0
2009_03_NYG_TB,2009,REG,3,NYG,24.0,TB,0.0,-24.0
2009_03_NO_BUF,2009,REG,3,NO,27.0,BUF,7.0,-20.0
2009_03_CHI_SEA,2009,REG,3,CHI,25.0,SEA,19.0,-6.0
2009_03_PIT_CIN,2009,REG,3,PIT,20.0,CIN,23.0,3.0
2009_03_DEN_OAK,2009,REG,3,DEN,23.0,OAK,3.0,-20.0
2009_03_MIA_SD,2009,REG,3,MIA,13.0,SD,23.0,10.0
2009_03_IND_ARI,2009,REG,3,IND,31.0,ARI,10.0,-21.0
2009_03_CAR_DAL,2009,REG,3,CAR,7.0,DAL,21.0,14.0
2009_04_DET_CHI,2009,REG,4,DET,24.0,CHI,48.0,24.0
2009_04_CIN_CLE,2009,REG,4,CIN,23.0,CLE,20.0,-3.0
2009_04_OAK_HOU,2009,REG,4,OAK,6.0,HOU,29.0,23.0
2009_04_SEA_IND,2009,REG,4,SEA,17.0,IND,34.0,17.0
2009_04_TEN_JAX,2009,REG,4,TEN,17.0,JAX,37.0,20.0
2009_04_NYG_KC,2009,REG,4,NYG,27.0,KC,16.0,-11.0
2009_04_BAL_NE,2009,REG,4,BAL,21.0,NE,27.0,6.0
2009_04_TB_WAS,2009,REG,4,TB,13.0,WAS,16.0,3.0
2009_04_BUF_MIA,2009,REG,4,BUF,10.0,MIA,38.0,28.0
2009_04_NYJ_NO,2009,REG,4,NYJ,10.0,NO,24.0,14.0
2009_04_DAL_DEN,2009,REG,4,DAL,10.0,DEN,17.0,7.0
2009_04_STL_SF,2009,REG,4,STL,0.0,SF,35.0,35.0
2009_04_SD_PIT,2009,REG,4,SD,28.0,PIT,38.0,10.0
2009_04_GB_MIN,2009,REG,4,GB,23.0,MIN,30.0,7.0
2009_05_CIN_BAL,2009,REG,5,CIN,17.0,BAL,14.0,-3.0
2009_05_CLE_BUF,2009,REG,5,CLE,6.0,BUF,3.0,-3.0
2009_05_WAS_CAR,2009,REG,5,WAS,17.0,CAR,20.0,3.0
2009_05_PIT_DET,2009,REG,5,PIT,28.0,DET,20.0,-8.0
2009_05_DAL_KC,2009,REG,5,DAL,26.0,KC,20.0,-6.0
2009_05_OAK_NYG,2009,REG,5,OAK,7.0,NYG,44.0,37.0
2009_05_TB_PHI,2009,REG,5,TB,14.0,PHI,33.0,19.0
2009_05_MIN_STL,2009,REG,5,MIN,38.0,STL,10.0,-28.0
2009_05_ATL_SF,2009,REG,5,ATL,45.0,SF,10.0,-35.0
2009_05_HOU_ARI,2009,REG,5,HOU,21.0,ARI,28.0,7.0
2009_05_NE_DEN,2009,REG,5,NE,17.0,DEN,20.0,3.0
2009_05_JAX_SEA,2009,REG,5,JAX,0.0,SEA,41.0,41.0
2009_05_IND_TEN,2009,REG,5,IND,31.0,TEN,9.0,-22.0
2009_05_NYJ_MIA,2009,REG,5,NYJ,27.0,MIA,31.0,4.0
2009_06_HOU_CIN,2009,REG,6,HOU,28.0,CIN,17.0,-11.0
2009_06_DET_GB,2009,REG,6,DET,0.0,GB,26.0,26.0
2009_06_STL_JAX,2009,REG,6,STL,20.0,JAX,23.0,3.0
2009_06_BAL_MIN,2009,REG,6,BAL,31.0,MIN,33.0,2.0
2009_06_NYG_NO,2009,REG,6,NYG,27.0,NO,48.0,21.0
2009_06_CLE_PIT,2009,REG,6,CLE,14.0,PIT,27.0,13.0
2009_06_CAR_TB,2009,REG,6,CAR,28.0,TB,21.0,-7.0
2009_06_KC_WAS,2009,REG,6,KC,14.0,WAS,6.0,-8.0
2009_06_PHI_OAK,2009,REG,6,PHI,9.0,OAK,13.0,4.0
2009_06_ARI_SEA,2009,REG,6,ARI,27.0,SEA,3.0,-24.0
2009_06_TEN_NE,2009,REG,6,TEN,0.0,NE,59.0,59.0
2009_06_BUF_NYJ,2009,REG,6,BUF,16.0,NYJ,13.0,-3.0
2009_06_CHI_ATL,2009,REG,6,CHI,14.0,ATL,21.0,7.0
2009_06_DEN_SD,2009,REG,6,DEN,34.0,SD,23.0,-11.0
2009_07_GB_CLE,2009,REG,7,GB,31.0,CLE,3.0,-28.0
2009_07_SF_HOU,2009,REG,7,SF,21.0,HOU,24.0,3.0
2009_07_SD_KC,2009,REG,7,SD,37.0,KC,7.0,-30.0
2009_07_MIN_PIT,2009,REG,7,MIN,17.0,PIT,27.0,10.0
2009_07_IND_STL,2009,REG,7,IND,42.0,STL,6.0,-36.0
2009_07_NE_TB,2009,REG,7,NE,35.0,TB,7.0,-28.0
2009_07_BUF_CAR,2009,REG,7,BUF,20.0,CAR,9.0,-11.0
2009_07_NYJ_OAK,2009,REG,7,NYJ,38.0,OAK,0.0,-38.0
2009_07_CHI_CIN,2009,REG,7,CHI,10.0,CIN,45.0,35.0
2009_07_ATL_DAL,2009,REG,7,ATL,21.0,DAL,37.0,16.0
2009_07_NO_MIA,2009,REG,7,NO,46.0,MIA,34.0,-12.0
2009_07_ARI_NYG,2009,REG,7,ARI,24.0,NYG,17.0,-7.0
2009_07_PHI_WAS,2009,REG,7,PHI,27.0,WAS,17.0,-10.0
2009_08_DEN_BAL,2009,REG,8,DEN,7.0,BAL,30.0,23.0
2009_08_HOU_BUF,2009,REG,8,HOU,31.0,BUF,10.0,-21.0
2009_08_CLE_CHI,2009,REG,8,CLE,6.0,CHI,30.0,24.0
2009_08_SEA_DAL,2009,REG,8,SEA,17.0,DAL,38.0,21.0
2009_08_STL_DET,2009,REG,8,STL,17.0,DET,10.0,-7.0
2009_08_SF_IND,2009,REG,8,SF,14.0,IND,18.0,4.0
2009_08_MIA_NYJ,2009,REG,8,MIA,30.0,NYJ,25.0,-5.0
2009_08_NYG_PHI,2009,REG,8,NYG,17.0,PHI,40.0,23.0
2009_08_OAK_SD,2009,REG,8,OAK,16.0,SD,24.0,8.0
2009_08_JAX_TEN,2009,REG,8,JAX,13.0,TEN,30.0,17.0
2009_08_CAR_ARI,2009,REG,8,CAR,34.0,ARI,21.0,-13.0
2009_08_MIN_GB,2009,REG,8,MIN,38.0,GB,26.0,-12.0
2009_08_ATL_NO,2009,REG,8,ATL,27.0,NO,35.0,8.0
2009_09_WAS_ATL,2009,REG,9,WAS,17.0,ATL,31.0,14.0
2009_09_ARI_CHI,2009,REG,9,ARI,41.0,CHI,21.0,-20.0
2009_09_BAL_CIN,2009,REG,9,BAL,7.0,CIN,17.0,10.0
2009_09_HOU_IND,2009,REG,9,HOU,17.0,IND,20.0,3.0
2009_09_KC_JAX,2009,REG,9,KC,21.0,JAX,24.0,3.0
2009_09_MIA_NE,2009,REG,9,MIA,17.0,NE,27.0,10.0
2009_09_GB_TB,2009,REG,9,GB,28.0,TB,38.0,10.0
2009_09_CAR_NO,2009,REG,9,CAR,20.0,NO,30.0,10.0
2009_09_DET_SEA,2009,REG,9,DET,20.0,SEA,32.0,12.0
2009_09_SD_NYG,2009,REG,9,SD,21.0,NYG,20.0,-1.0
2009_09_TEN_SF,2009,REG,9,TEN,34.0,SF,27.0,-7.0
2009_09_DAL_PHI,2009,REG,9,DAL,20.0,PHI,16.0,-4.0
2009_09_PIT_DEN,2009,REG,9,PIT,28.0,DEN,10.0,-18.0
2009_10_CHI_SF,2009,REG,10,CHI,6.0,SF,10.0,4.0
2009_10_ATL_CAR,2009,REG,10,ATL,19.0,CAR,28.0,9.0
2009_10_TB_MIA,2009,REG,10,TB,23.0,MIA,25.0,2.0
2009_10_DET_MIN,2009,REG,10,DET,10.0,MIN,27.0,17.0
2009_10_JAX_NYJ,2009,REG,10,JAX,24.0,NYJ,22.0,-2.0
2009_10_CIN_PIT,2009,REG,10,CIN,18.0,PIT,12.0,-6.0
2009_10_NO_STL,2009,REG,10,NO,28.0,STL,23.0,-5.0
2009_10_BUF_TEN,2009,REG,10,BUF,17.0,TEN,41.0,24.0
2009_10_DEN_WAS,2009,REG,10,DEN,17.0,WAS,27.0,10.0
2009_10_KC_OAK,2009,REG,10,KC,16.0,OAK,10.0,-6.0
2009_10_SEA_ARI,2009,REG,10,SEA,20.0,ARI,31.0,11.0
2009_10_DAL_GB,2009,REG,10,DAL,7.0,GB,17.0,10.0
2009_10_PHI_SD,2009,REG,10,PHI,23.0,SD,31.0,8.0
2009_10_NE_IND,2009,REG,10,NE,34.0,IND,35.0,1.0
2009_10_BAL_CLE,2009,REG,10,BAL,16.0,CLE,0.0,-16.0
2009_11_MIA_CAR,2009,REG,11,MIA,24.0,CAR,17.0,-7.0
2009_11_IND_BAL,2009,REG,11,IND,17.0,BAL,15.0,-2.0
2009_11_WAS_DAL,2009,REG,11,WAS,6.0,DAL,7.0,1.0
2009_11_CLE_DET,2009,REG,11,CLE,37.0,DET,38.0,1.0
2009_11_SF_GB,2009,REG,11,SF,24.0,GB,30.0,6.0
2009_11_BUF_JAX,2009,REG,11,BUF,15.0,JAX,18.0,3.0
2009_11_PIT_KC,2009,REG,11,PIT,24.0,KC,27.0,3.0
2009_11_SEA_MIN,2009,REG,11,SEA,9.0,MIN,35.0,26.0
2009_11_ATL_NYG,2009,REG,11,ATL,31.0,NYG,34.0,3.0
2009_11_NO_TB,2009,REG,11,NO,38.0,TB,7.0,-31.0
2009_11_ARI_STL,2009,REG,11,ARI,21.0,STL,13.0,-8.0
2009_11_SD_DEN,2009,REG,11,SD,32.0,DEN,3.0,-29.0
2009_11_NYJ_NE,2009,REG,11,NYJ,14.0,NE,31.0,17.0
2009_11_CIN_OAK,2009,REG,11,CIN,17.0,OAK,20.0,3.0
2009_11_PHI_CHI,2009,REG,11,PHI,24.0,CHI,20.0,-4.0
2009_11_TEN_HOU,2009,REG,11,TEN,20.0,HOU,17.0,-3.0
2009_12_GB_DET,2009,REG,12,GB,34.0,DET,12.0,-22.0
2009_12_OAK_DAL,2009,REG,12,OAK,7.0,DAL,24.0,17.0
2009_12_NYG_DEN,2009,REG,12,NYG,6.0,DEN,26.0,20.0
2009_12_TB_ATL,2009,REG,12,TB,17.0,ATL,20.0,3.0
2009_12_MIA_BUF,2009,REG,12,MIA,14.0,BUF,31.0,17.0
2009_12_CLE_CIN,2009,REG,12,CLE,7.0,CIN,16.0,9.0
2009_12_IND_HOU,2009,REG,12,IND,35.0,HOU,27.0,-8.0
2009_12_CAR_NYJ,2009,REG,12,CAR,6.0,NYJ,17.0,11.0
2009_12_WAS_PHI,2009,REG,12,WAS,24.0,PHI,27.0,3.0
2009_12_SEA_STL,2009,REG,12,SEA,27.0,STL,17.0,-10.0
2009_12_KC_SD,2009,REG,12,KC,14.0,SD,43.0,29.0
2009_12_JAX_SF,2009,REG,12,JAX,3.0,SF,20.0,17.0
2009_12_CHI_MIN,2009,REG,12,CHI,10.0,MIN,36.0,26.0
2009_12_ARI_TEN,2009,REG,12,ARI,17.0,TEN,20.0,3.0
2009_12_PIT_BAL,2009,REG,12,PIT,17.0,BAL,20.0,3.0
2009_12_NE_NO,2009,REG,12,NE,17.0,NO,38.0,21.0
2009_13_NYJ_BUF,2009,REG,13,NYJ,19.0,BUF,13.0,-6.0
2009_13_PHI_ATL,2009,REG,13,PHI,34.0,ATL,7.0,-27.0
2009_13_TB_CAR,2009,REG,13,TB,6.0,CAR,16.0,10.0
2009_13_STL_CHI,2009,REG,13,STL,9.0,CHI,17.0,8.0
2009_13_DET_CIN,2009,REG,13,DET,13.0,CIN,23.0,10.0
2009_13_TEN_IND,2009,REG,13,TEN,17.0,IND,27.0,10.0
2009_13_HOU_JAX,2009,REG,13,HOU,18.0,JAX,23.0,5.0
2009_13_DEN_KC,2009,REG,13,DEN,44.0,KC,13.0,-31.0
2009_13_NE_MIA,2009,REG,13,NE,21.0,MIA,22.0,1.0
2009_13_OAK_PIT,2009,REG,13,OAK,27.0,PIT,24.0,-3.0
2009_13_NO_WAS,2009,REG,13,NO,33.0,WAS,30.0,-3.0
2009_13_SD_CLE,2009,REG,13,SD,30.0,CLE,23.0,-7.0
2009_13_DAL_NYG,2009,REG,13,DAL,24.0,NYG,31.0,7.0
2009_13_SF_SEA,2009,REG,13,SF,17.0,SEA,20.0,3.0
2009_13_MIN_ARI,2009,REG,13,MIN,17.0,ARI,30.0,13.0
2009_13_BAL_GB,2009,REG,13,BAL,14.0,GB,27.0,13.0
2009_14_PIT_CLE,2009,REG,14,PIT,6.0,CLE,13.0,7.0
2009_14_NO_ATL,2009,REG,14,NO,26.0,ATL,23.0,-3.0
2009_14_DET_BAL,2009,REG,14,DET,3.0,BAL,48.0,45.0
2009_14_GB_CHI,2009,REG,14,GB,21.0,CHI,14.0,-7.0
2009_14_SEA_HOU,2009,REG,14,SEA,7.0,HOU,34.0,27.0
2009_14_DEN_IND,2009,REG,14,DEN,16.0,IND,28.0,12.0
2009_14_MIA_JAX,2009,REG,14,MIA,14.0,JAX,10.0,-4.0
2009_14_BUF_KC,2009,REG,14,BUF,16.0,KC,10.0,-6.0
2009_14_CIN_MIN,2009,REG,14,CIN,10.0,MIN,30.0,20.0
2009_14_CAR_NE,2009,REG,14,CAR,10.0,NE,20.0,10.0
2009_14_NYJ_TB,2009,REG,14,NYJ,26.0,TB,3.0,-23.0
2009_14_WAS_OAK,2009,REG,14,WAS,34.0,OAK,13.0,-21.0
2009_14_STL_TEN,2009,REG,14,STL,7.0,TEN,47.0,40.0
2009_14_SD_DAL,2009,REG,14,SD,20.0,DAL,17.0,-3.0
2009_14_PHI_NYG,2009,REG,14,PHI,45.0,NYG,38.0,-7.0
2009_14_ARI_SF,2009,REG,14,ARI,9.0,SF,24.0,15.0
2009_15_IND_JAX,2009,REG,15,IND,35.0,JAX,31.0,-4.0
2009_15_DAL_NO,2009,REG,15,DAL,24.0,NO,17.0,-7.0
2009_15_NE_BUF,2009,REG,15,NE,17.0,BUF,10.0,-7.0
2009_15_ARI_DET,2009,REG,15,ARI,31.0,DET,24.0,-7.0
2009_15_CLE_KC,2009,REG,15,CLE,41.0,KC,34.0,-7.0
2009_15_ATL_NYJ,2009,REG,15,ATL,10.0,NYJ,7.0,-3.0
2009_15_HOU_STL,2009,REG,15,HOU,16.0,STL,13.0,-3.0
2009_15_MIA_TEN,2009,REG,15,MIA,24.0,TEN,27.0,3.0
2009_15_OAK_DEN,2009,REG,15,OAK,20.0,DEN,19.0,-1.0
2009_15_CIN_SD,2009,REG,15,CIN,24.0,SD,27.0,3.0
2009_15_CHI_BAL,2009,REG,15,CHI,7.0,BAL,31.0,24.0
2009_15_SF_PHI,2009,REG,15,SF,13.0,PHI,27.0,14.0
2009_15_GB_PIT,2009,REG,15,GB,36.0,PIT,37.0,1.0
2009_15_TB_SEA,2009,REG,15,TB,24.0,SEA,7.0,-17.0
2009_15_MIN_CAR,2009,REG,15,MIN,7.0,CAR,26.0,19.0
2009_15_NYG_WAS,2009,REG,15,NYG,45.0,WAS,12.0,-33.0
2009_16_SD_TEN,2009,REG,16,SD,42.0,TEN,17.0,-25.0
2009_16_BUF_ATL,2009,REG,16,BUF,3.0,ATL,31.0,28.0
2009_16_KC_CIN,2009,REG,16,KC,10.0,CIN,17.0,7.0
2009_16_OAK_CLE,2009,REG,16,OAK,9.0,CLE,23.0,14.0
2009_16_SEA_GB,2009,REG,16,SEA,10.0,GB,48.0,38.0
2009_16_HOU_MIA,2009,REG,16,HOU,27.0,MIA,20.0,-7.0
2009_16_JAX_NE,2009,REG,16,JAX,7.0,NE,35.0,28.0
2009_16_TB_NO,2009,REG,16,TB,20.0,NO,17.0,-3.0
2009_16_CAR_NYG,2009,REG,16,CAR,41.0,NYG,9.0,-32.0
2009_16_BAL_PIT,2009,REG,16,BAL,20.0,PIT,23.0,3.0
2009_16_STL_ARI,2009,REG,16,STL,10.0,ARI,31.0,21.0
2009_16_DET_SF,2009,REG,16,DET,6.0,SF,20.0,14.0
2009_16_NYJ_IND,2009,REG,16,NYJ,29.0,IND,15.0,-14.0
2009_16_DEN_PHI,2009,REG,16,DEN,27.0,PHI,30.0,3.0
2009_16_DAL_WAS,2009,REG,16,DAL,17.0,WAS,0.0,-17.0
2009_16_MIN_CHI,2009,REG,16,MIN,30.0,CHI,36.0,6.0
2009_17_IND_BUF,2009,REG,17,IND,7.0,BUF,30.0,23.0
2009_17_NO_CAR,2009,REG,17,NO,10.0,CAR,23.0,13.0
2009_17_JAX_CLE,2009,REG,17,JAX,17.0,CLE,23.0,6.0
2009_17_CHI_DET,2009,REG,17,CHI,37.0,DET,23.0,-14.0
2009_17_NE_HOU,2009,REG,17,NE,27.0,HOU,34.0,7.0
2009_17_PIT_MIA,2009,REG,17,PIT,30.0,MIA,24.0,-6.0
2009_17_NYG_MIN,2009,REG,17,NYG,7.0,MIN,44.0,37.0
2009_17_SF_STL,2009,REG,17,SF,28.0,STL,6.0,-22.0
2009_17_ATL_TB,2009,REG,17,ATL,20.0,TB,10.0,-10.0
2009_17_GB_ARI,2009,REG,17,GB,33.0,ARI,7.0,-26.0
2009_17_PHI_DAL,2009,REG,17,PHI,0.0,DAL,24.0,24.0
2009_17_KC_DEN,2009,REG,17,KC,44.0,DEN,24.0,-20.0
2009_17_BAL_OAK,2009,REG,17,BAL,21.0,OAK,13.0,-8.0
2009_17_WAS_SD,2009,REG,17,WAS,20.0,SD,23.0,3.0
2009_17_TEN_SEA,2009,REG,17,TEN,17.0,SEA,13.0,-4.0
2009_17_CIN_NYJ,2009,REG,17,CIN,0.0,NYJ,37.0,37.0
2009_18_NYJ_CIN,2009,WC,18,NYJ,24.0,CIN,14.0,-10.0
2009_18_PHI_DAL,2009,WC,18,PHI,14.0,DAL,34.0,20.0
2009_18_BAL_NE,2009,WC,18,BAL,33.0,NE,14.0,-19.0
2009_18_GB_ARI,2009,WC,18,GB,45.0,ARI,51.0,6.0
2009_19_ARI_NO,2009,DIV,19,ARI,14.0,NO,45.0,31.0
2009_19_BAL_IND,2009,DIV,19,BAL,3.0,IND,20.0,17.0
2009_19_DAL_MIN,2009,DIV,19,DAL,3.0,MIN,34.0,31.0
2009_19_NYJ_SD,2009,DIV,19,NYJ,17.0,SD,14.0,-3.0
2009_20_NYJ_IND,2009,CON,20,NYJ,17.0,IND,30.0,13.0
2009_20_MIN_NO,2009,CON,20,MIN,28.0,NO,31.0,3.0
2009_21_NO_IND,2009,SB,21,NO,31.0,IND,17.0,-14.0
2010_01_MIN_NO,2010,REG,1,MIN,9.0,NO,14.0,5.0
2010_01_MIA_BUF,2010,REG,1,MIA,15.0,BUF,10.0,-5.0
2010_01_DET_CHI,2010,REG,1,DET,14.0,CHI,19.0,5.0
2010_01_IND_HOU,2010,REG,1,IND,24.0,HOU,34.0,10.0
2010_01_DEN_JAX,2010,REG,1,DEN,17.0,JAX,24.0,7.0
2010_01_CIN_NE,2010,REG,1,CIN,24.0,NE,38.0,14.0
2010_01_CAR_NYG,2010,REG,1,CAR,18.0,NYG,31.0,13.0
2010_01_ATL_PIT,2010,REG,1,ATL,9.0,PIT,15.0,6.0
2010_01_CLE_TB,2010,REG,1,CLE,14.0,TB,17.0,3.0
2010_01_OAK_TEN,2010,REG,1,OAK,13.0,TEN,38.0,25.0
2010_01_GB_PHI,2010,REG,1,GB,27.0,PHI,20.0,-7.0
2010_01_SF_SEA,2010,REG,1,SF,6.0,SEA,31.0,25.0
2010_01_ARI_STL,2010,REG,1,ARI,17.0,STL,13.0,-4.0
2010_01_DAL_WAS,2010,REG,1,DAL,7.0,WAS,13.0,6.0
2010_01_BAL_NYJ,2010,REG,1,BAL,10.0,NYJ,9.0,-1.0
2010_01_SD_KC,2010,REG,1,SD,14.0,KC,21.0,7.0
2010_02_ARI_ATL,2010,REG,2,ARI,7.0,ATL,41.0,34.0
2010_02_TB_CAR,2010,REG,2,TB,20.0,CAR,7.0,-13.0
2010_02_BAL_CIN,2010,REG,2,BAL,10.0,CIN,15.0,5.0
2010_02_KC_CLE,2010,REG,2,KC,16.0,CLE,14.0,-2.0
2010_02_CHI_DAL,2010,REG,2,CHI,27.0,DAL,20.0,-7.0
2010_02_PHI_DET,2010,REG,2,PHI,35.0,DET,32.0,-3.0
2010_02_BUF_GB,2010,REG,2,BUF,7.0,GB,34.0,27.0
2010_02_MIA_MIN,2010,REG,2,MIA,14.0,MIN,10.0,-4.0
2010_02_PIT_TEN,2010,REG,2,PIT,19.0,TEN,11.0,-8.0
2010_02_SEA_DEN,2010,REG,2,SEA,14.0,DEN,31.0,17.0
2010_02_STL_OAK,2010,REG,2,STL,14.0,OAK,16.0,2.0
2010_02_NE_NYJ,2010,REG,2,NE,14.0,NYJ,28.0,14.0
2010_02_JAX_SD,2010,REG,2,JAX,13.0,SD,38.0,25.0
2010_02_HOU_WAS,2010,REG,2,HOU,30.0,WAS,27.0,-3.0
2010_02_NYG_IND,2010,REG,2,NYG,14.0,IND,38.0,24.0
2010_02_NO_SF,2010,REG,2,NO,25.0,SF,22.0,-3.0
2010_03_CLE_BAL,2010,REG,3,CLE,17.0,BAL,24.0,7.0
2010_03_CIN_CAR,2010,REG,3,CIN,20.0,CAR,7.0,-13.0
2010_03_DAL_HOU,2010,REG,3,DAL,27.0,HOU,13.0,-14.0
2010_03_SF_KC,2010,REG,3,SF,10.0,KC,31.0,21.0
2010_03_DET_MIN,2010,REG,3,DET,10.0,MIN,24.0,14.0
2010_03_BUF_NE,2010,REG,3,BUF,30.0,NE,38.0,8.0
2010_03_ATL_NO,2010,REG,3,ATL,27.0,NO,24.0,-3.0
2010_03_TEN_NYG,2010,REG,3,TEN,29.0,NYG,10.0,-19.0
2010_03_PIT_TB,2010,REG,3,PIT,38.0,TB,13.0,-25.0
2010_03_PHI_JAX,2010,REG,3,PHI,28.0,JAX,3.0,-25.0
2010_03_WAS_STL,2010,REG,3,WAS,16.0,STL,30.0,14.0
2010_03_OAK_ARI,2010,REG,3,OAK,23.0,ARI,24.0,1.0
2010_03_IND_DEN,2010,REG,3,IND,27.0,DEN,13.0,-14.0
2010_03_SD_SEA,2010,REG,3,SD,20.0,SEA,27.0,7.0
2010_03_NYJ_MIA,2010,REG,3,NYJ,31.0,MIA,23.0,-8.0
2010_03_GB_CHI,2010,REG,3,GB,17.0,CHI,20.0,3.0
2010_04_SF_ATL,2010,REG,4,SF,14.0,ATL,16.0,2.0
2010_04_NYJ_BUF,2010,REG,4,NYJ,38.0,BUF,14.0,-24.0
2010_04_CIN_CLE,2010,REG,4,CIN,20.0,CLE,23.0,3.0
2010_04_DET_GB,2010,REG,4,DET,26.0,GB,28.0,2.0
2010_04_CAR_NO,2010,REG,4,CAR,14.0,NO,16.0,2.0
2010_04_BAL_PIT,2010,REG,4,BAL,17.0,PIT,14.0,-3.0
2010_04_SEA_STL,2010,REG,4,SEA,3.0,STL,20.0,17.0
2010_04_DEN_TEN,2010,REG,4,DEN,26.0,TEN,20.0,-6.0
2010_04_IND_JAX,2010,REG,4,IND,28.0,JAX,31.0,3.0
2010_04_HOU_OAK,2010,REG,4,HOU,31.0,OAK,24.0,-7.0
2010_04_WAS_PHI,2010,REG,4,WAS,17.0,PHI,12.0,-5.0
2010_04_ARI_SD,2010,REG,4,ARI,10.0,SD,41.0,31.0
2010_04_CHI_NYG,2010,REG,4,CHI,3.0,NYG,17.0,14.0
2010_04_NE_MIA,2010,REG,4,NE,41.0,MIA,14.0,-27.0
2010_05_DEN_BAL,2010,REG,5,DEN,17.0,BAL,31.0,14.0
2010_05_JAX_BUF,2010,REG,5,JAX,36.0,BUF,26.0,-10.0
2010_05_CHI_CAR,2010,REG,5,CHI,23.0,CAR,6.0,-17.0
2010_05_TB_CIN,2010,REG,5,TB,24.0,CIN,21.0,-3.0
2010_05_ATL_CLE,2010,REG,5,ATL,20.0,CLE,10.0,-10.0
2010_05_STL_DET,2010,REG,5,STL,6.0,DET,44.0,38.0
2010_05_NYG_HOU,2010,REG,5,NYG,34.0,HOU,10.0,-24.0
2010_05_KC_IND,2010,REG,5,KC,9.0,IND,19.0,10.0
2010_05_GB_WAS,2010,REG,5,GB,13.0,WAS,16.0,3.0
2010_05_NO_ARI,2010,REG,5,NO,20.0,ARI,30.0,10.0
2010_05_TEN_DAL,2010,REG,5,TEN,34.0,DAL,27.0,-7.0
2010_05_SD_OAK,2010,REG,5,SD,27.0,OAK,35.0,8.0
2010_05_PHI_SF,2010,REG,5,PHI,27.0,SF,24.0,-3.0
2010_05_MIN_NYJ,2010,REG,5,MIN,20.0,NYJ,29.0,9.0
2010_06_SEA_CHI,2010,REG,6,SEA,23.0,CHI,20.0,-3.0
2010_06_MIA_GB,2010,REG,6,MIA,23.0,GB,20.0,-3.0
2010_06_KC_HOU,2010,REG,6,KC,31.0,HOU,35.0,4.0
2010_06_BAL_NE,2010,REG,6,BAL,20.0,NE,23.0,3.0
2010_06_DET_NYG,2010,REG,6,DET,20.0,NYG,28.0,8.0
2010_06_ATL_PHI,2010,REG,6,ATL,17.0,PHI,31.0,14.0
2010_06_CLE_PIT,2010,REG,6,CLE,10.0,PIT,28.0,18.0
2010_06_SD_STL,2010,REG,6,SD,17.0,STL,20.0,3.0
2010_06_NO_TB,2010,REG,6,NO,31.0,TB,6.0,-25.0
2010_06_NYJ_DEN,2010,REG,6,NYJ,24.0,DEN,20.0,-4.0
2010_06_OAK_SF,2010,REG,6,OAK,9.0,SF,17.0,8.0
2010_06_DAL_MIN,2010,REG,6,DAL,21.0,MIN,24.0,3.0
2010_06_IND_WAS,2010,REG,6,IND,27.0,WAS,24.0,-3.0
2010_06_TEN_JAX,2010,REG,6,TEN,30.0,JAX,3.0,-27.0
2010_07_CIN_ATL,2010,REG,7,CIN,32.0,ATL,39.0,7.0
2010_07_BUF_BAL,2010,REG,7,BUF,34.0,BAL,37.0,3.0
2010_07_SF_CAR,2010,REG,7,SF,20.0,CAR,23.0,3.0
2010_07_WAS_CHI,2010,REG,7,WAS,17.0,CHI,14.0,-3.0
2010_07_JAX_KC,2010,REG,7,JAX,20.0,KC,42.0,22.0
2010_07_PIT_MIA,2010,REG,7,PIT,23.0,MIA,22.0,-1.0
2010_07_CLE_NO,2010,REG,7,CLE,30.0,NO,17.0,-13.0
2010_07_STL_TB,2010,REG,7,STL,17.0,TB,18.0,1.0
2010_07_PHI_TEN,2010,REG,7,PHI,19.0,TEN,37.0,18.0
2010_07_ARI_SEA,2010,REG,7,ARI,10.0,SEA,22.0,12.0
2010_07_OAK_DEN,2010,REG,7,OAK,59.0,DEN,14.0,-45.0
2010_07_NE_SD,2010,REG,7,NE,23.0,SD,20.0,-3.0
2010_07_MIN_GB,2010,REG,7,MIN,24.0,GB,28.0,4.0
2010_07_NYG_DAL,2010,REG,7,NYG,41.0,DAL,35.0,-6.0
2010_08_MIA_CIN,2010,REG,8,MIA,22.0,CIN,14.0,-8.0
2010_08_JAX_DAL,2010,REG,8,JAX,35.0,DAL,17.0,-18.0
2010_08_WAS_DET,2010,REG,8,WAS,25.0,DET,37.0,12.0
2010_08_BUF_KC,2010,REG,8,BUF,10.0,KC,13.0,3.0
2010_08_GB_NYJ,2010,REG,8,GB,9.0,NYJ,0.0,-9.0
2010_08_DEN_SF,2010,REG,8,DEN,16.0,SF,24.0,8.0
2010_08_CAR_STL,2010,REG,8,CAR,10.0,STL,20.0,10.0
2010_08_TEN_SD,2010,REG,8,TEN,25.0,SD,33.0,8.0
2010_08_TB_ARI,2010,REG,8,TB,38.0,ARI,35.0,-3.0
2010_08_MIN_NE,2010,REG,8,MIN,18.0,NE,28.0,10.0
2010_08_SEA_OAK,2010,REG,8,SEA,3.0,OAK,33.0,30.0
2010_08_PIT_NO,2010,REG,8,PIT,10.0,NO,20.0,10.0
2010_08_HOU_IND,2010,REG,8,HOU,17.0,IND,30.0,13.0
2010_09_TB_ATL,2010,REG,9,TB,21.0,ATL,27.0,6.0
2010_09_MIA_BAL,2010,REG,9,MIA,10.0,BAL,26.0,16.0
2010_09_CHI_BUF,2010,REG,9,CHI,22.0,BUF,19.0,-3.0
2010_09_NO_CAR,2010,REG,9,NO,34.0,CAR,3.0,-31.0
2010_09_NE_CLE,2010,REG,9,NE,14.0,CLE,34.0,20.0
2010_09_NYJ_DET,2010,REG,9,NYJ,23.0,DET,20.0,-3.0
2010_09_SD_HOU,2010,REG,9,SD,29.0,HOU,23.0,-6.0
2010_09_ARI_MIN,2010,REG,9,ARI,24.0,MIN,27.0,3.0
2010_09_NYG_SEA,2010,REG,9,NYG,41.0,SEA,7.0,-34.0
2010_09_KC_OAK,2010,REG,9,KC,20.0,OAK,23.0,3.0
2010_09_IND_PHI,2010,REG,9,IND,24.0,PHI,26.0,2.0
2010_09_DAL_GB,2010,REG,9,DAL,7.0,GB,45.0,38.0
2010_09_PIT_CIN,2010,REG,9,PIT,27.0,CIN,21.0,-6.0
2010_10_BAL_ATL,2010,REG,10,BAL,21.0,ATL,26.0,5.0
2010_10_DET_BUF,2010,REG,10,DET,12.0,BUF,14.0,2.0
2010_10_MIN_CHI,2010,REG,10,MIN,13.0,CHI,27.0,14.0
2010_10_NYJ_CLE,2010,REG,10,NYJ,26.0,CLE,20.0,-6.0
2010_10_CIN_IND,2010,REG,10,CIN,17.0,IND,23.0,6.0
2010_10_HOU_JAX,2010,REG,10,HOU,24.0,JAX,31.0,7.0
2010_10_TEN_MIA,2010,REG,10,TEN,17.0,MIA,29.0,12.0
2010_10_CAR_TB,2010,REG,10,CAR,16.0,TB,31.0,15.0
2010_10_KC_DEN,2010,REG,10,KC,29.0,DEN,49.0,20.0
2010_10_SEA_ARI,2010,REG,10,SEA,36.0,ARI,18.0,-18.0
2010_10_DAL_NYG,2010,REG,10,DAL,33.0,NYG,20.0,-13.0
2010_10_STL_SF,2010,REG,10,STL,20.0,SF,23.0,3.0
2010_10_NE_PIT,2010,REG,10,NE,39.0,PIT,26.0,-13.0
2010_10_PHI_WAS,2010,REG,10,PHI,59.0,WAS,28.0,-31.0
2010_11_CHI_MIA,2010,REG,11,CHI,16.0,MIA,0.0,-16.0
2010_11_BAL_CAR,2010,REG,11,BAL,37.0,CAR,13.0,-24.0
2010_11_BUF_CIN,2010,REG,11,BUF,49.0,CIN,31.0,-18.0
2010_11_DET_DAL,2010,REG,11,DET,19.0,DAL,35.0,16.0
2010_11_CLE_JAX,2010,REG,11,CLE,20.0,JAX,24.0,4.0
2010_11_ARI_KC,2010,REG,11,ARI,13.0,KC,31.0,18.0
2010_11_GB_MIN,2010,REG,11,GB,31.0,MIN,3.0,-28.0
2010_11_HOU_NYJ,2010,REG,11,HOU,27.0,NYJ,30.0,3.0
2010_11_OAK_PIT,2010,REG,11,OAK,3.0,PIT,35.0,32.0
2010_11_WAS_TEN,2010,REG,11,WAS,19.0,TEN,16.0,-3.0
2010_11_SEA_NO,2010,REG,11,SEA,19.0,NO,34.0,15.0
2010_11_TB_SF,2010,REG,11,TB,21.0,SF,0.0,-21.0
2010_11_ATL_STL,2010,REG,11,ATL,34.0,STL,17.0,-17.0
2010_11_IND_NE,2010,REG,11,IND,28.0,NE,31.0,3.0
2010_11_NYG_PHI,2010,REG,11,NYG,17.0,PHI,27.0,10.0
2010_11_DEN_SD,2010,REG,11,DEN,14.0,SD,35.0,21.0
2010_12_NE_DET,2010,REG,12,NE,45.0,DET,24.0,-21.0
2010_12_NO_DAL,2010,REG,12,NO,30.0,DAL,27.0,-3.0
2010_12_CIN_NYJ,2010,REG,12,CIN,10.0,NYJ,26.0,16.0
2010_12_GB_ATL,2010,REG,12,GB,17.0,ATL,20.0,3.0
2010_12_PIT_BUF,2010,REG,12,PIT,19.0,BUF,16.0,-3.0
2010_12_CAR_CLE,2010,REG,12,CAR,23.0,CLE,24.0,1.0
2010_12_TEN_HOU,2010,REG,12,TEN,0.0,HOU,20.0,20.0
2010_12_JAX_NYG,2010,REG,12,JAX,20.0,NYG,24.0,4.0
2010_12_MIN_WAS,2010,REG,12,MIN,17.0,WAS,13.0,-4.0
2010_12_MIA_OAK,2010,REG,12,MIA,33.0,OAK,17.0,-16.0
2010_12_KC_SEA,2010,REG,12,KC,42.0,SEA,24.0,-18.0
2010_12_TB_BAL,2010,REG,12,TB,10.0,BAL,17.0,7.0
2010_12_PHI_CHI,2010,REG,12,PHI,26.0,CHI,31.0,5.0
2010_12_STL_DEN,2010,REG,12,STL,36.0,DEN,33.0,-3.0
2010_12_SD_IND,2010,REG,12,SD,36.0,IND,14.0,-22.0
2010_12_SF_ARI,2010,REG,12,SF,27.0,ARI,6.0,-21.0
2010_13_HOU_PHI,2010,REG,13,HOU,24.0,PHI,34.0,10.0
2010_13_NO_CIN,2010,REG,13,NO,34.0,CIN,30.0,-4.0
2010_13_CHI_DET,2010,REG,13,CHI,24.0,DET,20.0,-4.0
2010_13_SF_GB,2010,REG,13,SF,16.0,GB,34.0,18.0
2010_13_DEN_KC,2010,REG,13,DEN,6.0,KC,10.0,4.0
2010_13_CLE_MIA,2010,REG,13,CLE,13.0,MIA,10.0,-3.0
2010_13_BUF_MIN,2010,REG,13,BUF,14.0,MIN,38.0,24.0
2010_13_WAS_NYG,2010,REG,13,WAS,7.0,NYG,31.0,24.0
2010_13_JAX_TEN,2010,REG,13,JAX,17.0,TEN,6.0,-11.0
2010_13_OAK_SD,2010,REG,13,OAK,28.0,SD,13.0,-15.0
2010_13_STL_ARI,2010,REG,13,STL,19.0,ARI,6.0,-13.0
2010_13_DAL_IND,2010,REG,13,DAL,38.0,IND,35.0,-3.0
2010_13_CAR_SEA,2010,REG,13,CAR,14.0,SEA,31.0,17.0
2010_13_ATL_TB,2010,REG,13,ATL,28.0,TB,24.0,-4.0
2010_13_PIT_BAL,2010,REG,13,PIT,13.0,BAL,10.0,-3.0
2010_13_NYJ_NE,2010,REG,13,NYJ,3.0,NE,45.0,42.0
2010_14_IND_TEN,2010,REG,14,IND,30.0,TEN,28.0,-2.0
2010_14_CLE_BUF,2010,REG,14,CLE,6.0,BUF,13.0,7.0
2010_14_ATL_CAR,2010,REG,14,ATL,31.0,CAR,10.0,-21.0
2010_14_GB_DET,2010,REG,14,GB,3.0,DET,7.0,4.0
2010_14_OAK_JAX,2010,REG,14,OAK,31.0,JAX,38.0,7.0
2010_14_CIN_PIT,2010,REG,14,CIN,7.0,PIT,23.0,16.0
2010_14_TB_WAS,2010,REG,14,TB,17.0,WAS,16.0,-1.0
2010_14_STL_NO,2010,REG,14,STL,13.0,NO,31.0,18.0
2010_14_SEA_SF,2010,REG,14,SEA,21.0,SF,40.0,19.0
2010_14_DEN_ARI,2010,REG,14,DEN,13.0,ARI,43.0,30.0
2010_14_NE_CHI,2010,REG,14,NE,36.0,CHI,7.0,-29.0
2010_14_MIA_NYJ,2010,REG,14,MIA,10.0,NYJ,6.0,-4.0
2010_14_KC_SD,2010,REG,14,KC,0.0,SD,31.0,31.0
2010_14_PHI_DAL,2010,REG,14,PHI,30.0,DAL,27.0,-3.0
2010_14_NYG_MIN,2010,REG,14,NYG,21.0,MIN,3.0,-18.0
2010_14_BAL_HOU,2010,REG,14,BAL,34.0,HOU,28.0,-6.0
2010_15_SF_SD,2010,REG,15,SF,7.0,SD,34.0,27.0
2010_15_NO_BAL,2010,REG,15,NO,24.0,BAL,30.0,6.0
2010_15_ARI_CAR,2010,REG,15,ARI,12.0,CAR,19.0,7.0
2010_15_CLE_CIN,2010,REG,15,CLE,17.0,CIN,19.0,2.0
2010_15_WAS_DAL,2010,REG,15,WAS,30.0,DAL,33.0,3.0
2010_15_JAX_IND,2010,REG,15,JAX,24.0,IND,34.0,10.0
2010_15_BUF_MIA,2010,REG,15,BUF,17.0,MIA,14.0,-3.0
2010_15_PHI_NYG,2010,REG,15,PHI,38.0,NYG,31.0,-7.0
2010_15_KC_STL,2010,REG,15,KC,27.0,STL,13.0,-14.0
2010_15_DET_TB,2010,REG,15,DET,23.0,TB,20.0,-3.0
2010_15_HOU_TEN,2010,REG,15,HOU,17.0,TEN,31.0,14.0
2010_15_ATL_SEA,2010,REG,15,ATL,34.0,SEA,18.0,-16.0
2010_15_DEN_OAK,2010,REG,15,DEN,23.0,OAK,39.0,16.0
2010_15_NYJ_PIT,2010,REG,15,NYJ,22.0,PIT,17.0,-5.0
2010_15_GB_NE,2010,REG,15,GB,27.0,NE,31.0,4.0
2010_15_CHI_MIN,2010,REG,15,CHI,40.0,MIN,14.0,-26.0
2010_16_CAR_PIT,2010,REG,16,CAR,3.0,PIT,27.0,24.0
2010_16_DAL_ARI,2010,REG,16,DAL,26.0,ARI,27.0,1.0
2010_16_NE_BUF,2010,REG,16,NE,34.0,BUF,3.0,-31.0
2010_16_NYJ_CHI,2010,REG,16,NYJ,34.0,CHI,38.0,4.0
2010_16_BAL_CLE,2010,REG,16,BAL,20.0,CLE,10.0,-10.0
2010_16_WAS_JAX,2010,REG,16,WAS,20.0,JAX,17.0,-3.0
2010_16_TEN_KC,2010,REG,16,TEN,14.0,KC,34.0,20.0
2010_16_DET_MIA,2010,REG,16,DET,34.0,MIA,27.0,-7.0
2010_16_SF_STL,2010,REG,16,SF,17.0,STL,25.0,8.0
2010_16_SD_CIN,2010,REG,16,SD,20.0,CIN,34.0,14.0
2010_16_HOU_DEN,2010,REG,16,HOU,23.0,DEN,24.0,1.0
2010_16_IND_OAK,2010,REG,16,IND,31.0,OAK,26.0,-5.0
2010_16_NYG_GB,2010,REG,16,NYG,17.0,GB,45.0,28.0
2010_16_SEA_TB,2010,REG,16,SEA,15.0,TB,38.0,23.0
2010_16_NO_ATL,2010,REG,16,NO,17.0,ATL,14.0,-3.0
2010_16_MIN_PHI,2010,REG,16,MIN,24.0,PHI,14.0,-10.0
2010_17_CAR_ATL,2010,REG,17,CAR,10.0,ATL,31.0,21.0
2010_17_CIN_BAL,2010,REG,17,CIN,7.0,BAL,13.0,6.0
2010_17_PIT_CLE,2010,REG,17,PIT,41.0,CLE,9.0,-32.0
2010_17_MIN_DET,2010,REG,17,MIN,13.0,DET,20.0,7.0
2010_17_OAK_KC,2010,REG,17,OAK,31.0,KC,10.0,-21.0
2010_17_MIA_NE,2010,REG,17,MIA,7.0,NE,38.0,31.0
2010_17_TB_NO,2010,REG,17,TB,23.0,NO,13.0,-10.0
2010_17_BUF_NYJ,2010,REG,17,BUF,7.0,NYJ,38.0,31.0
2010_17_SD_DEN,2010,REG,17,SD,33.0,DEN,28.0,-5.0
2010_17_CHI_GB,2010,REG,17,CHI,3.0,GB,10.0,7.0
2010_17_JAX_HOU,2010,REG,17,JAX,17.0,HOU,34.0,17.0
2010_17_TEN_IND,2010,REG,17,TEN,20.0,IND,23.0,3.0
2010_17_DAL_PHI,2010,REG,17,DAL,14.0,PHI,13.0,-1.0
2010_17_ARI_SF,2010,REG,17,ARI,7.0,SF,38.0,31.0
2010_17_NYG_WAS,2010,REG,17,NYG,17.0,WAS,14.0,-3.0
2010_17_STL_SEA,2010,REG,17,STL,6.0,SEA,16.0,10.0
2010_18_NO_SEA,2010,WC,18,NO,36.0,SEA,41.0,5.0
2010_18_NYJ_IND,2010,WC,18,NYJ,17.0,IND,16.0,-1.0
2010_18_BAL_KC,2010,WC,18,BAL,30.0,KC,7.0,-23.0
2010_18_GB_PHI,2010,WC,18,GB,21.0,PHI,16.0,-5.0
2010_19_BAL_PIT,2010,DIV,19,BAL,24.0,PIT,31.0,7.0
2010_19_GB_ATL,2010,DIV,19,GB,48.0,ATL,21.0,-27.0
2010_19_SEA_CHI,2010,DIV,19,SEA,24.0,CHI,35.0,11.0
2010_19_NYJ_NE,2010,DIV,19,NYJ,28.0,NE,21.0,-7.0
2010_20_GB_CHI,2010,CON,20,GB,21.0,CHI,14.0,-7.0
2010_20_NYJ_PIT,2010,CON,20,NYJ,19.0,PIT,24.0,5.0
2010_21_PIT_GB,2010,SB,21,PIT,25.0,GB,31.0,6.0
2011_01_NO_GB,2011,REG,1,NO,34.0,GB,42.0,8.0
2011_01_PIT_BAL,2011,REG,1,PIT,7.0,BAL,35.0,28.0
2011_01_ATL_CHI,2011,REG,1,ATL,12.0,CHI,30.0,18.0
2011_01_CIN_CLE,2011,REG,1,CIN,27.0,CLE,17.0,-10.0
2011_01_IND_HOU,2011,REG,1,IND,7.0,HOU,34.0,27.0
2011_01_TEN_JAX,2011,REG,1,TEN,14.0,JAX,16.0,2.0
2011_01_BUF_KC,2011,REG,1,BUF,41.0,KC,7.0,-34.0
2011_01_PHI_STL,2011,REG,1,PHI,31.0,STL,13.0,-18.0
2011_01_DET_TB,2011,REG,1,DET,27.0,TB,20.0,-7.0
2011_01_CAR_ARI,2011,REG,1,CAR,21.0,ARI,28.0,7.0
2011_01_MIN_SD,2011,REG,1,MIN,17.0,SD,24.0,7.0
2011_01_SEA_SF,2011,REG,1,SEA,17.0,SF,33.0,16.0
2011_01_NYG_WAS,2011,REG,1,NYG,14.0,WAS,28.0,14.0
2011_01_DAL_NYJ,2011,REG,1,DAL,24.0,NYJ,27.0,3.0
2011_01_NE_MIA,2011,REG,1,NE,38.0,MIA,24.0,-14.0
2011_01_OAK_DEN,2011,REG,1,OAK,23.0,DEN,20.0,-3.0
2011_02_OAK_BUF,2011,REG,2,OAK,35.0,BUF,38.0,3.0
2011_02_GB_CAR,2011,REG,2,GB,30.0,CAR,23.0,-7.0
2011_02_KC_DET,2011,REG,2,KC,3.0,DET,48.0,45.0
2011_02_CLE_IND,2011,REG,2,CLE,27.0,IND,19.0,-8.0
2011_02_TB_MIN,2011,REG,2,TB,24.0,MIN,20.0,-4.0
2011_02_CHI_NO,2011,REG,2,CHI,13.0,NO,30.0,17.0
2011_02_JAX_NYJ,2011,REG,2,JAX,3.0,NYJ,32.0,29.0
2011_02_SEA_PIT,2011,REG,2,SEA,0.0,PIT,24.0,24.0
2011_02_BAL_TEN,2011,REG,2,BAL,13.0,TEN,26.0,13.0
2011_02_ARI_WAS,2011,REG,2,ARI,21.0,WAS,22.0,1.0
2011_02_DAL_SF,2011,REG,2,DAL,27.0,SF,24.0,-3.0
2011_02_CIN_DEN,2011,REG,2,CIN,22.0,DEN,24.0,2.0
2011_02_HOU_MIA,2011,REG,2,HOU,23.0,MIA,13.0,-10.0
2011_02_SD_NE,2011,REG,2,SD,21.0,NE,35.0,14.0
2011_02_PHI_ATL,2011,REG,2,PHI,31.0,ATL,35.0,4.0
2011_02_STL_NYG,2011,REG,2,STL,16.0,NYG,28.0,12.0
2011_03_NE_BUF,2011,REG,3,NE,31.0,BUF,34.0,3.0
2011_03_JAX_CAR,2011,REG,3,JAX,10.0,CAR,16.0,6.0
2011_03_SF_CIN,2011,REG,3,SF,13.0,CIN,8.0,-5.0
2011_03_MIA_CLE,2011,REG,3,MIA,16.0,CLE,17.0,1.0
2011_03_DET_MIN,2011,REG,3,DET,26.0,MIN,23.0,-3.0
2011_03_HOU_NO,2011,REG,3,HOU,33.0,NO,40.0,7.0
2011_03_NYG_PHI,2011,REG,3,NYG,29.0,PHI,16.0,-13.0
2011_03_DEN_TEN,2011,REG,3,DEN,14.0,TEN,17.0,3.0
2011_03_NYJ_OAK,2011,REG,3,NYJ,24.0,OAK,34.0,10.0
2011_03_KC_SD,2011,REG,3,KC,17.0,SD,20.0,3.0
2011_03_BAL_STL,2011,REG,3,BAL,37.0,STL,7.0,-30.0
2011_03_GB_CHI,2011,REG,3,GB,27.0,CHI,17.0,-10.0
2011_03_ARI_SEA,2011,REG,3,ARI,10.0,SEA,13.0,3.0
2011_03_ATL_TB,2011,REG,3,ATL,13.0,TB,16.0,3.0
2011_03_PIT_IND,2011,REG,3,PIT,23.0,IND,20.0,-3.0
2011_03_WAS_DAL,2011,REG,3,WAS,16.0,DAL,18.0,2.0
2011_04_CAR_CHI,2011,REG,4,CAR,29.0,CHI,34.0,5.0
2011_04_BUF_CIN,2011,REG,4,BUF,20.0,CIN,23.0,3.0
2011_04_TEN_CLE,2011,REG,4,TEN,31.0,CLE,13.0,-18.0
2011_04_DET_DAL,2011,REG,4,DET,34.0,DAL,30.0,-4.0
2011_04_PIT_HOU,2011,REG,4,PIT,10.0,HOU,17.0,7.0
2011_04_NO_JAX,2011,REG,4,NO,23.0,JAX,10.0,-13.0
2011_04_MIN_KC,2011,REG,4,MIN,17.0,KC,22.0,5.0
2011_04_SF_PHI,2011,REG,4,SF,24.0,PHI,23.0,-1.0
2011_04_WAS_STL,2011,REG,4,WAS,17.0,STL,10.0,-7.0
2011_04_NYG_ARI,2011,REG,4,NYG,31.0,ARI,27.0,-4.0
2011_04_ATL_SEA,2011,REG,4,ATL,30.0,SEA,28.0,-2.0
2011_04_DEN_GB,2011,REG,4,DEN,23.0,GB,49.0,26.0
2011_04_NE_OAK,2011,REG,4,NE,31.0,OAK,19.0,-12.0
2011_04_MIA_SD,2011,REG,4,MIA,16.0,SD,26.0,10.0
2011_04_NYJ_BAL,2011,REG,4,NYJ,17.0,BAL,34.0,17.0
2011_04_IND_TB,2011,REG,4,IND,17.0,TB,24.0,7.0
2011_05_PHI_BUF,2011,REG,5,PHI,24.0,BUF,31.0,7.0
2011_05_NO_CAR,2011,REG,5,NO,30.0,CAR,27.0,-3.0
2011_05_OAK_HOU,2011,REG,5,OAK,25.0,HOU,20.0,-5.0
2011_05_KC_IND,2011,REG,5,KC,28.0,IND,24.0,-4.0
2011_05_CIN_JAX,2011,REG,5,CIN,30.0,JAX,20.0,-10.0
2011_05_ARI_MIN,2011,REG,5,ARI,10.0,MIN,34.0,24.0
2011_05_SEA_NYG,2011,REG,5,SEA,36.0,NYG,25.0,-11.0
2011_05_TEN_PIT,2011,REG,5,TEN,17.0,PIT,38.0,21.0
2011_05_TB_SF,2011,REG,5,TB,3.0,SF,48.0,45.0
2011_05_SD_DEN,2011,REG,5,SD,29.0,DEN,24.0,-5.0
2011_05_NYJ_NE,2011,REG,5,NYJ,21.0,NE,30.0,9.0
2011_05_GB_ATL,2011,REG,5,GB,25.0,ATL,14.0,-11.0
2011_05_CHI_DET,2011,REG,5,CHI,13.0,DET,24.0,11.0
2011_06_CAR_ATL,2011,REG,6,CAR,17.0,ATL,31.0,14.0
2011_06_IND_CIN,2011,REG,6,IND,17.0,CIN,27.0,10.0
2011_06_SF_DET,2011,REG,6,SF,25.0,DET,19.0,-6.0
2011_06_STL_GB,2011,REG,6,STL,3.0,GB,24.0,21.0
2011_06_BUF_NYG,2011,REG,6,BUF,24.0,NYG,27.0,3.0
2011_06_JAX_PIT,2011,REG,6,JAX,13.0,PIT,17.0,4.0
2011_06_PHI_WAS,2011,REG,6,PHI,20.0,WAS,13.0,-7.0
2011_06_HOU_BAL,2011,REG,6,HOU,14.0,BAL,29.0,15.0
2011_06_CLE_OAK,2011,REG,6,CLE,17.0,OAK,24.0,7.0
2011_06_DAL_NE,2011,REG,6,DAL,16.0,NE,20.0,4.0
2011_06_NO_TB,2011,REG,6,NO,20.0,TB,26.0,6.0
2011_06_MIN_CHI,2011,REG,6,MIN,10.0,CHI,39.0,29.0
2011_06_MIA_NYJ,2011,REG,6,MIA,6.0,NYJ,24.0,18.0
2011_07_WAS_CAR,2011,REG,7,WAS,20.0,CAR,33.0,13.0
2011_07_SEA_CLE,2011,REG,7,SEA,3.0,CLE,6.0,3.0
2011_07_ATL_DET,2011,REG,7,ATL,23.0,DET,16.0,-7.0
2011_07_DEN_MIA,2011,REG,7,DEN,18.0,MIA,15.0,-3.0
2011_07_SD_NYJ,2011,REG,7,SD,21.0,NYJ,27.0,6.0
2011_07_CHI_TB,2011,REG,7,CHI,24.0,TB,18.0,-6.0
2011_07_HOU_TEN,2011,REG,7,HOU,41.0,TEN,7.0,-34.0
2011_07_PIT_ARI,2011,REG,7,PIT,32.0,ARI,20.0,-12.0
2011_07_KC_OAK,2011,REG,7,KC,28.0,OAK,0.0,-28.0
2011_07_STL_DAL,2011,REG,7,STL,7.0,DAL,34.0,27.0
2011_07_GB_MIN,2011,REG,7,GB,33.0,MIN,27.0,-6.0
2011_07_IND_NO,2011,REG,7,IND,7.0,NO,62.0,55.0
2011_07_BAL_JAX,2011,REG,7,BAL,7.0,JAX,12.0,5.0
2011_08_ARI_BAL,2011,REG,8,ARI,27.0,BAL,30.0,3.0
2011_08_MIN_CAR,2011,REG,8,MIN,24.0,CAR,21.0,-3.0
2011_08_JAX_HOU,2011,REG,8,JAX,14.0,HOU,24.0,10.0
2011_08_MIA_NYG,2011,REG,8,MIA,17.0,NYG,20.0,3.0
2011_08_NO_STL,2011,REG,8,NO,21.0,STL,31.0,10.0
2011_08_IND_TEN,2011,REG,8,IND,10.0,TEN,27.0,17.0
2011_08_WAS_BUF,2011,REG,8,WAS,0.0,BUF,23.0,23.0
2011_08_DET_DEN,2011,REG,8,DET,45.0,DEN,10.0,-35.0
2011_08_NE_PIT,2011,REG,8,NE,17.0,PIT,25.0,8.0
2011_08_CIN_SEA,2011,REG,8,CIN,34.0,SEA,12.0,-22.0
2011_08_CLE_SF,2011,REG,8,CLE,10.0,SF,20.0,10.0
2011_08_DAL_PHI,2011,REG,8,DAL,7.0,PHI,34.0,27.0
2011_08_SD_KC,2011,REG,8,SD,20.0,KC,23.0,3.0
2011_09_NYJ_BUF,2011,REG,9,NYJ,27.0,BUF,11.0,-16.0
2011_09_SEA_DAL,2011,REG,9,SEA,13.0,DAL,23.0,10.0
2011_09_CLE_HOU,2011,REG,9,CLE,12.0,HOU,30.0,18.0
2011_09_ATL_IND,2011,REG,9,ATL,31.0,IND,7.0,-24.0
2011_09_MIA_KC,2011,REG,9,MIA,31.0,KC,3.0,-28.0
2011_09_TB_NO,2011,REG,9,TB,16.0,NO,27.0,11.0
2011_09_SF_WAS,2011,REG,9,SF,19.0,WAS,11.0,-8.0
2011_09_DEN_OAK,2011,REG,9,DEN,38.0,OAK,24.0,-14.0
2011_09_CIN_TEN,2011,REG,9,CIN,24.0,TEN,17.0,-7.0
2011_09_STL_ARI,2011,REG,9,STL,13.0,ARI,19.0,6.0
2011_09_NYG_NE,2011,REG,9,NYG,24.0,NE,20.0,-4.0
2011_09_GB_SD,2011,REG,9,GB,45.0,SD,38.0,-7.0
2011_09_BAL_PIT,2011,REG,9,BAL,23.0,PIT,20.0,-3.0
2011_09_CHI_PHI,2011,REG,9,CHI,30.0,PHI,24.0,-6.0
2011_10_OAK_SD,2011,REG,10,OAK,24.0,SD,17.0,-7.0
2011_10_NO_ATL,2011,REG,10,NO,26.0,ATL,23.0,-3.0
2011_10_TEN_CAR,2011,REG,10,TEN,30.0,CAR,3.0,-27.0
2011_10_PIT_CIN,2011,REG,10,PIT,24.0,CIN,17.0,-7.0
2011_10_STL_CLE,2011,REG,10,STL,13.0,CLE,12.0,-1.0
2011_10_BUF_DAL,2011,REG,10,BUF,7.0,DAL,44.0,37.0
2011_10_JAX_IND,2011,REG,10,JAX,17.0,IND,3.0,-14.0
2011_10_DEN_KC,2011,REG,10,DEN,17.0,KC,10.0,-7.0
2011_10_WAS_MIA,2011,REG,10,WAS,9.0,MIA,20.0,11.0
2011_10_ARI_PHI,2011,REG,10,ARI,21.0,PHI,17.0,-4.0
2011_10_HOU_TB,2011,REG,10,HOU,37.0,TB,9.0,-28.0
2011_10_BAL_SEA,2011,REG,10,BAL,17.0,SEA,22.0,5.0
2011_10_DET_CHI,2011,REG,10,DET,13.0,CHI,37.0,24.0
2011_10_NYG_SF,2011,REG,10,NYG,20.0,SF,27.0,7.0
2011_10_NE_NYJ,2011,REG,10,NE,37.0,NYJ,16.0,-21.0
2011_10_MIN_GB,2011,REG,10,MIN,7.0,GB,45.0,38.0
2011_11_NYJ_DEN,2011,REG,11,NYJ,13.0,DEN,17.0,4.0
2011_11_CIN_BAL,2011,REG,11,CIN,24.0,BAL,31.0,7.0
2011_11_JAX_CLE,2011,REG,11,JAX,10.0,CLE,14.0,4.0
2011_11_CAR_DET,2011,REG,11,CAR,35.0,DET,49.0,14.0
2011_11_TB_GB,2011,REG,11,TB,26.0,GB,35.0,9.0
2011_11_BUF_MIA,2011,REG,11,BUF,8.0,MIA,35.0,27.0
2011_11_OAK_MIN,2011,REG,11,OAK,27.0,MIN,21.0,-6.0
2011_11_DAL_WAS,2011,REG,11,DAL,27.0,WAS,24.0,-3.0
2011_11_ARI_SF,2011,REG,11,ARI,7.0,SF,23.0,16.0
2011_11_SEA_STL,2011,REG,11,SEA,24.0,STL,7.0,-17.0
2011_11_TEN_ATL,2011,REG,11,TEN,17.0,ATL,23.0,6.0
2011_11_SD_CHI,2011,REG,11,SD,20.0,CHI,31.0,11.0
2011_11_PHI_NYG,2011,REG,11,PHI,17.0,NYG,10.0,-7.0
2011_11_KC_NE,2011,REG,11,KC,3.0,NE,34.0,31.0
2011_12_GB_DET,2011,REG,12,GB,27.0,DET,15.0,-12.0
2011_12_MIA_DAL,2011,REG,12,MIA,19.0,DAL,20.0,1.0
2011_12_SF_BAL,2011,REG,12,SF,6.0,BAL,16.0,10.0
2011_12_MIN_ATL,2011,REG,12,MIN,14.0,ATL,24.0,10.0
2011_12_CLE_CIN,2011,REG,12,CLE,20.0,CIN,23.0,3.0
2011_12_CAR_IND,2011,REG,12,CAR,27.0,IND,19.0,-8.0
2011_12_HOU_JAX,2011,REG,12,HOU,20.0,JAX,13.0,-7.0
2011_12_BUF_NYJ,2011,REG,12,BUF,24.0,NYJ,28.0,4.0
2011_12_ARI_STL,2011,REG,12,ARI,23.0,STL,20.0,-3.0
2011_12_TB_TEN,2011,REG,12,TB,17.0,TEN,23.0,6.0
2011_12_CHI_OAK,2011,REG,12,CHI,20.0,OAK,25.0,5.0
2011_12_WAS_SEA,2011,REG,12,WAS,23.0,SEA,17.0,-6.0
2011_12_NE_PHI,2011,REG,12,NE,38.0,PHI,20.0,-18.0
2011_12_DEN_SD,2011,REG,12,DEN,16.0,SD,13.0,-3.0
2011_12_PIT_KC,2011,REG,12,PIT,13.0,KC,9.0,-4.0
2011_12_NYG_NO,2011,REG,12,NYG,24.0,NO,49.0,25.0
2011_13_PHI_SEA,2011,REG,13,PHI,14.0,SEA,31.0,17.0
2011_13_TEN_BUF,2011,REG,13,TEN,23.0,BUF,17.0,-6.0
2011_13_KC_CHI,2011,REG,13,KC,10.0,CHI,3.0,-7.0
2011_13_ATL_HOU,2011,REG,13,ATL,10.0,HOU,17.0,7.0
2011_13_OAK_MIA,2011,REG,13,OAK,14.0,MIA,34.0,20.0
2011_13_DEN_MIN,2011,REG,13,DEN,35.0,MIN,32.0,-3.0
2011_13_IND_NE,2011,REG,13,IND,24.0,NE,31.0,7.0
2011_13_CIN_PIT,2011,REG,13,CIN,7.0,PIT,35.0,28.0
2011_13_CAR_TB,2011,REG,13,CAR,38.0,TB,19.0,-19.0
2011_13_NYJ_WAS,2011,REG,13,NYJ,34.0,WAS,19.0,-15.0
2011_13_BAL_CLE,2011,REG,13,BAL,24.0,CLE,10.0,-14.0
2011_13_DAL_ARI,2011,REG,13,DAL,13.0,ARI,19.0,6.0
2011_13_GB_NYG,2011,REG,13,GB,38.0,NYG,35.0,-3.0
2011_13_STL_SF,2011,REG,13,STL,0.0,SF,26.0,26.0
2011_13_DET_NO,2011,REG,13,DET,17.0,NO,31.0,14.0
2011_13_SD_JAX,2011,REG,13,SD,38.0,JAX,14.0,-24.0
2011_14_CLE_PIT,2011,REG,14,CLE,3.0,PIT,14.0,11.0
2011_14_IND_BAL,2011,REG,14,IND,10.0,BAL,24.0,14.0
2011_14_ATL_CAR,2011,REG,14,ATL,31.0,CAR,23.0,-8.0
2011_14_HOU_CIN,2011,REG,14,HOU,20.0,CIN,19.0,-1.0
2011_14_MIN_DET,2011,REG,14,MIN,28.0,DET,34.0,6.0
2011_14_TB_JAX,2011,REG,14,TB,14.0,JAX,41.0,27.0
2011_14_PHI_MIA,2011,REG,14,PHI,26.0,MIA,10.0,-16.0
2011_14_KC_NYJ,2011,REG,14,KC,10.0,NYJ,37.0,27.0
2011_14_NO_TEN,2011,REG,14,NO,22.0,TEN,17.0,-5.0
2011_14_NE_WAS,2011,REG,14,NE,34.0,WAS,27.0,-7.0
2011_14_SF_ARI,2011,REG,14,SF,19.0,ARI,21.0,2.0
2011_14_CHI_DEN,2011,REG,14,CHI,10.0,DEN,13.0,3.0
2011_14_OAK_GB,2011,REG,14,OAK,16.0,GB,46.0,30.0
2011_14_BUF_SD,2011,REG,14,BUF,10.0,SD,37.0,27.0
2011_14_NYG_DAL,2011,REG,14,NYG,37.0,DAL,34.0,-3.0
2011_14_STL_SEA,2011,REG,14,STL,13.0,SEA,30.0,17.0
2011_15_JAX_ATL,2011,REG,15,JAX,14.0,ATL,41.0,27.0
2011_15_DAL_TB,2011,REG,15,DAL,31.0,TB,15.0,-16.0
2011_15_MIA_BUF,2011,REG,15,MIA,30.0,BUF,23.0,-7.0
2011_15_SEA_CHI,2011,REG,15,SEA,38.0,CHI,14.0,-24.0
2011_15_CAR_HOU,2011,REG,15,CAR,28.0,HOU,13.0,-15.0
2011_15_TEN_IND,2011,REG,15,TEN,13.0,IND,27.0,14.0
2011_15_GB_KC,2011,REG,15,GB,14.0,KC,19.0,5.0
2011_15_NO_MIN,2011,REG,15,NO,42.0,MIN,20.0,-22.0
2011_15_WAS_NYG,2011,REG,15,WAS,23.0,NYG,10.0,-13.0
2011_15_CIN_STL,2011,REG,15,CIN,20.0,STL,13.0,-7.0
2011_15_DET_OAK,2011,REG,15,DET,28.0,OAK,27.0,-1.0
2011_15_CLE_ARI,2011,REG,15,CLE,17.0,ARI,20.0,3.0
2011_15_NE_DEN,2011,REG,15,NE,41.0,DEN,23.0,-18.0
2011_15_NYJ_PHI,2011,REG,15,NYJ,19.0,PHI,45.0,26.0
2011_15_BAL_SD,2011,REG,15,BAL,14.0,SD,34.0,20.0
2011_15_PIT_SF,2011,REG,15,PIT,3.0,SF,20.0,17.0
2011_16_HOU_IND,2011,REG,16,HOU,16.0,IND,19.0,3.0
2011_16_CLE_BAL,2011,REG,16,CLE,14.0,BAL,20.0,6.0
2011_16_DEN_BUF,2011,REG,16,DEN,14.0,BUF,40.0,26.0
2011_16_TB_CAR,2011,REG,16,TB,16.0,CAR,48.0,32.0
2011_16_ARI_CIN,2011,REG,16,ARI,16.0,CIN,23.0,7.0
2011_16_OAK_KC,2011,REG,16,OAK,16.0,KC,13.0,-3.0
2011_16_MIA_NE,2011,REG,16,MIA,24.0,NE,27.0,3.0
2011_16_NYG_NYJ,2011,REG,16,NYG,29.0,NYJ,14.0,-15.0
2011_16_STL_PIT,2011,REG,16,STL,0.0,PIT,27.0,27.0
2011_16_JAX_TEN,2011,REG,16,JAX,17.0,TEN,23.0,6.0
2011_16_MIN_WAS,2011,REG,16,MIN,33.0,WAS,26.0,-7.0
2011_16_SD_DET,2011,REG,16,SD,10.0,DET,38.0,28.0
2011_16_PHI_DAL,2011,REG,16,PHI,20.0,DAL,7.0,-13.0
2011_16_SF_SEA,2011,REG,16,SF,19.0,SEA,17.0,-2.0
2011_16_CHI_GB,2011,REG,16,CHI,21.0,GB,35.0,14.0
2011_16_ATL_NO,2011,REG,16,ATL,16.0,NO,45.0,29.0
2011_17_DET_GB,2011,REG,17,DET,41.0,GB,45.0,4.0
2011_17_TEN_HOU,2011,REG,17,TEN,23.0,HOU,22.0,-1.0
2011_17_IND_JAX,2011,REG,17,IND,13.0,JAX,19.0,6.0
2011_17_NYJ_MIA,2011,REG,17,NYJ,17.0,MIA,19.0,2.0
2011_17_CHI_MIN,2011,REG,17,CHI,17.0,MIN,13.0,-4.0
2011_17_BUF_NE,2011,REG,17,BUF,21.0,NE,49.0,28.0
2011_17_CAR_NO,2011,REG,17,CAR,17.0,NO,45.0,28.0
2011_17_WAS_PHI,2011,REG,17,WAS,10.0,PHI,34.0,24.0
2011_17_SF_STL,2011,REG,17,SF,34.0,STL,27.0,-7.0
2011_17_SEA_ARI,2011,REG,17,SEA,20.0,ARI,23.0,3.0
2011_17_TB_ATL,2011,REG,17,TB,24.0,ATL,45.0,21.0
2011_17_BAL_CIN,2011,REG,17,BAL,24.0,CIN,16.0,-8.0
2011_17_PIT_CLE,2011,REG,17,PIT,13.0,CLE,9.0,-4.0
2011_17_KC_DEN,2011,REG,17,KC,7.0,DEN,3.0,-4.0
2011_17_SD_OAK,2011,REG,17,SD,38.0,OAK,26.0,-12.0
2011_17_DAL_NYG,2011,REG,17,DAL,14.0,NYG,31.0,17.0
2011_18_CIN_HOU,2011,WC,18,CIN,10.0,HOU,31.0,21.0
2011_18_DET_NO,2011,WC,18,DET,28.0,NO,45.0,17.0
2011_18_ATL_NYG,2011,WC,18,ATL,2.0,NYG,24.0,22.0
2011_18_PIT_DEN,2011,WC,18,PIT,23.0,DEN,29.0,6.0
2011_19_NO_SF,2011,DIV,19,NO,32.0,SF,36.0,4.0
2011_19_DEN_NE,2011,DIV,19,DEN,10.0,NE,45.0,35.0
2011_19_HOU_BAL,2011,DIV,19,HOU,13.0,BAL,20.0,7.0
2011_19_NYG_GB,2011,DIV,19,NYG,37.0,GB,20.0,-17.0
2011_20_BAL_NE,2011,CON,20,BAL,20.0,NE,23.0,3.0
2011_20_NYG_SF,2011,CON,20,NYG,20.0,SF,17.0,-3.0
2011_21_NYG_NE,2011,SB,21,NYG,21.0,NE,17.0,-4.0
2012_01_DAL_NYG,2012,REG,1,DAL,24.0,NYG,17.0,-7.0
2012_01_IND_CHI,2012,REG,1,IND,21.0,CHI,41.0,20.0
2012_01_PHI_CLE,2012,REG,1,PHI,17.0,CLE,16.0,-1.0
2012_01_STL_DET,2012,REG,1,STL,23.0,DET,27.0,4.0
2012_01_MIA_HOU,2012,REG,1,MIA,10.0,HOU,30.0,20.0
2012_01_ATL_KC,2012,REG,1,ATL,40.0,KC,24.0,-16.0
2012_01_JAX_MIN,2012,REG,1,JAX,23.0,MIN,26.0,3.0
2012_01_WAS_NO,2012,REG,1,WAS,40.0,NO,32.0,-8.0
2012_01_BUF_NYJ,2012,REG,1,BUF,28.0,NYJ,48.0,20.0
2012_01_NE_TEN,2012,REG,1,NE,34.0,TEN,13.0,-21.0
2012_01_SEA_ARI,2012,REG,1,SEA,16.0,ARI,20.0,4.0
2012_01_SF_GB,2012,REG,1,SF,30.0,GB,22.0,-8.0
2012_01_CAR_TB,2012,REG,1,CAR,10.0,TB,16.0,6.0
2012_01_PIT_DEN,2012,REG,1,PIT,19.0,DEN,31.0,12.0
2012_01_CIN_BAL,2012,REG,1,CIN,13.0,BAL,44.0,31.0
2012_01_SD_OAK,2012,REG,1,SD,22.0,OAK,14.0,-8.0
2012_02_CHI_GB,2012,REG,2,CHI,10.0,GB,23.0,13.0
2012_02_KC_BUF,2012,REG,2,KC,17.0,BUF,35.0,18.0
2012_02_NO_CAR,2012,REG,2,NO,27.0,CAR,35.0,8.0
2012_02_CLE_CIN,2012,REG,2,CLE,27.0,CIN,34.0,7.0
2012_02_MIN_IND,2012,REG,2,MIN,20.0,IND,23.0,3.0
2012_02_HOU_JAX,2012,REG,2,HOU,27.0,JAX,7.0,-20.0
2012_02_OAK_MIA,2012,REG,2,OAK,13.0,MIA,35.0,22.0
2012_02_ARI_NE,2012,REG,2,ARI,20.0,NE,18.0,-2.0
2012_02_TB_NYG,2012,REG,2,TB,34.0,NYG,41.0,7.0
2012_02_BAL_PHI,2012,REG,2,BAL,23.0,PHI,24.0,1.0
2012_02_DAL_SEA,2012,REG,2,DAL,7.0,SEA,27.0,20.0
2012_02_WAS_STL,2012,REG,2,WAS,28.0,STL,31.0,3.0
2012_02_NYJ_PIT,2012,REG,2,NYJ,10.0,PIT,27.0,17.0
2012_02_TEN_SD,2012,REG,2,TEN,10.0,SD,38.0,28.0
2012_02_DET_SF,2012,REG,2,DET,19.0,SF,27.0,8.0
2012_02_DEN_ATL,2012,REG,2,DEN,21.0,ATL,27.0,6.0
2012_03_NYG_CAR,2012,REG,3,NYG,36.0,CAR,7.0,-29.0
2012_03_STL_CHI,2012,REG,3,STL,6.0,CHI,23.0,17.0
2012_03_BUF_CLE,2012,REG,3,BUF,24.0,CLE,14.0,-10.0
2012_03_TB_DAL,2012,REG,3,TB,10.0,DAL,16.0,6.0
2012_03_JAX_IND,2012,REG,3,JAX,22.0,IND,17.0,-5.0
2012_03_NYJ_MIA,2012,REG,3,NYJ,23.0,MIA,20.0,-3.0
2012_03_SF_MIN,2012,REG,3,SF,13.0,MIN,24.0,11.0
2012_03_KC_NO,2012,REG,3,KC,27.0,NO,24.0,-3.0
2012_03_DET_TEN,2012,REG,3,DET,41.0,TEN,44.0,3.0
2012_03_CIN_WAS,2012,REG,3,CIN,38.0,WAS,31.0,-7.0
2012_03_PHI_ARI,2012,REG,3,PHI,6.0,ARI,27.0,21.0
2012_03_ATL_SD,2012,REG,3,ATL,27.0,SD,3.0,-24.0
2012_03_HOU_DEN,2012,REG,3,HOU,31.0,DEN,25.0,-6.0
2012_03_PIT_OAK,2012,REG,3,PIT,31.0,OAK,34.0,3.0
2012_03_NE_BAL,2012,REG,3,NE,30.0,BAL,31.0,1.0
2012_03_GB_SEA,2012,REG,3,GB,12.0,SEA,14.0,2.0
2012_04_CLE_BAL,2012,REG,4,CLE,16.0,BAL,23.0,7.0
2012_04_CAR_ATL,2012,REG,4,CAR,28.0,ATL,30.0,2.0
2012_04_NE_BUF,2012,REG,4,NE,52.0,BUF,28.0,-24.0
2012_04_MIN_DET,2012,REG,4,MIN,20.0,DET,13.0,-7.0
2012_04_TEN_HOU,2012,REG,4,TEN,14.0,HOU,38.0,24.0
2012_04_SD_KC,2012,REG,4,SD,37.0,KC,20.0,-17.0
2012_04_SF_NYJ,2012,REG,4,SF,34.0,NYJ,0.0,-34.0
2012_04_SEA_STL,2012,REG,4,SEA,13.0,STL,19.0,6.0
2012_04_MIA_ARI,2012,REG,4,MIA,21.0,ARI,24.0,3.0
2012_04_OAK_DEN,2012,REG,4,OAK,6.0,DEN,37.0,31.0
2012_04_CIN_JAX,2012,REG,4,CIN,27.0,JAX,10.0,-17.0
2012_04_NO_GB,2012,REG,4,NO,27.0,GB,28.0,1.0
2012_04_WAS_TB,2012,REG,4,WAS,24.0,TB,22.0,-2.0
2012_04_NYG_PHI,2012,REG,4,NYG,17.0,PHI,19.0,2.0
2012_04_CHI_DAL,2012,REG,4,CHI,34.0,DAL,18.0,-16.0
2012_05_ARI_STL,2012,REG,5,ARI,3.0,STL,17.0,14.0
2012_05_MIA_CIN,2012,REG,5,MIA,17.0,CIN,13.0,-4.0
2012_05_GB_IND,2012,REG,5,GB,27.0,IND,30.0,3.0
2012_05_BAL_KC,2012,REG,5,BAL,9.0,KC,6.0,-3.0
2012_05_CLE_NYG,2012,REG,5,CLE,27.0,NYG,41.0,14.0
2012_05_PHI_PIT,2012,REG,5,PHI,14.0,PIT,16.0,2.0
2012_05_ATL_WAS,2012,REG,5,ATL,24.0,WAS,17.0,-7.0
2012_05_SEA_CAR,2012,REG,5,SEA,16.0,CAR,12.0,-4.0
2012_05_CHI_JAX,2012,REG,5,CHI,41.0,JAX,3.0,-38.0
2012_05_TEN_MIN,2012,REG,5,TEN,7.0,MIN,30.0,23.0
2012_05_DEN_NE,2012,REG,5,DEN,21.0,NE,31.0,10.0
2012_05_BUF_SF,2012,REG,5,BUF,3.0,SF,45.0,42.0
2012_05_SD_NO,2012,REG,5,SD,24.0,NO,31.0,7.0
2012_05_HOU_NYJ,2012,REG,5,HOU,23.0,NYJ,17.0,-6.0
2012_06_PIT_TEN,2012,REG,6,PIT,23.0,TEN,26.0,3.0
2012_06_OAK_ATL,2012,REG,6,OAK,20.0,ATL,23.0,3.0
2012_06_DAL_BAL,2012,REG,6,DAL,29.0,BAL,31.0,2.0
2012_06_CIN_CLE,2012,REG,6,CIN,24.0,CLE,34.0,10.0
2012_06_STL_MIA,2012,REG,6,STL,14.0,MIA,17.0,3.0
2012_06_IND_NYJ,2012,REG,6,IND,9.0,NYJ,35.0,26.0
2012_06_DET_PHI,2012,REG,6,DET,26.0,PHI,23.0,-3.0
2012_06_KC_TB,2012,REG,6,KC,10.0,TB,38.0,28.0
2012_06_BUF_ARI,2012,REG,6,BUF,19.0,ARI,16.0,-3.0
2012_06_NE_SEA,2012,REG,6,NE,23.0,SEA,24.0,1.0
2012_06_NYG_SF,2012,REG,6,NYG,26.0,SF,3.0,-23.0
2012_06_MIN_WAS,2012,REG,6,MIN,26.0,WAS,38.0,12.0
2012_06_GB_HOU,2012,REG,6,GB,42.0,HOU,24.0,-18.0
2012_06_DEN_SD,2012,REG,6,DEN,35.0,SD,24.0,-11.0
2012_07_SEA_SF,2012,REG,7,SEA,6.0,SF,13.0,7.0
2012_07_TEN_BUF,2012,REG,7,TEN,35.0,BUF,34.0,-1.0
2012_07_DAL_CAR,2012,REG,7,DAL,19.0,CAR,14.0,-5.0
2012_07_BAL_HOU,2012,REG,7,BAL,13.0,HOU,43.0,30.0
2012_07_CLE_IND,2012,REG,7,CLE,13.0,IND,17.0,4.0
2012_07_ARI_MIN,2012,REG,7,ARI,14.0,MIN,21.0,7.0
2012_07_WAS_NYG,2012,REG,7,WAS,23.0,NYG,27.0,4.0
2012_07_GB_STL,2012,REG,7,GB,30.0,STL,20.0,-10.0
2012_07_NO_TB,2012,REG,7,NO,35.0,TB,28.0,-7.0
2012_07_NYJ_NE,2012,REG,7,NYJ,26.0,NE,29.0,3.0
2012_07_JAX_OAK,2012,REG,7,JAX,23.0,OAK,26.0,3.0
2012_07_PIT_CIN,2012,REG,7,PIT,24.0,CIN,17.0,-7.0
2012_07_DET_CHI,2012,REG,7,DET,7.0,CHI,13.0,6.0
2012_08_TB_MIN,2012,REG,8,TB,36.0,MIN,17.0,-19.0
2012_08_CAR_CHI,2012,REG,8,CAR,22.0,CHI,23.0,1.0
2012_08_SD_CLE,2012,REG,8,SD,6.0,CLE,7.0,1.0
2012_08_SEA_DET,2012,REG,8,SEA,24.0,DET,28.0,4.0
2012_08_JAX_GB,2012,REG,8,JAX,15.0,GB,24.0,9.0
2012_08_MIA_NYJ,2012,REG,8,MIA,30.0,NYJ,9.0,-21.0
2012_08_ATL_PHI,2012,REG,8,ATL,30.0,PHI,17.0,-13.0
2012_08_WAS_PIT,2012,REG,8,WAS,12.0,PIT,27.0,15.0
2012_08_NE_STL,2012,REG,8,NE,45.0,STL,7.0,-38.0
2012_08_IND_TEN,2012,REG,8,IND,19.0,TEN,13.0,-6.0
2012_08_OAK_KC,2012,REG,8,OAK,26.0,KC,16.0,-10.0
2012_08_NYG_DAL,2012,REG,8,NYG,29.0,DAL,24.0,-5.0
2012_08_NO_DEN,2012,REG,8,NO,14.0,DEN,34.0,20.0
2012_08_SF_ARI,2012,REG,8,SF,24.0,ARI,3.0,-21.0
2012_09_KC_SD,2012,REG,9,KC,13.0,SD,31.0,18.0
2012_09_DEN_CIN,2012,REG,9,DEN,31.0,CIN,23.0,-8.0
2012_09_BAL_CLE,2012,REG,9,BAL,25.0,CLE,15.0,-10.0
2012_09_ARI_GB,2012,REG,9,ARI,17.0,GB,31.0,14.0
2012_09_BUF_HOU,2012,REG,9,BUF,9.0,HOU,21.0,12.0
2012_09_MIA_IND,2012,REG,9,MIA,20.0,IND,23.0,3.0
2012_09_DET_JAX,2012,REG,9,DET,31.0,JAX,14.0,-17.0
2012_09_CHI_TEN,2012,REG,9,CHI,51.0,TEN,20.0,-31.0
2012_09_CAR_WAS,2012,REG,9,CAR,21.0,WAS,13.0,-8.0
2012_09_TB_OAK,2012,REG,9,TB,42.0,OAK,32.0,-10.0
2012_09_MIN_SEA,2012,REG,9,MIN,20.0,SEA,30.0,10.0
2012_09_PIT_NYG,2012,REG,9,PIT,24.0,NYG,20.0,-4.0
2012_09_DAL_ATL,2012,REG,9,DAL,13.0,ATL,19.0,6.0
2012_09_PHI_NO,2012,REG,9,PHI,13.0,NO,28.0,15.0
2012_10_IND_JAX,2012,REG,10,IND,27.0,JAX,10.0,-17.0
2012_10_OAK_BAL,2012,REG,10,OAK,20.0,BAL,55.0,35.0
2012_10_DEN_CAR,2012,REG,10,DEN,36.0,CAR,14.0,-22.0
2012_10_NYG_CIN,2012,REG,10,NYG,13.0,CIN,31.0,18.0
2012_10_TEN_MIA,2012,REG,10,TEN,37.0,MIA,3.0,-34.0
2012_10_DET_MIN,2012,REG,10,DET,24.0,MIN,34.0,10.0
2012_10_BUF_NE,2012,REG,10,BUF,31.0,NE,37.0,6.0
2012_10_ATL_NO,2012,REG,10,ATL,27.0,NO,31.0,4.0
2012_10_SD_TB,2012,REG,10,SD,24.0,TB,34.0,10.0
2012_10_NYJ_SEA,2012,REG,10,NYJ,7.0,SEA,28.0,21.0
2012_10_DAL_PHI,2012,REG,10,DAL,38.0,PHI,23.0,-15.0
2012_10_STL_SF,2012,REG,10,STL,24.0,SF,24.0,0.0
2012_10_HOU_CHI,2012,REG,10,HOU,13.0,CHI,6.0,-7.0
2012_10_KC_PIT,2012,REG,10,KC,13.0,PIT,16.0,3.0
2012_11_MIA_BUF,2012,REG,11,MIA,14.0,BUF,19.0,5.0
2012_11_ARI_ATL,2012,REG,11,ARI,19.0,ATL,23.0,4.0
2012_11_TB_CAR,2012,REG,11,TB,27.0,CAR,21.0,-6.0
2012_11_CLE_DAL,2012,REG,11,CLE,20.0,DAL,23.0,3.0
2012_11_GB_DET,2012,REG,11,GB,24.0,DET,20.0,-4.0
2012_11_JAX_HOU,2012,REG,11,JAX,37.0,HOU,43.0,6.0
2012_11_CIN_KC,2012,REG,11,CIN,28.0,KC,6.0,-22.0
2012_11_NYJ_STL,2012,REG,11,NYJ,27.0,STL,13.0,-14.0
2012_11_PHI_WAS,2012,REG,11,PHI,6.0,WAS,31.0,25.0
2012_11_NO_OAK,2012,REG,11,NO,38.0,OAK,17.0,-21.0
2012_11_SD_DEN,2012,REG,11,SD,23.0,DEN,30.0,7.0
2012_11_IND_NE,2012,REG,11,IND,24.0,NE,59.0,35.0
2012_11_BAL_PIT,2012,REG,11,BAL,13.0,PIT,10.0,-3.0
2012_11_CHI_SF,2012,REG,11,CHI,7.0,SF,32.0,25.0
2012_12_HOU_DET,2012,REG,12,HOU,34.0,DET,31.0,-3.0
2012_12_WAS_DAL,2012,REG,12,WAS,38.0,DAL,31.0,-7.0
2012_12_NE_NYJ,2012,REG,12,NE,49.0,NYJ,19.0,-30.0
2012_12_MIN_CHI,2012,REG,12,MIN,10.0,CHI,28.0,18.0
2012_12_OAK_CIN,2012,REG,12,OAK,10.0,CIN,34.0,24.0
2012_12_PIT_CLE,2012,REG,12,PIT,14.0,CLE,20.0,6.0
2012_12_BUF_IND,2012,REG,12,BUF,13.0,IND,20.0,7.0
2012_12_TEN_JAX,2012,REG,12,TEN,19.0,JAX,24.0,5.0
2012_12_DEN_KC,2012,REG,12,DEN,17.0,KC,9.0,-8.0
2012_12_SEA_MIA,2012,REG,12,SEA,21.0,MIA,24.0,3.0
2012_12_ATL_TB,2012,REG,12,ATL,24.0,TB,23.0,-1.0
2012_12_BAL_SD,2012,REG,12,BAL,16.0,SD,13.0,-3.0
2012_12_STL_ARI,2012,REG,12,STL,31.0,ARI,17.0,-14.0
2012_12_SF_NO,2012,REG,12,SF,31.0,NO,21.0,-10.0
2012_12_GB_NYG,2012,REG,12,GB,10.0,NYG,38.0,28.0
2012_12_CAR_PHI,2012,REG,12,CAR,30.0,PHI,22.0,-8.0
2012_13_NO_ATL,2012,REG,13,NO,13.0,ATL,23.0,10.0
2012_13_JAX_BUF,2012,REG,13,JAX,18.0,BUF,34.0,16.0
2012_13_SEA_CHI,2012,REG,13,SEA,23.0,CHI,17.0,-6.0
2012_13_IND_DET,2012,REG,13,IND,35.0,DET,33.0,-2.0
2012_13_MIN_GB,2012,REG,13,MIN,14.0,GB,23.0,9.0
2012_13_CAR_KC,2012,REG,13,CAR,21.0,KC,27.0,6.0
2012_13_NE_MIA,2012,REG,13,NE,23.0,MIA,16.0,-7.0
2012_13_ARI_NYJ,2012,REG,13,ARI,6.0,NYJ,7.0,1.0
2012_13_SF_STL,2012,REG,13,SF,13.0,STL,16.0,3.0
2012_13_HOU_TEN,2012,REG,13,HOU,24.0,TEN,10.0,-14.0
2012_13_TB_DEN,2012,REG,13,TB,23.0,DEN,31.0,8.0
2012_13_PIT_BAL,2012,REG,13,PIT,23.0,BAL,20.0,-3.0
2012_13_CLE_OAK,2012,REG,13,CLE,20.0,OAK,17.0,-3.0
2012_13_CIN_SD,2012,REG,13,CIN,20.0,SD,13.0,-7.0
2012_13_PHI_DAL,2012,REG,13,PHI,33.0,DAL,38.0,5.0
2012_13_NYG_WAS,2012,REG,13,NYG,16.0,WAS,17.0,1.0
2012_14_DEN_OAK,2012,REG,14,DEN,26.0,OAK,13.0,-13.0
2012_14_STL_BUF,2012,REG,14,STL,15.0,BUF,12.0,-3.0
2012_14_ATL_CAR,2012,REG,14,ATL,20.0,CAR,30.0,10.0
2012_14_DAL_CIN,2012,REG,14,DAL,20.0,CIN,19.0,-1.0
2012_14_KC_CLE,2012,REG,14,KC,7.0,CLE,30.0,23.0
2012_14_TEN_IND,2012,REG,14,TEN,23.0,IND,27.0,4.0
2012_14_NYJ_JAX,2012,REG,14,NYJ,17.0,JAX,10.0,-7.0
2012_14_CHI_MIN,2012,REG,14,CHI,14.0,MIN,21.0,7.0
2012_14_SD_PIT,2012,REG,14,SD,34.0,PIT,24.0,-10.0
2012_14_PHI_TB,2012,REG,14,PHI,23.0,TB,21.0,-2.0
2012_14_BAL_WAS,2012,REG,14,BAL,28.0,WAS,31.0,3.0
2012_14_MIA_SF,2012,REG,14,MIA,13.0,SF,27.0,14.0
2012_14_NO_NYG,2012,REG,14,NO,27.0,NYG,52.0,25.0
2012_14_ARI_SEA,2012,REG,14,ARI,0.0,SEA,58.0,58.0
2012_14_DET_GB,2012,REG,14,DET,20.0,GB,27.0,7.0
2012_14_HOU_NE,2012,REG,14,HOU,14.0,NE,42.0,28.0
2012_15_CIN_PHI,2012,REG,15,CIN,34.0,PHI,13.0,-21.0
2012_15_NYG_ATL,2012,REG,15,NYG,0.0,ATL,34.0,34.0
2012_15_DEN_BAL,2012,REG,15,DEN,34.0,BAL,17.0,-17.0
2012_15_GB_CHI,2012,REG,15,GB,21.0,CHI,13.0,-8.0
2012_15_WAS_CLE,2012,REG,15,WAS,38.0,CLE,21.0,-17.0
2012_15_IND_HOU,2012,REG,15,IND,17.0,HOU,29.0,12.0
2012_15_JAX_MIA,2012,REG,15,JAX,3.0,MIA,24.0,21.0
2012_15_TB_NO,2012,REG,15,TB,0.0,NO,41.0,41.0
2012_15_MIN_STL,2012,REG,15,MIN,36.0,STL,22.0,-14.0
2012_15_DET_ARI,2012,REG,15,DET,10.0,ARI,38.0,28.0
2012_15_SEA_BUF,2012,REG,15,SEA,50.0,BUF,17.0,-33.0
2012_15_CAR_SD,2012,REG,15,CAR,31.0,SD,7.0,-24.0
2012_15_PIT_DAL,2012,REG,15,PIT,24.0,DAL,27.0,3.0
2012_15_KC_OAK,2012,REG,15,KC,0.0,OAK,15.0,15.0
2012_15_SF_NE,2012,REG,15,SF,41.0,NE,34.0,-7.0
2012_15_NYJ_TEN,2012,REG,15,NYJ,10.0,TEN,14.0,4.0
2012_16_ATL_DET,2012,REG,16,ATL,31.0,DET,18.0,-13.0
2012_16_OAK_CAR,2012,REG,16,OAK,6.0,CAR,17.0,11.0
2012_16_NO_DAL,2012,REG,16,NO,34.0,DAL,31.0,-3.0
2012_16_TEN_GB,2012,REG,16,TEN,7.0,GB,55.0,48.0
2012_16_MIN_HOU,2012,REG,16,MIN,23.0,HOU,6.0,-17.0
2012_16_NE_JAX,2012,REG,16,NE,23.0,JAX,16.0,-7.0
2012_16_IND_KC,2012,REG,16,IND,20.0,KC,13.0,-7.0
2012_16_BUF_MIA,2012,REG,16,BUF,10.0,MIA,24.0,14.0
2012_16_SD_NYJ,2012,REG,16,SD,27.0,NYJ,17.0,-10.0
2012_16_WAS_PHI,2012,REG,16,WAS,27.0,PHI,20.0,-7.0
2012_16_CIN_PIT,2012,REG,16,CIN,13.0,PIT,10.0,-3.0
2012_16_STL_TB,2012,REG,16,STL,28.0,TB,13.0,-15.0
2012_16_CLE_DEN,2012,REG,16,CLE,12.0,DEN,34.0,22.0
2012_16_CHI_ARI,2012,REG,16,CHI,28.0,ARI,13.0,-15.0
2012_16_NYG_BAL,2012,REG,16,NYG,14.0,BAL,33.0,19.0
2012_16_SF_SEA,2012,REG,16,SF,13.0,SEA,42.0,29.0
2012_17_TB_ATL,2012,REG,17,TB,22.0,ATL,17.0,-5.0
2012_17_NYJ_BUF,2012,REG,17,NYJ,9.0,BUF,28.0,19.0
2012_17_BAL_CIN,2012,REG,17,BAL,17.0,CIN,23.0,6.0
2012_17_CHI_DET,2012,REG,17,CHI,26.0,DET,24.0,-2.0
2012_17_HOU_IND,2012,REG,17,HOU,16.0,IND,28.0,12.0
2012_17_CAR_NO,2012,REG,17,CAR,44.0,NO,38.0,-6.0
2012_17_PHI_NYG,2012,REG,17,PHI,7.0,NYG,42.0,35.0
2012_17_CLE_PIT,2012,REG,17,CLE,10.0,PIT,24.0,14.0
2012_17_JAX_TEN,2012,REG,17,JAX,20.0,TEN,38.0,18.0
2012_17_KC_DEN,2012,REG,17,KC,3.0,DEN,38.0,35.0
2012_17_GB_MIN,2012,REG,17,GB,34.0,MIN,37.0,3.0
2012_17_MIA_NE,2012,REG,17,MIA,0.0,NE,28.0,28.0
2012_17_OAK_SD,2012,REG,17,OAK,21.0,SD,24.0,3.0
2012_17_STL_SEA,2012,REG,17,STL,13.0,SEA,20.0,7.0
2012_17_ARI_SF,2012,REG,17,ARI,13.0,SF,27.0,14.0
2012_17_DAL_WAS,2012,REG,17,DAL,18.0,WAS,28.0,10.0
2012_18_CIN_HOU,2012,WC,18,CIN,13.0,HOU,19.0,6.0
2012_18_MIN_GB,2012,WC,18,MIN,10.0,GB,24.0,14.0
2012_18_IND_BAL,2012,WC,18,IND,9.0,BAL,24.0,15.0
2012_18_SEA_WAS,2012,WC,18,SEA,24.0,WAS,14.0,-10.0
2012_19_BAL_DEN,2012,DIV,19,BAL,38.0,DEN,35.0,-3.0
2012_19_GB_SF,2012,DIV,19,GB,31.0,SF,45.0,14.0
2012_19_SEA_ATL,2012,DIV,19,SEA,28.0,ATL,30.0,2.0
2012_19_HOU_NE,2012,DIV,19,HOU,28.0,NE,41.0,13.0
2012_20_SF_ATL,2012,CON,20,SF,28.0,ATL,24.0,-4.0
2012_20_BAL_NE,2012,CON,20,BAL,28.0,NE,13.0,-15.0
2012_21_BAL_SF,2012,SB,21,BAL,34.0,SF,31.0,-3.0
2013_01_BAL_DEN,2013,REG,1,BAL,27.0,DEN,49.0,22.0
2013_01_NE_BUF,2013,REG,1,NE,23.0,BUF,21.0,-2.0
2013_01_SEA_CAR,2013,REG,1,SEA,12.0,CAR,7.0,-5.0
2013_01_CIN_CHI,2013,REG,1,CIN,21.0,CHI,24.0,3.0
2013_01_MIA_CLE,2013,REG,1,MIA,23.0,CLE,10.0,-13.0
2013_01_MIN_DET,2013,REG,1,MIN,24.0,DET,34.0,10.0
2013_01_OAK_IND,2013,REG,1,OAK,17.0,IND,21.0,4.0
2013_01_KC_JAX,2013,REG,1,KC,28.0,JAX,2.0,-26.0
2013_01_ATL_NO,2013,REG,1,ATL,17.0,NO,23.0,6.0
2013_01_TB_NYJ,2013,REG,1,TB,17.0,NYJ,18.0,1.0
2013_01_TEN_PIT,2013,REG,1,TEN,16.0,PIT,9.0,-7.0
2013_01_GB_SF,2013,REG,1,GB,28.0,SF,34.0,6.0
2013_01_ARI_STL,2013,REG,1,ARI,24.0,STL,27.0,3.0
2013_01_NYG_DAL,2013,REG,1,NYG,31.0,DAL,36.0,5.0
2013_01_PHI_WAS,2013,REG,1,PHI,33.0,WAS,27.0,-6.0
2013_01_HOU_SD,2013,REG,1,HOU,31.0,SD,28.0,-3.0
2013_02_NYJ_NE,2013,REG,2,NYJ,10.0,NE,13.0,3.0
2013_02_STL_ATL,2013,REG,2,STL,24.0,ATL,31.0,7.0
2013_02_CLE_BAL,2013,REG,2,CLE,6.0,BAL,14.0,8.0
2013_02_CAR_BUF,2013,REG,2,CAR,23.0,BUF,24.0,1.0
2013_02_MIN_CHI,2013,REG,2,MIN,30.0,CHI,31.0,1.0
2013_02_WAS_GB,2013,REG,2,WAS,20.0,GB,38.0,18.0
2013_02_TEN_HOU,2013,REG,2,TEN,24.0,HOU,30.0,6.0
2013_02_MIA_IND,2013,REG,2,MIA,24.0,IND,20.0,-4.0
2013_02_DAL_KC,2013,REG,2,DAL,16.0,KC,17.0,1.0
2013_02_SD_PHI,2013,REG,2,SD,33.0,PHI,30.0,-3.0
2013_02_DET_ARI,2013,REG,2,DET,21.0,ARI,25.0,4.0
2013_02_NO_TB,2013,REG,2,NO,16.0,TB,14.0,-2.0
2013_02_DEN_NYG,2013,REG,2,DEN,41.0,NYG,23.0,-18.0
2013_02_JAX_OAK,2013,REG,2,JAX,9.0,OAK,19.0,10.0
2013_02_SF_SEA,2013,REG,2,SF,3.0,SEA,29.0,26.0
2013_02_PIT_CIN,2013,REG,2,PIT,10.0,CIN,20.0,10.0
2013_03_KC_PHI,2013,REG,3,KC,26.0,PHI,16.0,-10.0
2013_03_HOU_BAL,2013,REG,3,HOU,9.0,BAL,30.0,21.0
2013_03_NYG_CAR,2013,REG,3,NYG,0.0,CAR,38.0,38.0
2013_03_GB_CIN,2013,REG,3,GB,30.0,CIN,34.0,4.0
2013_03_STL_DAL,2013,REG,3,STL,7.0,DAL,31.0,24.0
2013_03_CLE_MIN,2013,REG,3,CLE,31.0,MIN,27.0,-4.0
2013_03_TB_NE,2013,REG,3,TB,3.0,NE,23.0,20.0
2013_03_ARI_NO,2013,REG,3,ARI,7.0,NO,31.0,24.0
2013_03_SD_TEN,2013,REG,3,SD,17.0,TEN,20.0,3.0
2013_03_DET_WAS,2013,REG,3,DET,27.0,WAS,20.0,-7.0
2013_03_ATL_MIA,2013,REG,3,ATL,23.0,MIA,27.0,4.0
2013_03_BUF_NYJ,2013,REG,3,BUF,20.0,NYJ,27.0,7.0
2013_03_JAX_SEA,2013,REG,3,JAX,17.0,SEA,45.0,28.0
2013_03_IND_SF,2013,REG,3,IND,27.0,SF,7.0,-20.0
2013_03_CHI_PIT,2013,REG,3,CHI,40.0,PIT,23.0,-17.0
2013_03_OAK_DEN,2013,REG,3,OAK,21.0,DEN,37.0,16.0
2013_04_SF_STL,2013,REG,4,SF,35.0,STL,11.0,-24.0
2013_04_BAL_BUF,2013,REG,4,BAL,20.0,BUF,23.0,3.0
2013_04_CIN_CLE,2013,REG,4,CIN,6.0,CLE,17.0,11.0
2013_04_CHI_DET,2013,REG,4,CHI,32.0,DET,40.0,8.0
2013_04_SEA_HOU,2013,REG,4,SEA,23.0,HOU,20.0,-3.0
2013_04_IND_JAX,2013,REG,4,IND,37.0,JAX,3.0,-34.0
2013_04_NYG_KC,2013,REG,4,NYG,7.0,KC,31.0,24.0
2013_04_PIT_MIN,2013,REG,4,PIT,27.0,MIN,34.0,7.0
2013_04_ARI_TB,2013,REG,4,ARI,13.0,TB,10.0,-3.0
2013_04_NYJ_TEN,2013,REG,4,NYJ,13.0,TEN,38.0,25.0
2013_04_PHI_DEN,2013,REG,4,PHI,20.0,DEN,52.0,32.0
2013_04_WAS_OAK,2013,REG,4,WAS,24.0,OAK,14.0,-10.0
2013_04_DAL_SD,2013,REG,4,DAL,21.0,SD,30.0,9.0
2013_04_NE_ATL,2013,REG,4,NE,30.0,ATL,23.0,-7.0
2013_04_MIA_NO,2013,REG,4,MIA,17.0,NO,38.0,21.0
2013_05_BUF_CLE,2013,REG,5,BUF,24.0,CLE,37.0,13.0
2013_05_NO_CHI,2013,REG,5,NO,26.0,CHI,18.0,-8.0
2013_05_NE_CIN,2013,REG,5,NE,6.0,CIN,13.0,7.0
2013_05_DET_GB,2013,REG,5,DET,9.0,GB,22.0,13.0
2013_05_SEA_IND,2013,REG,5,SEA,28.0,IND,34.0,6.0
2013_05_BAL_MIA,2013,REG,5,BAL,26.0,MIA,23.0,-3.0
2013_05_PHI_NYG,2013,REG,5,PHI,36.0,NYG,21.0,-15.0
2013_05_JAX_STL,2013,REG,5,JAX,20.0,STL,34.0,14.0
2013_05_KC_TEN,2013,REG,5,KC,26.0,TEN,17.0,-9.0
2013_05_CAR_ARI,2013,REG,5,CAR,6.0,ARI,22.0,16.0
2013_05_DEN_DAL,2013,REG,5,DEN,51.0,DAL,48.0,-3.0
2013_05_HOU_SF,2013,REG,5,HOU,3.0,SF,34.0,31.0
2013_05_SD_OAK,2013,REG,5,SD,17.0,OAK,27.0,10.0
2013_05_NYJ_ATL,2013,REG,5,NYJ,30.0,ATL,28.0,-2.0
2013_06_NYG_CHI,2013,REG,6,NYG,21.0,CHI,27.0,6.0
2013_06_GB_BAL,2013,REG,6,GB,19.0,BAL,17.0,-2.0
2013_06_CIN_BUF,2013,REG,6,CIN,27.0,BUF,24.0,-3.0
2013_06_DET_CLE,2013,REG,6,DET,31.0,CLE,17.0,-14.0
2013_06_STL_HOU,2013,REG,6,STL,38.0,HOU,13.0,-25.0
2013_06_OAK_KC,2013,REG,6,OAK,7.0,KC,24.0,17.0
2013_06_CAR_MIN,2013,REG,6,CAR,35.0,MIN,10.0,-25.0
2013_06_PIT_NYJ,2013,REG,6,PIT,19.0,NYJ,6.0,-13.0
2013_06_PHI_TB,2013,REG,6,PHI,31.0,TB,20.0,-11.0
2013_06_JAX_DEN,2013,REG,6,JAX,19.0,DEN,35.0,16.0
2013_06_TEN_SEA,2013,REG,6,TEN,13.0,SEA,20.0,7.0
2013_06_NO_NE,2013,REG,6,NO,27.0,NE,30.0,3.0
2013_06_ARI_SF,2013,REG,6,ARI,20.0,SF,32.0,12.0
2013_06_WAS_DAL,2013,REG,6,WAS,16.0,DAL,31.0,15.0
2013_06_IND_SD,2013,REG,6,IND,9.0,SD,19.0,10.0
2013_07_SEA_ARI,2013,REG,7,SEA,34.0,ARI,22.0,-12.0
2013_07_TB_ATL,2013,REG,7,TB,23.0,ATL,31.0,8.0
2013_07_STL_CAR,2013,REG,7,STL,15.0,CAR,30.0,15.0
2013_07_CIN_DET,2013,REG,7,CIN,27.0,DET,24.0,-3.0
2013_07_SD_JAX,2013,REG,7,SD,24.0,JAX,6.0,-18.0
2013_07_BUF_MIA,2013,REG,7,BUF,23.0,MIA,21.0,-2.0
2013_07_NE_NYJ,2013,REG,7,NE,27.0,NYJ,30.0,3.0
2013_07_DAL_PHI,2013,REG,7,DAL,17.0,PHI,3.0,-14.0
2013_07_CHI_WAS,2013,REG,7,CHI,41.0,WAS,45.0,4.0
2013_07_SF_TEN,2013,REG,7,SF,31.0,TEN,17.0,-14.0
2013_07_CLE_GB,2013,REG,7,CLE,13.0,GB,31.0,18.0
2013_07_HOU_KC,2013,REG,7,HOU,16.0,KC,17.0,1.0
2013_07_BAL_PIT,2013,REG,7,BAL,16.0,PIT,19.0,3.0
2013_07_DEN_IND,2013,REG,7,DEN,33.0,IND,39.0,6.0
2013_07_MIN_NYG,2013,REG,7,MIN,7.0,NYG,23.0,16.0
2013_08_CAR_TB,2013,REG,8,CAR,31.0,TB,13.0,-18.0
2013_08_DAL_DET,2013,REG,8,DAL,30.0,DET,31.0,1.0
2013_08_SF_JAX,2013,REG,8,SF,42.0,JAX,10.0,-32.0
2013_08_CLE_KC,2013,REG,8,CLE,17.0,KC,23.0,6.0
2013_08_MIA_NE,2013,REG,8,MIA,17.0,NE,27.0,10.0
2013_08_BUF_NO,2013,REG,8,BUF,17.0,NO,35.0,18.0
2013_08_NYG_PHI,2013,REG,8,NYG,15.0,PHI,7.0,-8.0
2013_08_NYJ_CIN,2013,REG,8,NYJ,9.0,CIN,49.0,40.0
2013_08_PIT_OAK,2013,REG,8,PIT,18.0,OAK,21.0,3.0
2013_08_ATL_ARI,2013,REG,8,ATL,13.0,ARI,27.0,14.0
2013_08_WAS_DEN,2013,REG,8,WAS,21.0,DEN,45.0,24.0
2013_08_GB_MIN,2013,REG,8,GB,44.0,MIN,31.0,-13.0
2013_08_SEA_STL,2013,REG,8,SEA,14.0,STL,9.0,-5.0
2013_09_CIN_MIA,2013,REG,9,CIN,20.0,MIA,22.0,2.0
2013_09_KC_BUF,2013,REG,9,KC,23.0,BUF,13.0,-10.0
2013_09_ATL_CAR,2013,REG,9,ATL,10.0,CAR,34.0,24.0
2013_09_MIN_DAL,2013,REG,9,MIN,23.0,DAL,27.0,4.0
2013_09_NO_NYJ,2013,REG,9,NO,20.0,NYJ,26.0,6.0
2013_09_TEN_STL,2013,REG,9,TEN,28.0,STL,21.0,-7.0
2013_09_SD_WAS,2013,REG,9,SD,24.0,WAS,30.0,6.0
2013_09_PHI_OAK,2013,REG,9,PHI,49.0,OAK,20.0,-29.0
2013_09_TB_SEA,2013,REG,9,TB,24.0,SEA,27.0,3.0
2013_09_BAL_CLE,2013,REG,9,BAL,18.0,CLE,24.0,6.0
2013_09_PIT_NE,2013,REG,9,PIT,31.0,NE,55.0,24.0
2013_09_IND_HOU,2013,REG,9,IND,27.0,HOU,24.0,-3.0
2013_09_CHI_GB,2013,REG,9,CHI,27.0,GB,20.0,-7.0
2013_10_WAS_MIN,2013,REG,10,WAS,27.0,MIN,34.0,7.0
2013_10_SEA_ATL,2013,REG,10,SEA,33.0,ATL,10.0,-23.0
2013_10_CIN_BAL,2013,REG,10,CIN,17.0,BAL,20.0,3.0
2013_10_DET_CHI,2013,REG,10,DET,21.0,CHI,19.0,-2.0
2013_10_PHI_GB,2013,REG,10,PHI,27.0,GB,13.0,-14.0
2013_10_STL_IND,2013,REG,10,STL,38.0,IND,8.0,-30.0
2013_10_OAK_NYG,2013,REG,10,OAK,20.0,NYG,24.0,4.0
2013_10_BUF_PIT,2013,REG,10,BUF,10.0,PIT,23.0,13.0
2013_10_JAX_TEN,2013,REG,10,JAX,29.0,TEN,27.0,-2.0
2013_10_CAR_SF,2013,REG,10,CAR,10.0,SF,9.0,-1.0
2013_10_HOU_ARI,2013,REG,10,HOU,24.0,ARI,27.0,3.0
2013_10_DEN_SD,2013,REG,10,DEN,28.0,SD,20.0,-8.0
2013_10_DAL_NO,2013,REG,10,DAL,17.0,NO,49.0,32.0
2013_10_MIA_TB,2013,REG,10,MIA,19.0,TB,22.0,3.0
2013_11_IND_TEN,2013,REG,11,IND,30.0,TEN,27.0,-3.0
2013_11_NYJ_BUF,2013,REG,11,NYJ,14.0,BUF,37.0,23.0
2013_11_BAL_CHI,2013,REG,11,BAL,20.0,CHI,23.0,3.0
2013_11_CLE_CIN,2013,REG,11,CLE,20.0,CIN,41.0,21.0
2013_11_OAK_HOU,2013,REG,11,OAK,28.0,HOU,23.0,-5.0
2013_11_ARI_JAX,2013,REG,11,ARI,27.0,JAX,14.0,-13.0
2013_11_WAS_PHI,2013,REG,11,WAS,16.0,PHI,24.0,8.0
2013_11_DET_PIT,2013,REG,11,DET,27.0,PIT,37.0,10.0
2013_11_ATL_TB,2013,REG,11,ATL,28.0,TB,41.0,13.0
2013_11_SD_MIA,2013,REG,11,SD,16.0,MIA,20.0,4.0
2013_11_SF_NO,2013,REG,11,SF,20.0,NO,23.0,3.0
2013_11_GB_NYG,2013,REG,11,GB,13.0,NYG,27.0,14.0
2013_11_MIN_SEA,2013,REG,11,MIN,20.0,SEA,41.0,21.0
2013_11_KC_DEN,2013,REG,11,KC,17.0,DEN,27.0,10.0
2013_11_NE_CAR,2013,REG,11,NE,20.0,CAR,24.0,4.0
2013_12_NO_ATL,2013,REG,12,NO,17.0,ATL,13.0,-4.0
2013_12_NYJ_BAL,2013,REG,12,NYJ,3.0,BAL,19.0,16.0
2013_12_PIT_CLE,2013,REG,12,PIT,27.0,CLE,11.0,-16.0
2013_12_TB_DET,2013,REG,12,TB,24.0,DET,21.0,-3.0
2013_12_MIN_GB,2013,REG,12,MIN,26.0,GB,26.0,0.0
2013_12_JAX_HOU,2013,REG,12,JAX,13.0,HOU,6.0,-7.0
2013_12_SD_KC,2013,REG,12,SD,41.0,KC,38.0,-3.0
2013_12_CAR_MIA,2013,REG,12,CAR,20.0,MIA,16.0,-4.0
2013_12_CHI_STL,2013,REG,12,CHI,21.0,STL,42.0,21.0
2013_12_IND_ARI,2013,REG,12,IND,11.0,ARI,40.0,29.0
2013_12_TEN_OAK,2013,REG,12,TEN,23.0,OAK,19.0,-4.0
2013_12_DAL_NYG,2013,REG,12,DAL,24.0,NYG,21.0,-3.0
2013_12_DEN_NE,2013,REG,12,DEN,31.0,NE,34.0,3.0
2013_12_SF_WAS,2013,REG,12,SF,27.0,WAS,6.0,-21.0
2013_13_GB_DET,2013,REG,13,GB,10.0,DET,40.0,30.0
2013_13_OAK_DAL,2013,REG,13,OAK,24.0,DAL,31.0,7.0
2013_13_PIT_BAL,2013,REG,13,PIT,20.0,BAL,22.0,2.0
2013_13_TB_CAR,2013,REG,13,TB,6.0,CAR,27.0,21.0
2013_13_JAX_CLE,2013,REG,13,JAX,32.0,CLE,28.0,-4.0
2013_13_NE_HOU,2013,REG,13,NE,34.0,HOU,31.0,-3.0
2013_13_TEN_IND,2013,REG,13,TEN,14.0,IND,22.0,8.0
2013_13_CHI_MIN,2013,REG,13,CHI,20.0,MIN,23.0,3.0
2013_13_MIA_NYJ,2013,REG,13,MIA,23.0,NYJ,3.0,-20.0
2013_13_ARI_PHI,2013,REG,13,ARI,21.0,PHI,24.0,3.0
2013_13_ATL_BUF,2013,REG,13,ATL,34.0,BUF,31.0,-3.0
2013_13_STL_SF,2013,REG,13,STL,13.0,SF,23.0,10.0
2013_13_DEN_KC,2013,REG,13,DEN,35.0,KC,28.0,-7.0
2013_13_CIN_SD,2013,REG,13,CIN,17.0,SD,10.0,-7.0
2013_13_NYG_WAS,2013,REG,13,NYG,24.0,WAS,17.0,-7.0
2013_13_NO_SEA,2013,REG,13,NO,7.0,SEA,34.0,27.0
2013_14_HOU_JAX,2013,REG,14,HOU,20.0,JAX,27.0,7.0
2013_14_MIN_BAL,2013,REG,14,MIN,26.0,BAL,29.0,3.0
2013_14_IND_CIN,2013,REG,14,IND,28.0,CIN,42.0,14.0
2013_14_ATL_GB,2013,REG,14,ATL,21.0,GB,22.0,1.0
2013_14_CLE_NE,2013,REG,14,CLE,26.0,NE,27.0,1.0
2013_14_OAK_NYJ,2013,REG,14,OAK,27.0,NYJ,37.0,10.0
2013_14_DET_PHI,2013,REG,14,DET,20.0,PHI,34.0,14.0
2013_14_MIA_PIT,2013,REG,14,MIA,34.0,PIT,28.0,-6.0
2013_14_BUF_TB,2013,REG,14,BUF,6.0,TB,27.0,21.0
2013_14_KC_WAS,2013,REG,14,KC,45.0,WAS,10.0,-35.0
2013_14_TEN_DEN,2013,REG,14,TEN,28.0,DEN,51.0,23.0
2013_14_STL_ARI,2013,REG,14,STL,10.0,ARI,30.0,20.0
2013_14_NYG_SD,2013,REG,14,NYG,14.0,SD,37.0,23.0
2013_14_SEA_SF,2013,REG,14,SEA,17.0,SF,19.0,2.0
2013_14_CAR_NO,2013,REG,14,CAR,13.0,NO,31.0,18.0
2013_14_DAL_CHI,2013,REG,14,DAL,28.0,CHI,45.0,17.0
2013_15_SD_DEN,2013,REG,15,SD,27.0,DEN,20.0,-7.0
2013_15_WAS_ATL,2013,REG,15,WAS,26.0,ATL,27.0,1.0
2013_15_CHI_CLE,2013,REG,15,CHI,38.0,CLE,31.0,-7.0
2013_15_HOU_IND,2013,REG,15,HOU,3.0,IND,25.0,22.0
2013_15_BUF_JAX,2013,REG,15,BUF,27.0,JAX,20.0,-7.0
2013_15_NE_MIA,2013,REG,15,NE,20.0,MIA,24.0,4.0
2013_15_PHI_MIN,2013,REG,15,PHI,30.0,MIN,48.0,18.0
2013_15_SEA_NYG,2013,REG,15,SEA,23.0,NYG,0.0,-23.0
2013_15_SF_TB,2013,REG,15,SF,33.0,TB,14.0,-19.0
2013_15_NYJ_CAR,2013,REG,15,NYJ,20.0,CAR,30.0,10.0
2013_15_KC_OAK,2013,REG,15,KC,56.0,OAK,31.0,-25.0
2013_15_GB_DAL,2013,REG,15,GB,37.0,DAL,36.0,-1.0
2013_15_NO_STL,2013,REG,15,NO,16.0,STL,27.0,11.0
2013_15_ARI_TEN,2013,REG,15,ARI,37.0,TEN,34.0,-3.0
2013_15_CIN_PIT,2013,REG,15,CIN,20.0,PIT,30.0,10.0
2013_15_BAL_DET,2013,REG,15,BAL,18.0,DET,16.0,-2.0
2013_16_MIA_BUF,2013,REG,16,MIA,0.0,BUF,19.0,19.0
2013_16_NO_CAR,2013,REG,16,NO,13.0,CAR,17.0,4.0
2013_16_MIN_CIN,2013,REG,16,MIN,14.0,CIN,42.0,28.0
2013_16_DEN_HOU,2013,REG,16,DEN,37.0,HOU,13.0,-24.0
2013_16_TEN_JAX,2013,REG,16,TEN,20.0,JAX,16.0,-4.0
2013_16_IND_KC,2013,REG,16,IND,23.0,KC,7.0,-16.0
2013_16_CLE_NYJ,2013,REG,16,CLE,13.0,NYJ,24.0,11.0
2013_16_TB_STL,2013,REG,16,TB,13.0,STL,23.0,10.0
2013_16_DAL_WAS,2013,REG,16,DAL,24.0,WAS,23.0,-1.0
2013_16_NYG_DET,2013,REG,16,NYG,23.0,DET,20.0,-3.0
2013_16_ARI_SEA,2013,REG,16,ARI,17.0,SEA,10.0,-7.0
2013_16_NE_BAL,2013,REG,16,NE,41.0,BAL,7.0,-34.0
2013_16_PIT_GB,2013,REG,16,PIT,38.0,GB,31.0,-7.0
2013_16_OAK_SD,2013,REG,16,OAK,13.0,SD,26.0,13.0
2013_16_CHI_PHI,2013,REG,16,CHI,11.0,PHI,54.0,43.0
2013_16_ATL_SF,2013,REG,16,ATL,24.0,SF,34.0,10.0
2013_17_CAR_ATL,2013,REG,17,CAR,21.0,ATL,20.0,-1.0
2013_17_BAL_CIN,2013,REG,17,BAL,17.0,CIN,34.0,17.0
2013_17_JAX_IND,2013,REG,17,JAX,10.0,IND,30.0,20.0
2013_17_NYJ_MIA,2013,REG,17,NYJ,20.0,MIA,7.0,-13.0
2013_17_DET_MIN,2013,REG,17,DET,13.0,MIN,14.0,1.0
2013_17_WAS_NYG,2013,REG,17,WAS,6.0,NYG,20.0,14.0
2013_17_CLE_PIT,2013,REG,17,CLE,7.0,PIT,20.0,13.0
2013_17_HOU_TEN,2013,REG,17,HOU,10.0,TEN,16.0,6.0
2013_17_SF_ARI,2013,REG,17,SF,23.0,ARI,20.0,-3.0
2013_17_GB_CHI,2013,REG,17,GB,33.0,CHI,28.0,-5.0
2013_17_BUF_NE,2013,REG,17,BUF,20.0,NE,34.0,14.0
2013_17_TB_NO,2013,REG,17,TB,17.0,NO,42.0,25.0
2013_17_DEN_OAK,2013,REG,17,DEN,34.0,OAK,14.0,-20.0
2013_17_KC_SD,2013,REG,17,KC,24.0,SD,27.0,3.0
2013_17_STL_SEA,2013,REG,17,STL,9.0,SEA,27.0,18.0
2013_17_PHI_DAL,2013,REG,17,PHI,24.0,DAL,22.0,-2.0
2013_18_KC_IND,2013,WC,18,KC,44.0,IND,45.0,1.0
2013_18_NO_PHI,2013,WC,18,NO,26.0,PHI,24.0,-2.0
2013_18_SD_CIN,2013,WC,18,SD,27.0,CIN,10.0,-17.0
2013_18_SF_GB,2013,WC,18,SF,23.0,GB,20.0,-3.0
2013_19_NO_SEA,2013,DIV,19,NO,15.0,SEA,23.0,8.0
2013_19_IND_NE,2013,DIV,19,IND,22.0,NE,43.0,21.0
2013_19_SF_CAR,2013,DIV,19,SF,23.0,CAR,10.0,-13.0
2013_19_SD_DEN,2013,DIV,19,SD,17.0,DEN,24.0,7.0
2013_20_NE_DEN,2013,CON,20,NE,16.0,DEN,26.0,10.0
2013_20_SF_SEA,2013,CON,20,SF,17.0,SEA,23.0,6.0
2013_21_SEA_DEN,2013,SB,21,SEA,43.0,DEN,8.0,-35.0
2014_01_GB_SEA,2014,REG,1,GB,16.0,SEA,36.0,20.0
2014_01_NO_ATL,2014,REG,1,NO,34.0,ATL,37.0,3.0
2014_01_CIN_BAL,2014,REG,1,CIN,23.0,BAL,16.0,-7.0
2014_01_BUF_CHI,2014,REG,1,BUF,23.0,CHI,20.0,-3.0
2014_01_WAS_HOU,2014,REG,1,WAS,6.0,HOU,17.0,11.0
2014_01_TEN_KC,2014,REG,1,TEN,26.0,KC,10.0,-16.0
2014_01_NE_MIA,2014,REG,1,NE,20.0,MIA,33.0,13.0
2014_01_OAK_NYJ,2014,REG,1,OAK,14.0,NYJ,19.0,5.0
2014_01_JAX_PHI,2014,REG,1,JAX,17.0,PHI,34.0,17.0
2014_01_CLE_PIT,2014,REG,1,CLE,27.0,PIT,30.0,3.0
2014_01_MIN_STL,2014,REG,1,MIN,34.0,STL,6.0,-28.0
2014_01_SF_DAL,2014,REG,1,SF,28.0,DAL,17.0,-11.0
2014_01_CAR_TB,2014,REG,1,CAR,20.0,TB,14.0,-6.0
2014_01_IND_DEN,2014,REG,1,IND,24.0,DEN,31.0,7.0
2014_01_NYG_DET,2014,REG,1,NYG,14.0,DET,35.0,21.0
2014_01_SD_ARI,2014,REG,1,SD,17.0,ARI,18.0,1.0
2014_02_PIT_BAL,2014,REG,2,PIT,6.0,BAL,26.0,20.0
2014_02_MIA_BUF,2014,REG,2,MIA,10.0,BUF,29.0,19.0
2014_02_DET_CAR,2014,REG,2,DET,7.0,CAR,24.0,17.0
2014_02_ATL_CIN,2014,REG,2,ATL,10.0,CIN,24.0,14.0
2014_02_NO_CLE,2014,REG,2,NO,24.0,CLE,26.0,2.0
2014_02_NE_MIN,2014,REG,2,NE,30.0,MIN,7.0,-23.0
2014_02_ARI_NYG,2014,REG,2,ARI,25.0,NYG,14.0,-11.0
2014_02_DAL_TEN,2014,REG,2,DAL,26.0,TEN,10.0,-16.0
2014_02_JAX_WAS,2014,REG,2,JAX,10.0,WAS,41.0,31.0
2014_02_SEA_SD,2014,REG,2,SEA,21.0,SD,30.0,9.0
2014_02_STL_TB,2014,REG,2,STL,19.0,TB,17.0,-2.0
2014_02_KC_DEN,2014,REG,2,KC,17.0,DEN,24.0,7.0
2014_02_NYJ_GB,2014,REG,2,NYJ,24.0,GB,31.0,7.0
2014_02_HOU_OAK,2014,REG,2,HOU,30.0,OAK,14.0,-16.0
2014_02_CHI_SF,2014,REG,2,CHI,28.0,SF,20.0,-8.0
2014_02_PHI_IND,2014,REG,2,PHI,30.0,IND,27.0,-3.0
2014_03_TB_ATL,2014,REG,3,TB,14.0,ATL,56.0,42.0
2014_03_SD_BUF,2014,REG,3,SD,22.0,BUF,10.0,-12.0
2014_03_TEN_CIN,2014,REG,3,TEN,7.0,CIN,33.0,26.0
2014_03_BAL_CLE,2014,REG,3,BAL,23.0,CLE,21.0,-2.0
2014_03_GB_DET,2014,REG,3,GB,7.0,DET,19.0,12.0
2014_03_IND_JAX,2014,REG,3,IND,44.0,JAX,17.0,-27.0
2014_03_OAK_NE,2014,REG,3,OAK,9.0,NE,16.0,7.0
2014_03_MIN_NO,2014,REG,3,MIN,9.0,NO,20.0,11.0
2014_03_HOU_NYG,2014,REG,3,HOU,17.0,NYG,30.0,13.0
2014_03_WAS_PHI,2014,REG,3,WAS,34.0,PHI,37.0,3.0
2014_03_DAL_STL,2014,REG,3,DAL,34.0,STL,31.0,-3.0
2014_03_SF_ARI,2014,REG,3,SF,14.0,ARI,23.0,9.0
2014_03_KC_MIA,2014,REG,3,KC,34.0,MIA,15.0,-19.0
2014_03_DEN_SEA,2014,REG,3,DEN,20.0,SEA,26.0,6.0
2014_03_PIT_CAR,2014,REG,3,PIT,37.0,CAR,19.0,-18.0
2014_03_CHI_NYJ,2014,REG,3,CHI,27.0,NYJ,19.0,-8.0
2014_04_NYG_WAS,2014,REG,4,NYG,45.0,WAS,14.0,-31.0
2014_04_CAR_BAL,2014,REG,4,CAR,10.0,BAL,38.0,28.0
2014_04_GB_CHI,2014,REG,4,GB,38.0,CHI,17.0,-21.0
2014_04_BUF_HOU,2014,REG,4,BUF,17.0,HOU,23.0,6.0
2014_04_TEN_IND,2014,REG,4,TEN,17.0,IND,41.0,24.0
2014_04_DET_NYJ,2014,REG,4,DET,24.0,NYJ,17.0,-7.0
2014_04_MIA_OAK,2014,REG,4,MIA,38.0,OAK,14.0,-24.0
2014_04_TB_PIT,2014,REG,4,TB,27.0,PIT,24.0,-3.0
2014_04_JAX_SD,2014,REG,4,JAX,14.0,SD,33.0,19.0
2014_04_ATL_MIN,2014,REG,4,ATL,28.0,MIN,41.0,13.0
2014_04_PHI_SF,2014,REG,4,PHI,21.0,SF,26.0,5.0
2014_04_NO_DAL,2014,REG,4,NO,17.0,DAL,38.0,21.0
2014_04_NE_KC,2014,REG,4,NE,14.0,KC,41.0,27.0
2014_05_MIN_GB,2014,REG,5,MIN,10.0,GB,42.0,32.0
2014_05_CHI_CAR,2014,REG,5,CHI,24.0,CAR,31.0,7.0
2014_05_HOU_DAL,2014,REG,5,HOU,17.0,DAL,20.0,3.0
2014_05_BUF_DET,2014,REG,5,BUF,17.0,DET,14.0,-3.0
2014_05_BAL_IND,2014,REG,5,BAL,13.0,IND,20.0,7.0
2014_05_PIT_JAX,2014,REG,5,PIT,17.0,JAX,9.0,-8.0
2014_05_TB_NO,2014,REG,5,TB,31.0,NO,37.0,6.0
2014_05_ATL_NYG,2014,REG,5,ATL,20.0,NYG,30.0,10.0
2014_05_STL_PHI,2014,REG,5,STL,28.0,PHI,34.0,6.0
2014_05_CLE_TEN,2014,REG,5,CLE,29.0,TEN,28.0,-1.0
2014_05_ARI_DEN,2014,REG,5,ARI,20.0,DEN,41.0,21.0
2014_05_NYJ_SD,2014,REG,5,NYJ,0.0,SD,31.0,31.0
2014_05_KC_SF,2014,REG,5,KC,17.0,SF,22.0,5.0
2014_05_CIN_NE,2014,REG,5,CIN,17.0,NE,43.0,26.0
2014_05_SEA_WAS,2014,REG,5,SEA,27.0,WAS,17.0,-10.0
2014_06_IND_HOU,2014,REG,6,IND,33.0,HOU,28.0,-5.0
2014_06_NE_BUF,2014,REG,6,NE,37.0,BUF,22.0,-15.0
2014_06_CAR_CIN,2014,REG,6,CAR,37.0,CIN,37.0,0.0
2014_06_PIT_CLE,2014,REG,6,PIT,10.0,CLE,31.0,21.0
2014_06_GB_MIA,2014,REG,6,GB,27.0,MIA,24.0,-3.0
2014_06_DET_MIN,2014,REG,6,DET,17.0,MIN,3.0,-14.0
2014_06_DEN_NYJ,2014,REG,6,DEN,31.0,NYJ,17.0,-14.0
2014_06_BAL_TB,2014,REG,6,BAL,48.0,TB,17.0,-31.0
2014_06_JAX_TEN,2014,REG,6,JAX,14.0,TEN,16.0,2.0
2014_06_SD_OAK,2014,REG,6,SD,31.0,OAK,28.0,-3.0
2014_06_WAS_ARI,2014,REG,6,WAS,20.0,ARI,30.0,10.0
2014_06_CHI_ATL,2014,REG,6,CHI,27.0,ATL,13.0,-14.0
2014_06_DAL_SEA,2014,REG,6,DAL,30.0,SEA,23.0,-7.0
2014_06_NYG_PHI,2014,REG,6,NYG,0.0,PHI,27.0,27.0
2014_06_SF_STL,2014,REG,6,SF,31.0,STL,17.0,-14.0
2014_07_NYJ_NE,2014,REG,7,NYJ,25.0,NE,27.0,2.0
2014_07_ATL_BAL,2014,REG,7,ATL,7.0,BAL,29.0,22.0
2014_07_MIN_BUF,2014,REG,7,MIN,16.0,BUF,17.0,1.0
2014_07_MIA_CHI,2014,REG,7,MIA,27.0,CHI,14.0,-13.0
2014_07_NO_DET,2014,REG,7,NO,23.0,DET,24.0,1.0
2014_07_CAR_GB,2014,REG,7,CAR,17.0,GB,38.0,21.0
2014_07_CIN_IND,2014,REG,7,CIN,0.0,IND,27.0,27.0
2014_07_CLE_JAX,2014,REG,7,CLE,6.0,JAX,24.0,18.0
2014_07_SEA_STL,2014,REG,7,SEA,26.0,STL,28.0,2.0
2014_07_TEN_WAS,2014,REG,7,TEN,17.0,WAS,19.0,2.0
2014_07_KC_SD,2014,REG,7,KC,23.0,SD,20.0,-3.0
2014_07_NYG_DAL,2014,REG,7,NYG,21.0,DAL,31.0,10.0
2014_07_ARI_OAK,2014,REG,7,ARI,24.0,OAK,13.0,-11.0
2014_07_SF_DEN,2014,REG,7,SF,17.0,DEN,42.0,25.0
2014_07_HOU_PIT,2014,REG,7,HOU,23.0,PIT,30.0,7.0
2014_08_SD_DEN,2014,REG,8,SD,21.0,DEN,35.0,14.0
2014_08_DET_ATL,2014,REG,8,DET,22.0,ATL,21.0,-1.0
2014_08_SEA_CAR,2014,REG,8,SEA,13.0,CAR,9.0,-4.0
2014_08_BAL_CIN,2014,REG,8,BAL,24.0,CIN,27.0,3.0
2014_08_MIA_JAX,2014,REG,8,MIA,27.0,JAX,13.0,-14.0
2014_08_STL_KC,2014,REG,8,STL,7.0,KC,34.0,27.0
2014_08_CHI_NE,2014,REG,8,CHI,23.0,NE,51.0,28.0
2014_08_BUF_NYJ,2014,REG,8,BUF,43.0,NYJ,23.0,-20.0
2014_08_MIN_TB,2014,REG,8,MIN,19.0,TB,13.0,-6.0
2014_08_HOU_TEN,2014,REG,8,HOU,30.0,TEN,16.0,-14.0
2014_08_PHI_ARI,2014,REG,8,PHI,20.0,ARI,24.0,4.0
2014_08_OAK_CLE,2014,REG,8,OAK,13.0,CLE,23.0,10.0
2014_08_IND_PIT,2014,REG,8,IND,34.0,PIT,51.0,17.0
2014_08_GB_NO,2014,REG,8,GB,23.0,NO,44.0,21.0
2014_08_WAS_DAL,2014,REG,8,WAS,20.0,DAL,17.0,-3.0
2014_09_NO_CAR,2014,REG,9,NO,28.0,CAR,10.0,-18.0
2014_09_JAX_CIN,2014,REG,9,JAX,23.0,CIN,33.0,10.0
2014_09_TB_CLE,2014,REG,9,TB,17.0,CLE,22.0,5.0
2014_09_ARI_DAL,2014,REG,9,ARI,28.0,DAL,17.0,-11.0
2014_09_PHI_HOU,2014,REG,9,PHI,31.0,HOU,21.0,-10.0
2014_09_NYJ_KC,2014,REG,9,NYJ,10.0,KC,24.0,14.0
2014_09_SD_MIA,2014,REG,9,SD,0.0,MIA,37.0,37.0
2014_09_WAS_MIN,2014,REG,9,WAS,26.0,MIN,29.0,3.0
2014_09_STL_SF,2014,REG,9,STL,13.0,SF,10.0,-3.0
2014_09_DEN_NE,2014,REG,9,DEN,21.0,NE,43.0,22.0
2014_09_OAK_SEA,2014,REG,9,OAK,24.0,SEA,30.0,6.0
2014_09_BAL_PIT,2014,REG,9,BAL,23.0,PIT,43.0,20.0
2014_09_IND_NYG,2014,REG,9,IND,40.0,NYG,24.0,-16.0
2014_10_CLE_CIN,2014,REG,10,CLE,24.0,CIN,3.0,-21.0
2014_10_TEN_BAL,2014,REG,10,TEN,7.0,BAL,21.0,14.0
2014_10_KC_BUF,2014,REG,10,KC,17.0,BUF,13.0,-4.0
2014_10_MIA_DET,2014,REG,10,MIA,16.0,DET,20.0,4.0
2014_10_DAL_JAX,2014,REG,10,DAL,31.0,JAX,17.0,-14.0
2014_10_SF_NO,2014,REG,10,SF,27.0,NO,24.0,-3.0
2014_10_PIT_NYJ,2014,REG,10,PIT,13.0,NYJ,20.0,7.0
2014_10_ATL_TB,2014,REG,10,ATL,27.0,TB,17.0,-10.0
2014_10_DEN_OAK,2014,REG,10,DEN,41.0,OAK,17.0,-24.0
2014_10_STL_ARI,2014,REG,10,STL,14.0,ARI,31.0,17.0
2014_10_NYG_SEA,2014,REG,10,NYG,17.0,SEA,38.0,21.0
2014_10_CHI_GB,2014,REG,10,CHI,14.0,GB,55.0,41.0
2014_10_CAR_PHI,2014,REG,10,CAR,21.0,PHI,45.0,24.0
2014_11_BUF_MIA,2014,REG,11,BUF,9.0,MIA,22.0,13.0
2014_11_ATL_CAR,2014,REG,11,ATL,19.0,CAR,17.0,-2.0
2014_11_MIN_CHI,2014,REG,11,MIN,13.0,CHI,21.0,8.0
2014_11_HOU_CLE,2014,REG,11,HOU,23.0,CLE,7.0,-16.0
2014_11_SEA_KC,2014,REG,11,SEA,20.0,KC,24.0,4.0
2014_11_CIN_NO,2014,REG,11,CIN,27.0,NO,10.0,-17.0
2014_11_SF_NYG,2014,REG,11,SF,16.0,NYG,10.0,-6.0
2014_11_DEN_STL,2014,REG,11,DEN,7.0,STL,22.0,15.0
2014_11_TB_WAS,2014,REG,11,TB,27.0,WAS,7.0,-20.0
2014_11_OAK_SD,2014,REG,11,OAK,6.0,SD,13.0,7.0
2014_11_DET_ARI,2014,REG,11,DET,6.0,ARI,14.0,8.0
2014_11_PHI_GB,2014,REG,11,PHI,20.0,GB,53.0,33.0
2014_11_NE_IND,2014,REG,11,NE,42.0,IND,20.0,-22.0
2014_11_PIT_TEN,2014,REG,11,PIT,27.0,TEN,24.0,-3.0
2014_12_KC_OAK,2014,REG,12,KC,20.0,OAK,24.0,4.0
2014_12_CLE_ATL,2014,REG,12,CLE,26.0,ATL,24.0,-2.0
2014_12_TB_CHI,2014,REG,12,TB,13.0,CHI,21.0,8.0
2014_12_CIN_HOU,2014,REG,12,CIN,22.0,HOU,13.0,-9.0
2014_12_JAX_IND,2014,REG,12,JAX,3.0,IND,23.0,20.0
2014_12_GB_MIN,2014,REG,12,GB,24.0,MIN,21.0,-3.0
2014_12_DET_NE,2014,REG,12,DET,9.0,NE,34.0,25.0
2014_12_TEN_PHI,2014,REG,12,TEN,24.0,PHI,43.0,19.0
2014_12_STL_SD,2014,REG,12,STL,24.0,SD,27.0,3.0
2014_12_ARI_SEA,2014,REG,12,ARI,3.0,SEA,19.0,16.0
2014_12_MIA_DEN,2014,REG,12,MIA,36.0,DEN,39.0,3.0
2014_12_WAS_SF,2014,REG,12,WAS,13.0,SF,17.0,4.0
2014_12_DAL_NYG,2014,REG,12,DAL,31.0,NYG,28.0,-3.0
2014_12_NYJ_BUF,2014,REG,12,NYJ,3.0,BUF,38.0,35.0
2014_12_BAL_NO,2014,REG,12,BAL,34.0,NO,27.0,-7.0
2014_13_CHI_DET,2014,REG,13,CHI,17.0,DET,34.0,17.0
2014_13_PHI_DAL,2014,REG,13,PHI,33.0,DAL,10.0,-23.0
2014_13_SEA_SF,2014,REG,13,SEA,19.0,SF,3.0,-16.0
2014_13_SD_BAL,2014,REG,13,SD,34.0,BAL,33.0,-1.0
2014_13_CLE_BUF,2014,REG,13,CLE,10.0,BUF,26.0,16.0
2014_13_TEN_HOU,2014,REG,13,TEN,21.0,HOU,45.0,24.0
2014_13_WAS_IND,2014,REG,13,WAS,27.0,IND,49.0,22.0
2014_13_NYG_JAX,2014,REG,13,NYG,24.0,JAX,25.0,1.0
2014_13_CAR_MIN,2014,REG,13,CAR,13.0,MIN,31.0,18.0
2014_13_NO_PIT,2014,REG,13,NO,35.0,PIT,32.0,-3.0
2014_13_OAK_STL,2014,REG,13,OAK,0.0,STL,52.0,52.0
2014_13_CIN_TB,2014,REG,13,CIN,14.0,TB,13.0,-1.0
2014_13_ARI_ATL,2014,REG,13,ARI,18.0,ATL,29.0,11.0
2014_13_NE_GB,2014,REG,13,NE,21.0,GB,26.0,5.0
2014_13_DEN_KC,2014,REG,13,DEN,29.0,KC,16.0,-13.0
2014_13_MIA_NYJ,2014,REG,13,MIA,16.0,NYJ,13.0,-3.0
2014_14_DAL_CHI,2014,REG,14,DAL,41.0,CHI,28.0,-13.0
2014_14_PIT_CIN,2014,REG,14,PIT,42.0,CIN,21.0,-21.0
2014_14_IND_CLE,2014,REG,14,IND,25.0,CLE,24.0,-1.0
2014_14_TB_DET,2014,REG,14,TB,17.0,DET,34.0,17.0
2014_14_HOU_JAX,2014,REG,14,HOU,27.0,JAX,13.0,-14.0
2014_14_BAL_MIA,2014,REG,14,BAL,28.0,MIA,13.0,-15.0
2014_14_NYJ_MIN,2014,REG,14,NYJ,24.0,MIN,30.0,6.0
2014_14_CAR_NO,2014,REG,14,CAR,41.0,NO,10.0,-31.0
2014_14_NYG_TEN,2014,REG,14,NYG,36.0,TEN,7.0,-29.0
2014_14_STL_WAS,2014,REG,14,STL,24.0,WAS,0.0,-24.0
2014_14_KC_ARI,2014,REG,14,KC,14.0,ARI,17.0,3.0
2014_14_BUF_DEN,2014,REG,14,BUF,17.0,DEN,24.0,7.0
2014_14_SF_OAK,2014,REG,14,SF,13.0,OAK,24.0,11.0
2014_14_SEA_PHI,2014,REG,14,SEA,24.0,PHI,14.0,-10.0
2014_14_NE_SD,2014,REG,14,NE,23.0,SD,14.0,-9.0
2014_14_ATL_GB,2014,REG,14,ATL,37.0,GB,43.0,6.0
2014_15_ARI_STL,2014,REG,15,ARI,12.0,STL,6.0,-6.0
2014_15_PIT_ATL,2014,REG,15,PIT,27.0,ATL,20.0,-7.0
2014_15_JAX_BAL,2014,REG,15,JAX,12.0,BAL,20.0,8.0
2014_15_GB_BUF,2014,REG,15,GB,13.0,BUF,21.0,8.0
2014_15_TB_CAR,2014,REG,15,TB,17.0,CAR,19.0,2.0
2014_15_CIN_CLE,2014,REG,15,CIN,30.0,CLE,0.0,-30.0
2014_15_HOU_IND,2014,REG,15,HOU,10.0,IND,17.0,7.0
2014_15_OAK_KC,2014,REG,15,OAK,13.0,KC,31.0,18.0
2014_15_MIA_NE,2014,REG,15,MIA,13.0,NE,41.0,28.0
2014_15_WAS_NYG,2014,REG,15,WAS,13.0,NYG,24.0,11.0
2014_15_DEN_SD,2014,REG,15,DEN,22.0,SD,10.0,-12.0
2014_15_NYJ_TEN,2014,REG,15,NYJ,16.0,TEN,11.0,-5.0
2014_15_MIN_DET,2014,REG,15,MIN,14.0,DET,16.0,2.0
2014_15_SF_SEA,2014,REG,15,SF,7.0,SEA,17.0,10.0
2014_15_DAL_PHI,2014,REG,15,DAL,38.0,PHI,27.0,-11.0
2014_15_NO_CHI,2014,REG,15,NO,31.0,CHI,15.0,-16.0
2014_16_TEN_JAX,2014,REG,16,TEN,13.0,JAX,21.0,8.0
2014_16_PHI_WAS,2014,REG,16,PHI,24.0,WAS,27.0,3.0
2014_16_SD_SF,2014,REG,16,SD,38.0,SF,35.0,-3.0
2014_16_CLE_CAR,2014,REG,16,CLE,13.0,CAR,17.0,4.0
2014_16_DET_CHI,2014,REG,16,DET,20.0,CHI,14.0,-6.0
2014_16_BAL_HOU,2014,REG,16,BAL,13.0,HOU,25.0,12.0
2014_16_MIN_MIA,2014,REG,16,MIN,35.0,MIA,37.0,2.0
2014_16_ATL_NO,2014,REG,16,ATL,30.0,NO,14.0,-16.0
2014_16_NE_NYJ,2014,REG,16,NE,17.0,NYJ,16.0,-1.0
2014_16_KC_PIT,2014,REG,16,KC,12.0,PIT,20.0,8.0
2014_16_GB_TB,2014,REG,16,GB,20.0,TB,3.0,-17.0
2014_16_NYG_STL,2014,REG,16,NYG,37.0,STL,27.0,-10.0
2014_16_IND_DAL,2014,REG,16,IND,7.0,DAL,42.0,35.0
2014_16_BUF_OAK,2014,REG,16,BUF,24.0,OAK,26.0,2.0
2014_16_SEA_ARI,2014,REG,16,SEA,35.0,ARI,6.0,-29.0
2014_16_DEN_CIN,2014,REG,16,DEN,28.0,CIN,37.0,9.0
2014_17_CLE_BAL,2014,REG,17,CLE,10.0,BAL,20.0,10.0
2014_17_JAX_HOU,2014,REG,17,JAX,17.0,HOU,23.0,6.0
2014_17_SD_KC,2014,REG,17,SD,7.0,KC,19.0,12.0
2014_17_NYJ_MIA,2014,REG,17,NYJ,37.0,MIA,24.0,-13.0
2014_17_CHI_MIN,2014,REG,17,CHI,9.0,MIN,13.0,4.0
2014_17_BUF_NE,2014,REG,17,BUF,17.0,NE,9.0,-8.0
2014_17_PHI_NYG,2014,REG,17,PHI,34.0,NYG,26.0,-8.0
2014_17_NO_TB,2014,REG,17,NO,23.0,TB,20.0,-3.0
2014_17_IND_TEN,2014,REG,17,IND,27.0,TEN,10.0,-17.0
2014_17_DAL_WAS,2014,REG,17,DAL,44.0,WAS,17.0,-27.0
2014_17_CAR_ATL,2014,REG,17,CAR,34.0,ATL,3.0,-31.0
2014_17_OAK_DEN,2014,REG,17,OAK,14.0,DEN,47.0,33.0
2014_17_DET_GB,2014,REG,17,DET,20.0,GB,30.0,10.0
2014_17_STL_SEA,2014,REG,17,STL,6.0,SEA,20.0,14.0
2014_17_ARI_SF,2014,REG,17,ARI,17.0,SF,20.0,3.0
2014_17_CIN_PIT,2014,REG,17,CIN,17.0,PIT,27.0,10.0
2014_18_ARI_CAR,2014,WC,18,ARI,16.0,CAR,27.0,11.0
2014_18_BAL_PIT,2014,WC,18,BAL,30.0,PIT,17.0,-13.0
2014_18_CIN_IND,2014,WC,18,CIN,10.0,IND,26.0,16.0
2014_18_DET_DAL,2014,WC,18,DET,20.0,DAL,24.0,4.0
2014_19_BAL_NE,2014,DIV,19,BAL,31.0,NE,35.0,4.0
2014_19_CAR_SEA,2014,DIV,19,CAR,17.0,SEA,31.0,14.0
2014_19_DAL_GB,2014,DIV,19,DAL,21.0,GB,26.0,5.0
2014_19_IND_DEN,2014,DIV,19,IND,24.0,DEN,13.0,-11.0
2014_20_GB_SEA,2014,CON,20,GB,22.0,SEA,28.0,6.0
2014_20_IND_NE,2014,CON,20,IND,7.0,NE,45.0,38.0
2014_21_NE_SEA,2014,SB,21,NE,28.0,SEA,24.0,-4.0
2015_01_PIT_NE,2015,REG,1,PIT,21.0,NE,28.0,7.0
2015_01_IND_BUF,2015,REG,1,IND,14.0,BUF,27.0,13.0
2015_01_GB_CHI,2015,REG,1,GB,31.0,CHI,23.0,-8.0
2015_01_KC_HOU,2015,REG,1,KC,27.0,HOU,20.0,-7.0
2015_01_CAR_JAX,2015,REG,1,CAR,20.0,JAX,9.0,-11.0
2015_01_CLE_NYJ,2015,REG,1,CLE,10.0,NYJ,31.0,21.0
2015_01_SEA_STL,2015,REG,1,SEA,31.0,STL,34.0,3.0
2015_01_MIA_WAS,2015,REG,1,MIA,17.0,WAS,10.0,-7.0
2015_01_NO_ARI,2015,REG,1,NO,19.0,ARI,31.0,12.0
2015_01_DET_SD,2015,REG,1,DET,28.0,SD,33.0,5.0
2015_01_BAL_DEN,2015,REG,1,BAL,13.0,DEN,19.0,6.0
2015_01_CIN_OAK,2015,REG,1,CIN,33.0,OAK,13.0,-20.0
2015_01_TEN_TB,2015,REG,1,TEN,42.0,TB,14.0,-28.0
2015_01_NYG_DAL,2015,REG,1,NYG,26.0,DAL,27.0,1.0
2015_01_PHI_ATL,2015,REG,1,PHI,24.0,ATL,26.0,2.0
2015_01_MIN_SF,2015,REG,1,MIN,3.0,SF,20.0,17.0
2015_02_DEN_KC,2015,REG,2,DEN,31.0,KC,24.0,-7.0
2015_02_NE_BUF,2015,REG,2,NE,40.0,BUF,32.0,-8.0
2015_02_HOU_CAR,2015,REG,2,HOU,17.0,CAR,24.0,7.0
2015_02_ARI_CHI,2015,REG,2,ARI,48.0,CHI,23.0,-25.0
2015_02_SD_CIN,2015,REG,2,SD,19.0,CIN,24.0,5.0
2015_02_TEN_CLE,2015,REG,2,TEN,14.0,CLE,28.0,14.0
2015_02_DET_MIN,2015,REG,2,DET,16.0,MIN,26.0,10.0
2015_02_TB_NO,2015,REG,2,TB,26.0,NO,19.0,-7.0
2015_02_ATL_NYG,2015,REG,2,ATL,24.0,NYG,20.0,-4.0
2015_02_SF_PIT,2015,REG,2,SF,18.0,PIT,43.0,25.0
2015_02_STL_WAS,2015,REG,2,STL,10.0,WAS,24.0,14.0
2015_02_MIA_JAX,2015,REG,2,MIA,20.0,JAX,23.0,3.0
2015_02_BAL_OAK,2015,REG,2,BAL,33.0,OAK,37.0,4.0
2015_02_DAL_PHI,2015,REG,2,DAL,20.0,PHI,10.0,-10.0
2015_02_SEA_GB,2015,REG,2,SEA,17.0,GB,27.0,10.0
2015_02_NYJ_IND,2015,REG,2,NYJ,20.0,IND,7.0,-13.0
2015_03_WAS_NYG,2015,REG,3,WAS,21.0,NYG,32.0,11.0
2015_03_CIN_BAL,2015,REG,3,CIN,28.0,BAL,24.0,-4.0
2015_03_NO_CAR,2015,REG,3,NO,22.0,CAR,27.0,5.0
2015_03_OAK_CLE,2015,REG,3,OAK,27.0,CLE,20.0,-7.0
2015_03_ATL_DAL,2015,REG,3,ATL,39.0,DAL,28.0,-11.0
2015_03_TB_HOU,2015,REG,3,TB,9.0,HOU,19.0,10.0
2015_03_SD_MIN,2015,REG,3,SD,14.0,MIN,31.0,17.0
2015_03_JAX_NE,2015,REG,3,JAX,17.0,NE,51.0,34.0
2015_03_PHI_NYJ,2015,REG,3,PHI,24.0,NYJ,17.0,-7.0
2015_03_PIT_STL,2015,REG,3,PIT,12.0,STL,6.0,-6.0
2015_03_IND_TEN,2015,REG,3,IND,35.0,TEN,33.0,-2.0
2015_03_SF_ARI,2015,REG,3,SF,7.0,ARI,47.0,40.0
2015_03_BUF_MIA,2015,REG,3,BUF,41.0,MIA,14.0,-27.0
2015_03_CHI_SEA,2015,REG,3,CHI,0.0,SEA,26.0,26.0
2015_03_DEN_DET,2015,REG,3,DEN,24.0,DET,12.0,-12.0
2015_03_KC_GB,2015,REG,3,KC,28.0,GB,38.0,10.0
2015_04_BAL_PIT,2015,REG,4,BAL,23.0,PIT,20.0,-3.0
2015_04_NYJ_MIA,2015,REG,4,NYJ,27.0,MIA,14.0,-13.0
2015_04_HOU_ATL,2015,REG,4,HOU,21.0,ATL,48.0,27.0
2015_04_NYG_BUF,2015,REG,4,NYG,24.0,BUF,10.0,-14.0
2015_04_OAK_CHI,2015,REG,4,OAK,20.0,CHI,22.0,2.0
2015_04_KC_CIN,2015,REG,4,KC,21.0,CIN,36.0,15.0
2015_04_JAX_IND,2015,REG,4,JAX,13.0,IND,16.0,3.0
2015_04_CAR_TB,2015,REG,4,CAR,37.0,TB,23.0,-14.0
2015_04_PHI_WAS,2015,REG,4,PHI,20.0,WAS,23.0,3.0
2015_04_CLE_SD,2015,REG,4,CLE,27.0,SD,30.0,3.0
2015_04_STL_ARI,2015,REG,4,STL,24.0,ARI,22.0,-2.0
2015_04_MIN_DEN,2015,REG,4,MIN,20.0,DEN,23.0,3.0
2015_04_GB_SF,2015,REG,4,GB,17.0,SF,3.0,-14.0
2015_04_DAL_NO,2015,REG,4,DAL,20.0,NO,26.0,6.0
2015_04_DET_SEA,2015,REG,4,DET,10.0,SEA,13.0,3.0
2015_05_IND_HOU,2015,REG,5,IND,27.0,HOU,20.0,-7.0
2015_05_WAS_ATL,2015,REG,5,WAS,19.0,ATL,25.0,6.0
2015_05_CLE_BAL,2015,REG,5,CLE,33.0,BAL,30.0,-3.0
2015_05_SEA_CIN,2015,REG,5,SEA,24.0,CIN,27.0,3.0
2015_05_STL_GB,2015,REG,5,STL,10.0,GB,24.0,14.0
2015_05_CHI_KC,2015,REG,5,CHI,18.0,KC,17.0,-1.0
2015_05_NO_PHI,2015,REG,5,NO,17.0,PHI,39.0,22.0
2015_05_JAX_TB,2015,REG,5,JAX,31.0,TB,38.0,7.0
2015_05_BUF_TEN,2015,REG,5,BUF,14.0,TEN,13.0,-1.0
2015_05_ARI_DET,2015,REG,5,ARI,42.0,DET,17.0,-25.0
2015_05_NE_DAL,2015,REG,5,NE,30.0,DAL,6.0,-24.0
2015_05_DEN_OAK,2015,REG,5,DEN,16.0,OAK,10.0,-6.0
2015_05_SF_NYG,2015,REG,5,SF,27.0,NYG,30.0,3.0
2015_05_PIT_SD,2015,REG,5,PIT,24.0,SD,20.0,-4.0
2015_06_ATL_NO,2015,REG,6,ATL,21.0,NO,31.0,10.0
2015_06_CIN_BUF,2015,REG,6,CIN,34.0,BUF,21.0,-13.0
2015_06_DEN_CLE,2015,REG,6,DEN,26.0,CLE,23.0,-3.0
2015_06_CHI_DET,2015,REG,6,CHI,34.0,DET,37.0,3.0
2015_06_HOU_JAX,2015,REG,6,HOU,31.0,JAX,20.0,-11.0
2015_06_KC_MIN,2015,REG,6,KC,10.0,MIN,16.0,6.0
2015_06_WAS_NYJ,2015,REG,6,WAS,20.0,NYJ,34.0,14.0
2015_06_ARI_PIT,2015,REG,6,ARI,13.0,PIT,25.0,12.0
2015_06_MIA_TEN,2015,REG,6,MIA,38.0,TEN,10.0,-28.0
2015_06_CAR_SEA,2015,REG,6,CAR,27.0,SEA,23.0,-4.0
2015_06_SD_GB,2015,REG,6,SD,20.0,GB,27.0,7.0
2015_06_BAL_SF,2015,REG,6,BAL,20.0,SF,25.0,5.0
2015_06_NE_IND,2015,REG,6,NE,34.0,IND,27.0,-7.0
2015_06_NYG_PHI,2015,REG,6,NYG,7.0,PHI,27.0,20.0
2015_07_SEA_SF,2015,REG,7,SEA,20.0,SF,3.0,-17.0
2015_07_BUF_JAX,2015,REG,7,BUF,31.0,JAX,34.0,3.0
2015_07_MIN_DET,2015,REG,7,MIN,28.0,DET,19.0,-9.0
2015_07_NO_IND,2015,REG,7,NO,27.0,IND,21.0,-6.0
2015_07_PIT_KC,2015,REG,7,PIT,13.0,KC,23.0,10.0
2015_07_HOU_MIA,2015,REG,7,HOU,26.0,MIA,44.0,18.0
2015_07_NYJ_NE,2015,REG,7,NYJ,23.0,NE,30.0,7.0
2015_07_CLE_STL,2015,REG,7,CLE,6.0,STL,24.0,18.0
2015_07_ATL_TEN,2015,REG,7,ATL,10.0,TEN,7.0,-3.0
2015_07_TB_WAS,2015,REG,7,TB,30.0,WAS,31.0,1.0
2015_07_OAK_SD,2015,REG,7,OAK,37.0,SD,29.0,-8.0
2015_07_DAL_NYG,2015,REG,7,DAL,20.0,NYG,27.0,7.0
2015_07_PHI_CAR,2015,REG,7,PHI,16.0,CAR,27.0,11.0
2015_07_BAL_ARI,2015,REG,7,BAL,18.0,ARI,26.0,8.0
2015_08_MIA_NE,2015,REG,8,MIA,7.0,NE,36.0,29.0
2015_08_DET_KC,2015,REG,8,DET,10.0,KC,45.0,35.0
2015_08_TB_ATL,2015,REG,8,TB,23.0,ATL,20.0,-3.0
2015_08_SD_BAL,2015,REG,8,SD,26.0,BAL,29.0,3.0
2015_08_MIN_CHI,2015,REG,8,MIN,23.0,CHI,20.0,-3.0
2015_08_ARI_CLE,2015,REG,8,ARI,34.0,CLE,20.0,-14.0
2015_08_TEN_HOU,2015,REG,8,TEN,6.0,HOU,20.0,14.0
2015_08_NYG_NO,2015,REG,8,NYG,49.0,NO,52.0,3.0
2015_08_CIN_PIT,2015,REG,8,CIN,16.0,PIT,10.0,-6.0
2015_08_SF_STL,2015,REG,8,SF,6.0,STL,27.0,21.0
2015_08_NYJ_OAK,2015,REG,8,NYJ,20.0,OAK,34.0,14.0
2015_08_SEA_DAL,2015,REG,8,SEA,13.0,DAL,12.0,-1.0
2015_08_GB_DEN,2015,REG,8,GB,10.0,DEN,29.0,19.0
2015_08_IND_CAR,2015,REG,8,IND,26.0,CAR,29.0,3.0
2015_09_CLE_CIN,2015,REG,9,CLE,10.0,CIN,31.0,21.0
2015_09_MIA_BUF,2015,REG,9,MIA,17.0,BUF,33.0,16.0
2015_09_GB_CAR,2015,REG,9,GB,29.0,CAR,37.0,8.0
2015_09_STL_MIN,2015,REG,9,STL,18.0,MIN,21.0,3.0
2015_09_WAS_NE,2015,REG,9,WAS,10.0,NE,27.0,17.0
2015_09_TEN_NO,2015,REG,9,TEN,34.0,NO,28.0,-6.0
2015_09_JAX_NYJ,2015,REG,9,JAX,23.0,NYJ,28.0,5.0
2015_09_OAK_PIT,2015,REG,9,OAK,35.0,PIT,38.0,3.0
2015_09_ATL_SF,2015,REG,9,ATL,16.0,SF,17.0,1.0
2015_09_NYG_TB,2015,REG,9,NYG,32.0,TB,18.0,-14.0
2015_09_DEN_IND,2015,REG,9,DEN,24.0,IND,27.0,3.0
2015_09_PHI_DAL,2015,REG,9,PHI,33.0,DAL,27.0,-6.0
2015_09_CHI_SD,2015,REG,9,CHI,22.0,SD,19.0,-3.0
2015_10_BUF_NYJ,2015,REG,10,BUF,22.0,NYJ,17.0,-5.0
2015_10_JAX_BAL,2015,REG,10,JAX,22.0,BAL,20.0,-2.0
2015_10_DET_GB,2015,REG,10,DET,18.0,GB,16.0,-2.0
2015_10_MIA_PHI,2015,REG,10,MIA,20.0,PHI,19.0,-1.0
2015_10_CLE_PIT,2015,REG,10,CLE,9.0,PIT,30.0,21.0
2015_10_CHI_STL,2015,REG,10,CHI,37.0,STL,13.0,-24.0
2015_10_DAL_TB,2015,REG,10,DAL,6.0,TB,10.0,4.0
2015_10_CAR_TEN,2015,REG,10,CAR,27.0,TEN,10.0,-17.0
2015_10_NO_WAS,2015,REG,10,NO,14.0,WAS,47.0,33.0
2015_10_MIN_OAK,2015,REG,10,MIN,30.0,OAK,14.0,-16.0
2015_10_KC_DEN,2015,REG,10,KC,29.0,DEN,13.0,-16.0
2015_10_NE_NYG,2015,REG,10,NE,27.0,NYG,26.0,-1.0
2015_10_ARI_SEA,2015,REG,10,ARI,39.0,SEA,32.0,-7.0
2015_10_HOU_CIN,2015,REG,10,HOU,10.0,CIN,6.0,-4.0
2015_11_TEN_JAX,2015,REG,11,TEN,13.0,JAX,19.0,6.0
2015_11_IND_ATL,2015,REG,11,IND,24.0,ATL,21.0,-3.0
2015_11_STL_BAL,2015,REG,11,STL,13.0,BAL,16.0,3.0
2015_11_WAS_CAR,2015,REG,11,WAS,16.0,CAR,44.0,28.0
2015_11_DEN_CHI,2015,REG,11,DEN,17.0,CHI,15.0,-2.0
2015_11_OAK_DET,2015,REG,11,OAK,13.0,DET,18.0,5.0
2015_11_NYJ_HOU,2015,REG,11,NYJ,17.0,HOU,24.0,7.0
2015_11_DAL_MIA,2015,REG,11,DAL,24.0,MIA,14.0,-10.0
2015_11_TB_PHI,2015,REG,11,TB,45.0,PHI,17.0,-28.0
2015_11_KC_SD,2015,REG,11,KC,33.0,SD,3.0,-30.0
2015_11_GB_MIN,2015,REG,11,GB,30.0,MIN,13.0,-17.0
2015_11_SF_SEA,2015,REG,11,SF,13.0,SEA,29.0,16.0
2015_11_CIN_ARI,2015,REG,11,CIN,31.0,ARI,34.0,3.0
2015_11_BUF_NE,2015,REG,11,BUF,13.0,NE,20.0,7.0
2015_12_PHI_DET,2015,REG,12,PHI,14.0,DET,45.0,31.0
2015_12_CAR_DAL,2015,REG,12,CAR,33.0,DAL,14.0,-19.0
2015_12_CHI_GB,2015,REG,12,CHI,17.0,GB,13.0,-4.0
2015_12_MIN_ATL,2015,REG,12,MIN,20.0,ATL,10.0,-10.0
2015_12_STL_CIN,2015,REG,12,STL,7.0,CIN,31.0,24.0
2015_12_NO_HOU,2015,REG,12,NO,6.0,HOU,24.0,18.0
2015_12_TB_IND,2015,REG,12,TB,12.0,IND,25.0,13.0
2015_12_SD_JAX,2015,REG,12,SD,31.0,JAX,25.0,-6.0
2015_12_BUF_KC,2015,REG,12,BUF,22.0,KC,30.0,8.0
2015_12_MIA_NYJ,2015,REG,12,MIA,20.0,NYJ,38.0,18.0
2015_12_OAK_TEN,2015,REG,12,OAK,24.0,TEN,21.0,-3.0
2015_12_NYG_WAS,2015,REG,12,NYG,14.0,WAS,20.0,6.0
2015_12_ARI_SF,2015,REG,12,ARI,19.0,SF,13.0,-6.0
2015_12_PIT_SEA,2015,REG,12,PIT,30.0,SEA,39.0,9.0
2015_12_NE_DEN,2015,REG,12,NE,24.0,DEN,30.0,6.0
2015_12_BAL_CLE,2015,REG,12,BAL,33.0,CLE,27.0,-6.0
2015_13_GB_DET,2015,REG,13,GB,27.0,DET,23.0,-4.0
2015_13_HOU_BUF,2015,REG,13,HOU,21.0,BUF,30.0,9.0
2015_13_SF_CHI,2015,REG,13,SF,26.0,CHI,20.0,-6.0
2015_13_CIN_CLE,2015,REG,13,CIN,37.0,CLE,3.0,-34.0
2015_13_BAL_MIA,2015,REG,13,BAL,13.0,MIA,15.0,2.0
2015_13_SEA_MIN,2015,REG,13,SEA,38.0,MIN,7.0,-31.0
2015_13_NYJ_NYG,2015,REG,13,NYJ,23.0,NYG,20.0,-3.0
2015_13_ARI_STL,2015,REG,13,ARI,27.0,STL,3.0,-24.0
2015_13_ATL_TB,2015,REG,13,ATL,19.0,TB,23.0,4.0
2015_13_JAX_TEN,2015,REG,13,JAX,39.0,TEN,42.0,3.0
2015_13_KC_OAK,2015,REG,13,KC,34.0,OAK,20.0,-14.0
2015_13_DEN_SD,2015,REG,13,DEN,17.0,SD,3.0,-14.0
2015_13_PHI_NE,2015,REG,13,PHI,35.0,NE,28.0,-7.0
2015_13_CAR_NO,2015,REG,13,CAR,41.0,NO,38.0,-3.0
2015_13_IND_PIT,2015,REG,13,IND,10.0,PIT,45.0,35.0
2015_13_DAL_WAS,2015,REG,13,DAL,19.0,WAS,16.0,-3.0
2015_14_MIN_ARI,2015,REG,14,MIN,20.0,ARI,23.0,3.0
2015_14_SEA_BAL,2015,REG,14,SEA,35.0,BAL,6.0,-29.0
2015_14_ATL_CAR,2015,REG,14,ATL,0.0,CAR,38.0,38.0
2015_14_WAS_CHI,2015,REG,14,WAS,24.0,CHI,21.0,-3.0
2015_14_PIT_CIN,2015,REG,14,PIT,33.0,CIN,20.0,-13.0
2015_14_SF_CLE,2015,REG,14,SF,10.0,CLE,24.0,14.0
2015_14_IND_JAX,2015,REG,14,IND,16.0,JAX,51.0,35.0
2015_14_SD_KC,2015,REG,14,SD,3.0,KC,10.0,7.0
2015_14_TEN_NYJ,2015,REG,14,TEN,8.0,NYJ,30.0,22.0
2015_14_BUF_PHI,2015,REG,14,BUF,20.0,PHI,23.0,3.0
2015_14_DET_STL,2015,REG,14,DET,14.0,STL,21.0,7.0
2015_14_NO_TB,2015,REG,14,NO,24.0,TB,17.0,-7.0
2015_14_OAK_DEN,2015,REG,14,OAK,15.0,DEN,12.0,-3.0
2015_14_DAL_GB,2015,REG,14,DAL,7.0,GB,28.0,21.0
2015_14_NE_HOU,2015,REG,14,NE,27.0,HOU,6.0,-21.0
2015_14_NYG_MIA,2015,REG,14,NYG,31.0,MIA,24.0,-7.0
2015_15_TB_STL,2015,REG,15,TB,23.0,STL,31.0,8.0
2015_15_NYJ_DAL,2015,REG,15,NYJ,19.0,DAL,16.0,-3.0
2015_15_KC_BAL,2015,REG,15,KC,34.0,BAL,14.0,-20.0
2015_15_HOU_IND,2015,REG,15,HOU,16.0,IND,10.0,-6.0
2015_15_ATL_JAX,2015,REG,15,ATL,23.0,JAX,17.0,-6.0
2015_15_CHI_MIN,2015,REG,15,CHI,17.0,MIN,38.0,21.0
2015_15_TEN_NE,2015,REG,15,TEN,16.0,NE,33.0,17.0
2015_15_CAR_NYG,2015,REG,15,CAR,38.0,NYG,35.0,-3.0
2015_15_BUF_WAS,2015,REG,15,BUF,25.0,WAS,35.0,10.0
2015_15_GB_OAK,2015,REG,15,GB,30.0,OAK,20.0,-10.0
2015_15_CLE_SEA,2015,REG,15,CLE,13.0,SEA,30.0,17.0
2015_15_DEN_PIT,2015,REG,15,DEN,27.0,PIT,34.0,7.0
2015_15_MIA_SD,2015,REG,15,MIA,14.0,SD,30.0,16.0
2015_15_CIN_SF,2015,REG,15,CIN,24.0,SF,14.0,-10.0
2015_15_ARI_PHI,2015,REG,15,ARI,40.0,PHI,17.0,-23.0
2015_15_DET_NO,2015,REG,15,DET,35.0,NO,27.0,-8.0
2015_16_SD_OAK,2015,REG,16,SD,20.0,OAK,23.0,3.0
2015_16_WAS_PHI,2015,REG,16,WAS,38.0,PHI,24.0,-14.0
2015_16_CAR_ATL,2015,REG,16,CAR,13.0,ATL,20.0,7.0
2015_16_PIT_BAL,2015,REG,16,PIT,17.0,BAL,20.0,3.0
2015_16_DAL_BUF,2015,REG,16,DAL,6.0,BUF,16.0,10.0
2015_16_SF_DET,2015,REG,16,SF,17.0,DET,32.0,15.0
2015_16_CLE_KC,2015,REG,16,CLE,13.0,KC,17.0,4.0
2015_16_IND_MIA,2015,REG,16,IND,18.0,MIA,12.0,-6.0
2015_16_NE_NYJ,2015,REG,16,NE,20.0,NYJ,26.0,6.0
2015_16_CHI_TB,2015,REG,16,CHI,26.0,TB,21.0,-5.0
2015_16_HOU_TEN,2015,REG,16,HOU,34.0,TEN,6.0,-28.0
2015_16_JAX_NO,2015,REG,16,JAX,27.0,NO,38.0,11.0
2015_16_GB_ARI,2015,REG,16,GB,8.0,ARI,38.0,30.0
2015_16_STL_SEA,2015,REG,16,STL,23.0,SEA,17.0,-6.0
2015_16_NYG_MIN,2015,REG,16,NYG,17.0,MIN,49.0,32.0
2015_16_CIN_DEN,2015,REG,16,CIN,17.0,DEN,20.0,3.0
2015_17_NO_ATL,2015,REG,17,NO,20.0,ATL,17.0,-3.0
2015_17_NYJ_BUF,2015,REG,17,NYJ,17.0,BUF,22.0,5.0
2015_17_DET_CHI,2015,REG,17,DET,24.0,CHI,20.0,-4.0
2015_17_BAL_CIN,2015,REG,17,BAL,16.0,CIN,24.0,8.0
2015_17_PIT_CLE,2015,REG,17,PIT,28.0,CLE,12.0,-16.0
2015_17_WAS_DAL,2015,REG,17,WAS,34.0,DAL,23.0,-11.0
2015_17_JAX_HOU,2015,REG,17,JAX,6.0,HOU,30.0,24.0
2015_17_TEN_IND,2015,REG,17,TEN,24.0,IND,30.0,6.0
2015_17_NE_MIA,2015,REG,17,NE,10.0,MIA,20.0,10.0
2015_17_PHI_NYG,2015,REG,17,PHI,35.0,NYG,30.0,-5.0
2015_17_SEA_ARI,2015,REG,17,SEA,36.0,ARI,6.0,-30.0
2015_17_TB_CAR,2015,REG,17,TB,10.0,CAR,38.0,28.0
2015_17_SD_DEN,2015,REG,17,SD,20.0,DEN,27.0,7.0
2015_17_OAK_KC,2015,REG,17,OAK,17.0,KC,23.0,6.0
2015_17_STL_SF,2015,REG,17,STL,16.0,SF,19.0,3.0
2015_17_MIN_GB,2015,REG,17,MIN,20.0,GB,13.0,-7.0
2015_18_KC_HOU,2015,WC,18,KC,30.0,HOU,0.0,-30.0
2015_18_PIT_CIN,2015,WC,18,PIT,18.0,CIN,16.0,-2.0
2015_18_SEA_MIN,2015,WC,18,SEA,10.0,MIN,9.0,-1.0
2015_18_GB_WAS,2015,WC,18,GB,35.0,WAS,18.0,-17.0
2015_19_KC_NE,2015,DIV,19,KC,20.0,NE,27.0,7.0
2015_19_GB_ARI,2015,DIV,19,GB,20.0,ARI,26.0,6.0
2015_19_SEA_CAR,2015,DIV,19,SEA,24.0,CAR,31.0,7.0
2015_19_PIT_DEN,2015,DIV,19,PIT,16.0,DEN,23.0,7.0
2015_20_NE_DEN,2015,CON,20,NE,18.0,DEN,20.0,2.0
2015_20_ARI_CAR,2015,CON,20,ARI,15.0,CAR,49.0,34.0
2015_21_CAR_DEN,2015,SB,21,CAR,10.0,DEN,24.0,14.0
2016_01_CAR_DEN,2016,REG,1,CAR,20.0,DEN,21.0,1.0
2016_01_TB_ATL,2016,REG,1,TB,31.0,ATL,24.0,-7.0
2016_01_BUF_BAL,2016,REG,1,BUF,7.0,BAL,13.0,6.0
2016_01_CHI_HOU,2016,REG,1,CHI,14.0,HOU,23.0,9.0
2016_01_GB_JAX,2016,REG,1,GB,27.0,JAX,23.0,-4.0
2016_01_SD_KC,2016,REG,1,SD,27.0,KC,33.0,6.0
2016_01_OAK_NO,2016,REG,1,OAK,35.0,NO,34.0,-1.0
2016_01_CIN_NYJ,2016,REG,1,CIN,23.0,NYJ,22.0,-1.0
2016_01_CLE_PHI,2016,REG,1,CLE,10.0,PHI,29.0,19.0
2016_01_MIN_TEN,2016,REG,1,MIN,25.0,TEN,16.0,-9.0
2016_01_MIA_SEA,2016,REG,1,MIA,10.0,SEA,12.0,2.0
2016_01_NYG_DAL,2016,REG,1,NYG,20.0,DAL,19.0,-1.0
2016_01_DET_IND,2016,REG,1,DET,39.0,IND,35.0,-4.0
2016_01_NE_ARI,2016,REG,1,NE,23.0,ARI,21.0,-2.0
2016_01_PIT_WAS,2016,REG,1,PIT,38.0,WAS,16.0,-22.0
2016_01_LA_SF,2016,REG,1,LA,0.0,SF,28.0,28.0
2016_02_NYJ_BUF,2016,REG,2,NYJ,37.0,BUF,31.0,-6.0
2016_02_TB_ARI,2016,REG,2,TB,7.0,ARI,40.0,33.0
2016_02_SF_CAR,2016,REG,2,SF,27.0,CAR,46.0,19.0
2016_02_BAL_CLE,2016,REG,2,BAL,25.0,CLE,20.0,-5.0
2016_02_TEN_DET,2016,REG,2,TEN,16.0,DET,15.0,-1.0
2016_02_KC_HOU,2016,REG,2,KC,12.0,HOU,19.0,7.0
2016_02_MIA_NE,2016,REG,2,MIA,24.0,NE,31.0,7.0
2016_02_NO_NYG,2016,REG,2,NO,13.0,NYG,16.0,3.0
2016_02_CIN_PIT,2016,REG,2,CIN,16.0,PIT,24.0,8.0
2016_02_DAL_WAS,2016,REG,2,DAL,27.0,WAS,23.0,-4.0
2016_02_SEA_LA,2016,REG,2,SEA,3.0,LA,9.0,6.0
2016_02_IND_DEN,2016,REG,2,IND,20.0,DEN,34.0,14.0
2016_02_ATL_OAK,2016,REG,2,ATL,35.0,OAK,28.0,-7.0
2016_02_JAX_SD,2016,REG,2,JAX,14.0,SD,38.0,24.0
2016_02_GB_MIN,2016,REG,2,GB,14.0,MIN,17.0,3.0
2016_02_PHI_CHI,2016,REG,2,PHI,29.0,CHI,14.0,-15.0
2016_03_HOU_NE,2016,REG,3,HOU,0.0,NE,27.0,27.0
2016_03_ARI_BUF,2016,REG,3,ARI,18.0,BUF,33.0,15.0
2016_03_MIN_CAR,2016,REG,3,MIN,22.0,CAR,10.0,-12.0
2016_03_DEN_CIN,2016,REG,3,DEN,29.0,CIN,17.0,-12.0
2016_03_DET_GB,2016,REG,3,DET,27.0,GB,34.0,7.0
2016_03_BAL_JAX,2016,REG,3,BAL,19.0,JAX,17.0,-2.0
2016_03_CLE_MIA,2016,REG,3,CLE,24.0,MIA,30.0,6.0
2016_03_WAS_NYG,2016,REG,3,WAS,29.0,NYG,27.0,-2.0
2016_03_OAK_TEN,2016,REG,3,OAK,17.0,TEN,10.0,-7.0
2016_03_SF_SEA,2016,REG,3,SF,18.0,SEA,37.0,19.0
2016_03_LA_TB,2016,REG,3,LA,37.0,TB,32.0,-5.0
2016_03_SD_IND,2016,REG,3,SD,22.0,IND,26.0,4.0
2016_03_NYJ_KC,2016,REG,3,NYJ,3.0,KC,24.0,21.0
2016_03_PIT_PHI,2016,REG,3,PIT,3.0,PHI,34.0,31.0
2016_03_CHI_DAL,2016,REG,3,CHI,17.0,DAL,31.0,14.0
2016_03_ATL_NO,2016,REG,3,ATL,45.0,NO,32.0,-13.0
2016_04_MIA_CIN,2016,REG,4,MIA,7.0,CIN,22.0,15.0
2016_04_IND_JAX,2016,REG,4,IND,27.0,JAX,30.0,3.0
2016_04_CAR_ATL,2016,REG,4,CAR,33.0,ATL,48.0,15.0
2016_04_OAK_BAL,2016,REG,4,OAK,28.0,BAL,27.0,-1.0
2016_04_DET_CHI,2016,REG,4,DET,14.0,CHI,17.0,3.0
2016_04_TEN_HOU,2016,REG,4,TEN,20.0,HOU,27.0,7.0
2016_04_BUF_NE,2016,REG,4,BUF,16.0,NE,0.0,-16.0
2016_04_SEA_NYJ,2016,REG,4,SEA,27.0,NYJ,17.0,-10.0
2016_04_CLE_WAS,2016,REG,4,CLE,20.0,WAS,31.0,11.0
2016_04_DEN_TB,2016,REG,4,DEN,27.0,TB,7.0,-20.0
2016_04_LA_ARI,2016,REG,4,LA,17.0,ARI,13.0,-4.0
2016_04_NO_SD,2016,REG,4,NO,35.0,SD,34.0,-1.0
2016_04_DAL_SF,2016,REG,4,DAL,24.0,SF,17.0,-7.0
2016_04_KC_PIT,2016,REG,4,KC,14.0,PIT,43.0,29.0
2016_04_NYG_MIN,2016,REG,4,NYG,10.0,MIN,24.0,14.0
2016_05_ARI_SF,2016,REG,5,ARI,33.0,SF,21.0,-12.0
2016_05_WAS_BAL,2016,REG,5,WAS,16.0,BAL,10.0,-6.0
2016_05_NE_CLE,2016,REG,5,NE,33.0,CLE,13.0,-20.0
2016_05_PHI_DET,2016,REG,5,PHI,23.0,DET,24.0,1.0
2016_05_CHI_IND,2016,REG,5,CHI,23.0,IND,29.0,6.0
2016_05_TEN_MIA,2016,REG,5,TEN,30.0,MIA,17.0,-13.0
2016_05_HOU_MIN,2016,REG,5,HOU,13.0,MIN,31.0,18.0
2016_05_NYJ_PIT,2016,REG,5,NYJ,13.0,PIT,31.0,18.0
2016_05_ATL_DEN,2016,REG,5,ATL,23.0,DEN,16.0,-7.0
2016_05_CIN_DAL,2016,REG,5,CIN,14.0,DAL,28.0,14.0
2016_05_BUF_LA,2016,REG,5,BUF,30.0,LA,19.0,-11.0
2016_05_SD_OAK,2016,REG,5,SD,31.0,OAK,34.0,3.0
2016_05_NYG_GB,2016,REG,5,NYG,16.0,GB,23.0,7.0
2016_05_TB_CAR,2016,REG,5,TB,17.0,CAR,14.0,-3.0
2016_06_DEN_SD,2016,REG,6,DEN,13.0,SD,21.0,8.0
2016_06_SF_BUF,2016,REG,6,SF,16.0,BUF,45.0,29.0
2016_06_JAX_CHI,2016,REG,6,JAX,17.0,CHI,16.0,-1.0
2016_06_LA_DET,2016,REG,6,LA,28.0,DET,31.0,3.0
2016_06_PIT_MIA,2016,REG,6,PIT,15.0,MIA,30.0,15.0
2016_06_CIN_NE,2016,REG,6,CIN,17.0,NE,35.0,18.0
2016_06_CAR_NO,2016,REG,6,CAR,38.0,NO,41.0,3.0
2016_06_BAL_NYG,2016,REG,6,BAL,23.0,NYG,27.0,4.0
2016_06_CLE_TEN,2016,REG,6,CLE,26.0,TEN,28.0,2.0
2016_06_PHI_WAS,2016,REG,6,PHI,20.0,WAS,27.0,7.0
2016_06_KC_OAK,2016,REG,6,KC,26.0,OAK,10.0,-16.0
2016_06_DAL_GB,2016,REG,6,DAL,30.0,GB,16.0,-14.0
2016_06_ATL_SEA,2016,REG,6,ATL,24.0,SEA,26.0,2.0
2016_06_IND_HOU,2016,REG,6,IND,23.0,HOU,26.0,3.0
2016_06_NYJ_ARI,2016,REG,6,NYJ,3.0,ARI,28.0,25.0
2016_07_CHI_GB,2016,REG,7,CHI,10.0,GB,26.0,16.0
2016_07_NYG_LA,2016,REG,7,NYG,17.0,LA,10.0,-7.0
2016_07_CLE_CIN,2016,REG,7,CLE,17.0,CIN,31.0,14.0
2016_07_WAS_DET,2016,REG,7,WAS,17.0,DET,20.0,3.0
2016_07_OAK_JAX,2016,REG,7,OAK,33.0,JAX,16.0,-17.0
2016_07_NO_KC,2016,REG,7,NO,21.0,KC,27.0,6.0
2016_07_BUF_MIA,2016,REG,7,BUF,25.0,MIA,28.0,3.0
2016_07_BAL_NYJ,2016,REG,7,BAL,16.0,NYJ,24.0,8.0
2016_07_MIN_PHI,2016,REG,7,MIN,10.0,PHI,21.0,11.0
2016_07_IND_TEN,2016,REG,7,IND,34.0,TEN,26.0,-8.0
2016_07_SD_ATL,2016,REG,7,SD,33.0,ATL,30.0,-3.0
2016_07_TB_SF,2016,REG,7,TB,34.0,SF,17.0,-17.0
2016_07_NE_PIT,2016,REG,7,NE,27.0,PIT,16.0,-11.0
2016_07_SEA_ARI,2016,REG,7,SEA,6.0,ARI,6.0,0.0
2016_07_HOU_DEN,2016,REG,7,HOU,9.0,DEN,27.0,18.0
2016_08_JAX_TEN,2016,REG,8,JAX,22.0,TEN,36.0,14.0
2016_08_WAS_CIN,2016,REG,8,WAS,27.0,CIN,27.0,0.0
2016_08_NE_BUF,2016,REG,8,NE,41.0,BUF,25.0,-16.0
2016_08_ARI_CAR,2016,REG,8,ARI,20.0,CAR,30.0,10.0
2016_08_NYJ_CLE,2016,REG,8,NYJ,31.0,CLE,28.0,-3.0
2016_08_DET_HOU,2016,REG,8,DET,13.0,HOU,20.0,7.0
2016_08_KC_IND,2016,REG,8,KC,30.0,IND,14.0,-16.0
2016_08_SEA_NO,2016,REG,8,SEA,20.0,NO,25.0,5.0
2016_08_OAK_TB,2016,REG,8,OAK,30.0,TB,24.0,-6.0
2016_08_SD_DEN,2016,REG,8,SD,19.0,DEN,27.0,8.0
2016_08_GB_ATL,2016,REG,8,GB,32.0,ATL,33.0,1.0
2016_08_PHI_DAL,2016,REG,8,PHI,23.0,DAL,29.0,6.0
2016_08_MIN_CHI,2016,REG,8,MIN,10.0,CHI,20.0,10.0
2016_09_ATL_TB,2016,REG,9,ATL,43.0,TB,28.0,-15.0
2016_09_PIT_BAL,2016,REG,9,PIT,14.0,BAL,21.0,7.0
2016_09_DAL_CLE,2016,REG,9,DAL,35.0,CLE,10.0,-25.0
2016_09_JAX_KC,2016,REG,9,JAX,14.0,KC,19.0,5.0
2016_09_NYJ_MIA,2016,REG,9,NYJ,23.0,MIA,27.0,4.0
2016_09_DET_MIN,2016,REG,9,DET,22.0,MIN,16.0,-6.0
2016_09_PHI_NYG,2016,REG,9,PHI,23.0,NYG,28.0,5.0
2016_09_CAR_LA,2016,REG,9,CAR,13.0,LA,10.0,-3.0
2016_09_NO_SF,2016,REG,9,NO,41.0,SF,23.0,-18.0
2016_09_IND_GB,2016,REG,9,IND,31.0,GB,26.0,-5.0
2016_09_TEN_SD,2016,REG,9,TEN,35.0,SD,43.0,8.0
2016_09_DEN_OAK,2016,REG,9,DEN,20.0,OAK,30.0,10.0
2016_09_BUF_SEA,2016,REG,9,BUF,25.0,SEA,31.0,6.0
2016_10_CLE_BAL,2016,REG,10,CLE,7.0,BAL,28.0,21.0
2016_10_KC_CAR,2016,REG,10,KC,20.0,CAR,17.0,-3.0
2016_10_HOU_JAX,2016,REG,10,HOU,24.0,JAX,21.0,-3.0
2016_10_DEN_NO,2016,REG,10,DEN,25.0,NO,23.0,-2.0
2016_10_LA_NYJ,2016,REG,10,LA,9.0,NYJ,6.0,-3.0
2016_10_ATL_PHI,2016,REG,10,ATL,15.0,PHI,24.0,9.0
2016_10_CHI_TB,2016,REG,10,CHI,10.0,TB,36.0,26.0
2016_10_GB_TEN,2016,REG,10,GB,25.0,TEN,47.0,22.0
2016_10_MIN_WAS,2016,REG,10,MIN,20.0,WAS,26.0,6.0
2016_10_MIA_SD,2016,REG,10,MIA,31.0,SD,24.0,-7.0
2016_10_SF_ARI,2016,REG,10,SF,20.0,ARI,23.0,3.0
2016_10_DAL_PIT,2016,REG,10,DAL,35.0,PIT,30.0,-5.0
2016_10_SEA_NE,2016,REG,10,SEA,31.0,NE,24.0,-7.0
2016_10_CIN_NYG,2016,REG,10,CIN,20.0,NYG,21.0,1.0
2016_11_NO_CAR,2016,REG,11,NO,20.0,CAR,23.0,3.0
2016_11_BUF_CIN,2016,REG,11,BUF,16.0,CIN,12.0,-4.0
2016_11_PIT_CLE,2016,REG,11,PIT,24.0,CLE,9.0,-15.0
2016_11_BAL_DAL,2016,REG,11,BAL,17.0,DAL,27.0,10.0
2016_11_JAX_DET,2016,REG,11,JAX,19.0,DET,26.0,7.0
2016_11_TEN_IND,2016,REG,11,TEN,17.0,IND,24.0,7.0
2016_11_TB_KC,2016,REG,11,TB,19.0,KC,17.0,-2.0
2016_11_ARI_MIN,2016,REG,11,ARI,24.0,MIN,30.0,6.0
2016_11_CHI_NYG,2016,REG,11,CHI,16.0,NYG,22.0,6.0
2016_11_MIA_LA,2016,REG,11,MIA,14.0,LA,10.0,-4.0
2016_11_PHI_SEA,2016,REG,11,PHI,15.0,SEA,26.0,11.0
2016_11_NE_SF,2016,REG,11,NE,30.0,SF,17.0,-13.0
2016_11_GB_WAS,2016,REG,11,GB,24.0,WAS,42.0,18.0
2016_11_HOU_OAK,2016,REG,11,HOU,20.0,OAK,27.0,7.0
2016_12_MIN_DET,2016,REG,12,MIN,13.0,DET,16.0,3.0
2016_12_WAS_DAL,2016,REG,12,WAS,26.0,DAL,31.0,5.0
2016_12_PIT_IND,2016,REG,12,PIT,28.0,IND,7.0,-21.0
2016_12_ARI_ATL,2016,REG,12,ARI,19.0,ATL,38.0,19.0
2016_12_CIN_BAL,2016,REG,12,CIN,14.0,BAL,19.0,5.0
2016_12_JAX_BUF,2016,REG,12,JAX,21.0,BUF,28.0,7.0
2016_12_TEN_CHI,2016,REG,12,TEN,27.0,CHI,21.0,-6.0
2016_12_NYG_CLE,2016,REG,12,NYG,27.0,CLE,13.0,-14.0
2016_12_SD_HOU,2016,REG,12,SD,21.0,HOU,13.0,-8.0
2016_12_SF_MIA,2016,REG,12,SF,24.0,MIA,31.0,7.0
2016_12_LA_NO,2016,REG,12,LA,21.0,NO,49.0,28.0
2016_12_SEA_TB,2016,REG,12,SEA,5.0,TB,14.0,9.0
2016_12_NE_NYJ,2016,REG,12,NE,22.0,NYJ,17.0,-5.0
2016_12_CAR_OAK,2016,REG,12,CAR,32.0,OAK,35.0,3.0
2016_12_KC_DEN,2016,REG,12,KC,30.0,DEN,27.0,-3.0
2016_12_GB_PHI,2016,REG,12,GB,27.0,PHI,13.0,-14.0
2016_13_DAL_MIN,2016,REG,13,DAL,17.0,MIN,15.0,-2.0
2016_13_KC_ATL,2016,REG,13,KC,29.0,ATL,28.0,-1.0
2016_13_MIA_BAL,2016,REG,13,MIA,6.0,BAL,38.0,32.0
2016_13_SF_CHI,2016,REG,13,SF,6.0,CHI,26.0,20.0
2016_13_PHI_CIN,2016,REG,13,PHI,14.0,CIN,32.0,18.0
2016_13_HOU_GB,2016,REG,13,HOU,13.0,GB,21.0,8.0
2016_13_DEN_JAX,2016,REG,13,DEN,20.0,JAX,10.0,-10.0
2016_13_LA_NE,2016,REG,13,LA,10.0,NE,26.0,16.0
2016_13_DET_NO,2016,REG,13,DET,28.0,NO,13.0,-15.0
2016_13_BUF_OAK,2016,REG,13,BUF,24.0,OAK,38.0,14.0
2016_13_WAS_ARI,2016,REG,13,WAS,23.0,ARI,31.0,8.0
2016_13_NYG_PIT,2016,REG,13,NYG,14.0,PIT,24.0,10.0
2016_13_TB_SD,2016,REG,13,TB,28.0,SD,21.0,-7.0
2016_13_CAR_SEA,2016,REG,13,CAR,7.0,SEA,40.0,33.0
2016_13_IND_NYJ,2016,REG,13,IND,41.0,NYJ,10.0,-31.0
2016_14_OAK_KC,2016,REG,14,OAK,13.0,KC,21.0,8.0
2016_14_PIT_BUF,2016,REG,14,PIT,27.0,BUF,20.0,-7.0
2016_14_SD_CAR,2016,REG,14,SD,16.0,CAR,28.0,12.0
2016_14_CIN_CLE,2016,REG,14,CIN,23.0,CLE,10.0,-13.0
2016_14_CHI_DET,2016,REG,14,CHI,17.0,DET,20.0,3.0
2016_14_HOU_IND,2016,REG,14,HOU,22.0,IND,17.0,-5.0
2016_14_MIN_JAX,2016,REG,14,MIN,25.0,JAX,16.0,-9.0
2016_14_ARI_MIA,2016,REG,14,ARI,23.0,MIA,26.0,3.0
2016_14_WAS_PHI,2016,REG,14,WAS,27.0,PHI,22.0,-5.0
2016_14_DEN_TEN,2016,REG,14,DEN,10.0,TEN,13.0,3.0
2016_14_NYJ_SF,2016,REG,14,NYJ,23.0,SF,17.0,-6.0
2016_14_SEA_GB,2016,REG,14,SEA,10.0,GB,38.0,28.0
2016_14_ATL_LA,2016,REG,14,ATL,42.0,LA,14.0,-28.0
2016_14_NO_TB,2016,REG,14,NO,11.0,TB,16.0,5.0
2016_14_DAL_NYG,2016,REG,14,DAL,7.0,NYG,10.0,3.0
2016_14_BAL_NE,2016,REG,14,BAL,23.0,NE,30.0,7.0
2016_15_LA_SEA,2016,REG,15,LA,3.0,SEA,24.0,21.0
2016_15_MIA_NYJ,2016,REG,15,MIA,34.0,NYJ,13.0,-21.0
2016_15_PHI_BAL,2016,REG,15,PHI,26.0,BAL,27.0,1.0
2016_15_CLE_BUF,2016,REG,15,CLE,13.0,BUF,33.0,20.0
2016_15_GB_CHI,2016,REG,15,GB,30.0,CHI,27.0,-3.0
2016_15_PIT_CIN,2016,REG,15,PIT,24.0,CIN,20.0,-4.0
2016_15_JAX_HOU,2016,REG,15,JAX,20.0,HOU,21.0,1.0
2016_15_TEN_KC,2016,REG,15,TEN,19.0,KC,17.0,-2.0
2016_15_IND_MIN,2016,REG,15,IND,34.0,MIN,6.0,-28.0
2016_15_DET_NYG,2016,REG,15,DET,6.0,NYG,17.0,11.0
2016_15_NO_ARI,2016,REG,15,NO,48.0,ARI,41.0,-7.0
2016_15_SF_ATL,2016,REG,15,SF,13.0,ATL,41.0,28.0
2016_15_NE_DEN,2016,REG,15,NE,16.0,DEN,3.0,-13.0
2016_15_OAK_SD,2016,REG,15,OAK,19.0,SD,16.0,-3.0
2016_15_TB_DAL,2016,REG,15,TB,20.0,DAL,26.0,6.0
2016_15_CAR_WAS,2016,REG,15,CAR,26.0,WAS,15.0,-11.0
2016_16_NYG_PHI,2016,REG,16,NYG,19.0,PHI,24.0,5.0
2016_16_MIA_BUF,2016,REG,16,MIA,34.0,BUF,31.0,-3.0
2016_16_ATL_CAR,2016,REG,16,ATL,33.0,CAR,16.0,-17.0
2016_16_WAS_CHI,2016,REG,16,WAS,41.0,CHI,21.0,-20.0
2016_16_SD_CLE,2016,REG,16,SD,17.0,CLE,20.0,3.0
2016_16_MIN_GB,2016,REG,16,MIN,25.0,GB,38.0,13.0
2016_16_TEN_JAX,2016,REG,16,TEN,17.0,JAX,38.0,21.0
2016_16_NYJ_NE,2016,REG,16,NYJ,3.0,NE,41.0,38.0
2016_16_IND_OAK,2016,REG,16,IND,25.0,OAK,33.0,8.0
2016_16_SF_LA,2016,REG,16,SF,22.0,LA,21.0,-1.0
2016_16_TB_NO,2016,REG,16,TB,24.0,NO,31.0,7.0
2016_16_ARI_SEA,2016,REG,16,ARI,34.0,SEA,31.0,-3.0
2016_16_CIN_HOU,2016,REG,16,CIN,10.0,HOU,12.0,2.0
2016_16_BAL_PIT,2016,REG,16,BAL,27.0,PIT,31.0,4.0
2016_16_DEN_KC,2016,REG,16,DEN,10.0,KC,33.0,23.0
2016_16_DET_DAL,2016,REG,16,DET,21.0,DAL,42.0,21.0
2016_17_BAL_CIN,2016,REG,17,BAL,10.0,CIN,27.0,17.0
2016_17_JAX_IND,2016,REG,17,JAX,20.0,IND,24.0,4.0
2016_17_NE_MIA,2016,REG,17,NE,35.0,MIA,14.0,-21.0
2016_17_CHI_MIN,2016,REG,17,CHI,10.0,MIN,38.0,28.0
2016_17_BUF_NYJ,2016,REG,17,BUF,10.0,NYJ,30.0,20.0
2016_17_DAL_PHI,2016,REG,17,DAL,13.0,PHI,27.0,14.0
2016_17_CLE_PIT,2016,REG,17,CLE,24.0,PIT,27.0,3.0
2016_17_CAR_TB,2016,REG,17,CAR,16.0,TB,17.0,1.0
2016_17_HOU_TEN,2016,REG,17,HOU,17.0,TEN,24.0,7.0
2016_17_NO_ATL,2016,REG,17,NO,32.0,ATL,38.0,6.0
2016_17_OAK_DEN,2016,REG,17,OAK,6.0,DEN,24.0,18.0
2016_17_ARI_LA,2016,REG,17,ARI,44.0,LA,6.0,-38.0
2016_17_KC_SD,2016,REG,17,KC,37.0,SD,27.0,-10.0
2016_17_SEA_SF,2016,REG,17,SEA,25.0,SF,23.0,-2.0
2016_17_NYG_WAS,2016,REG,17,NYG,19.0,WAS,10.0,-9.0
2016_17_GB_DET,2016,REG,17,GB,31.0,DET,24.0,-7.0
2016_18_OAK_HOU,2016,WC,18,OAK,14.0,HOU,27.0,13.0
2016_18_DET_SEA,2016,WC,18,DET,6.0,SEA,26.0,20.0
2016_18_MIA_PIT,2016,WC,18,MIA,12.0,PIT,30.0,18.0
2016_18_NYG_GB,2016,WC,18,NYG,13.0,GB,38.0,25.0
2016_19_SEA_ATL,2016,DIV,19,SEA,20.0,ATL,36.0,16.0
2016_19_HOU_NE,2016,DIV,19,HOU,16.0,NE,34.0,18.0
2016_19_GB_DAL,2016,DIV,19,GB,34.0,DAL,31.0,-3.0
2016_19_PIT_KC,2016,DIV,19,PIT,18.0,KC,16.0,-2.0
2016_20_GB_ATL,2016,CON,20,GB,21.0,ATL,44.0,23.0
2016_20_PIT_NE,2016,CON,20,PIT,17.0,NE,36.0,19.0
2016_21_NE_ATL,2016,SB,21,NE,34.0,ATL,28.0,-6.0
2017_01_KC_NE,2017,REG,1,KC,42.0,NE,27.0,-15.0
2017_01_NYJ_BUF,2017,REG,1,NYJ,12.0,BUF,21.0,9.0
2017_01_ATL_CHI,2017,REG,1,ATL,23.0,CHI,17.0,-6.0
2017_01_BAL_CIN,2017,REG,1,BAL,20.0,CIN,0.0,-20.0
2017_01_PIT_CLE,2017,REG,1,PIT,21.0,CLE,18.0,-3.0
2017_01_ARI_DET,2017,REG,1,ARI,23.0,DET,35.0,12.0
2017_01_JAX_HOU,2017,REG,1,JAX,29.0,HOU,7.0,-22.0
2017_01_OAK_TEN,2017,REG,1,OAK,26.0,TEN,16.0,-10.0
2017_01_PHI_WAS,2017,REG,1,PHI,30.0,WAS,17.0,-13.0
2017_01_IND_LA,2017,REG,1,IND,9.0,LA,46.0,37.0
2017_01_SEA_GB,2017,REG,1,SEA,9.0,GB,17.0,8.0
2017_01_CAR_SF,2017,REG,1,CAR,23.0,SF,3.0,-20.0
2017_01_NYG_DAL,2017,REG,1,NYG,3.0,DAL,19.0,16.0
2017_01_NO_MIN,2017,REG,1,NO,19.0,MIN,29.0,10.0
2017_01_LAC_DEN,2017,REG,1,LAC,21.0,DEN,24.0,3.0
2017_02_HOU_CIN,2017,REG,2,HOU,13.0,CIN,9.0,-4.0
2017_02_CLE_BAL,2017,REG,2,CLE,10.0,BAL,24.0,14.0
2017_02_BUF_CAR,2017,REG,2,BUF,3.0,CAR,9.0,6.0
2017_02_ARI_IND,2017,REG,2,ARI,16.0,IND,13.0,-3.0
2017_02_TEN_JAX,2017,REG,2,TEN,37.0,JAX,16.0,-21.0
2017_02_PHI_KC,2017,REG,2,PHI,20.0,KC,27.0,7.0
2017_02_NE_NO,2017,REG,2,NE,36.0,NO,20.0,-16.0
2017_02_MIN_PIT,2017,REG,2,MIN,9.0,PIT,26.0,17.0
2017_02_CHI_TB,2017,REG,2,CHI,7.0,TB,29.0,22.0
2017_02_MIA_LAC,2017,REG,2,MIA,19.0,LAC,17.0,-2.0
2017_02_NYJ_OAK,2017,REG,2,NYJ,20.0,OAK,45.0,25.0
2017_02_DAL_DEN,2017,REG,2,DAL,17.0,DEN,42.0,25.0
2017_02_WAS_LA,2017,REG,2,WAS,27.0,LA,20.0,-7.0
2017_02_SF_SEA,2017,REG,2,SF,9.0,SEA,12.0,3.0
2017_02_GB_ATL,2017,REG,2,GB,23.0,ATL,34.0,11.0
2017_02_DET_NYG,2017,REG,2,DET,24.0,NYG,10.0,-14.0
2017_03_LA_SF,2017,REG,3,LA,41.0,SF,39.0,-2.0
2017_03_DEN_BUF,2017,REG,3,DEN,16.0,BUF,26.0,10.0
2017_03_NO_CAR,2017,REG,3,NO,34.0,CAR,13.0,-21.0
2017_03_PIT_CHI,2017,REG,3,PIT,17.0,CHI,23.0,6.0
2017_03_ATL_DET,2017,REG,3,ATL,30.0,DET,26.0,-4.0
2017_03_CLE_IND,2017,REG,3,CLE,28.0,IND,31.0,3.0
2017_03_TB_MIN,2017,REG,3,TB,17.0,MIN,34.0,17.0
2017_03_HOU_NE,2017,REG,3,HOU,33.0,NE,36.0,3.0
2017_03_MIA_NYJ,2017,REG,3,MIA,6.0,NYJ,20.0,14.0
2017_03_NYG_PHI,2017,REG,3,NYG,24.0,PHI,27.0,3.0
2017_03_SEA_TEN,2017,REG,3,SEA,27.0,TEN,33.0,6.0
2017_03_CIN_GB,2017,REG,3,CIN,24.0,GB,27.0,3.0
2017_03_KC_LAC,2017,REG,3,KC,24.0,LAC,10.0,-14.0
2017_03_OAK_WAS,2017,REG,3,OAK,10.0,WAS,27.0,17.0
2017_03_BAL_JAX,2017,REG,3,BAL,7.0,JAX,44.0,37.0
2017_03_DAL_ARI,2017,REG,3,DAL,28.0,ARI,17.0,-11.0
2017_04_CHI_GB,2017,REG,4,CHI,14.0,GB,35.0,21.0
2017_04_BUF_ATL,2017,REG,4,BUF,23.0,ATL,17.0,-6.0
2017_04_PIT_BAL,2017,REG,4,PIT,26.0,BAL,9.0,-17.0
2017_04_CIN_CLE,2017,REG,4,CIN,31.0,CLE,7.0,-24.0
2017_04_LA_DAL,2017,REG,4,LA,35.0,DAL,30.0,-5.0
2017_04_TEN_HOU,2017,REG,4,TEN,14.0,HOU,57.0,43.0
2017_04_DET_MIN,2017,REG,4,DET,14.0,MIN,7.0,-7.0
2017_04_CAR_NE,2017,REG,4,CAR,33.0,NE,30.0,-3.0
2017_04_JAX_NYJ,2017,REG,4,JAX,20.0,NYJ,23.0,3.0
2017_04_SF_ARI,2017,REG,4,SF,15.0,ARI,18.0,3.0
2017_04_PHI_LAC,2017,REG,4,PHI,26.0,LAC,24.0,-2.0
2017_04_NYG_TB,2017,REG,4,NYG,23.0,TB,25.0,2.0
2017_04_OAK_DEN,2017,REG,4,OAK,10.0,DEN,16.0,6.0
2017_04_IND_SEA,2017,REG,4,IND,18.0,SEA,46.0,28.0
2017_04_NO_MIA,2017,REG,4,NO,20.0,MIA,0.0,-20.0
2017_04_WAS_KC,2017,REG,4,WAS,20.0,KC,29.0,9.0
2017_05_NE_TB,2017,REG,5,NE,19.0,TB,14.0,-5.0
2017_05_BUF_CIN,2017,REG,5,BUF,16.0,CIN,20.0,4.0
2017_05_NYJ_CLE,2017,REG,5,NYJ,17.0,CLE,14.0,-3.0
2017_05_CAR_DET,2017,REG,5,CAR,27.0,DET,24.0,-3.0
2017_05_SF_IND,2017,REG,5,SF,23.0,IND,26.0,3.0
2017_05_TEN_MIA,2017,REG,5,TEN,10.0,MIA,16.0,6.0
2017_05_LAC_NYG,2017,REG,5,LAC,27.0,NYG,22.0,-5.0
2017_05_ARI_PHI,2017,REG,5,ARI,7.0,PHI,34.0,27.0
2017_05_JAX_PIT,2017,REG,5,JAX,30.0,PIT,9.0,-21.0
2017_05_SEA_LA,2017,REG,5,SEA,16.0,LA,10.0,-6.0
2017_05_BAL_OAK,2017,REG,5,BAL,30.0,OAK,17.0,-13.0
2017_05_GB_DAL,2017,REG,5,GB,35.0,DAL,31.0,-4.0
2017_05_KC_HOU,2017,REG,5,KC,42.0,HOU,34.0,-8.0
2017_05_MIN_CHI,2017,REG,5,MIN,20.0,CHI,17.0,-3.0
2017_06_PHI_CAR,2017,REG,6,PHI,28.0,CAR,23.0,-5.0
2017_06_MIA_ATL,2017,REG,6,MIA,20.0,ATL,17.0,-3.0
2017_06_CHI_BAL,2017,REG,6,CHI,27.0,BAL,24.0,-3.0
2017_06_CLE_HOU,2017,REG,6,CLE,17.0,HOU,33.0,16.0
2017_06_GB_MIN,2017,REG,6,GB,10.0,MIN,23.0,13.0
2017_06_DET_NO,2017,REG,6,DET,38.0,NO,52.0,14.0
2017_06_NE_NYJ,2017,REG,6,NE,24.0,NYJ,17.0,-7.0
2017_06_SF_WAS,2017,REG,6,SF,24.0,WAS,26.0,2.0
2017_06_TB_ARI,2017,REG,6,TB,33.0,ARI,38.0,5.0
2017_06_LA_JAX,2017,REG,6,LA,27.0,JAX,17.0,-10.0
2017_06_PIT_KC,2017,REG,6,PIT,19.0,KC,13.0,-6.0
2017_06_LAC_OAK,2017,REG,6,LAC,17.0,OAK,16.0,-1.0
2017_06_NYG_DEN,2017,REG,6,NYG,23.0,DEN,10.0,-13.0
2017_06_IND_TEN,2017,REG,6,IND,22.0,TEN,36.0,14.0
2017_07_KC_OAK,2017,REG,7,KC,30.0,OAK,31.0,1.0
2017_07_TB_BUF,2017,REG,7,TB,27.0,BUF,30.0,3.0
2017_07_CAR_CHI,2017,REG,7,CAR,3.0,CHI,17.0,14.0
2017_07_TEN_CLE,2017,REG,7,TEN,12.0,CLE,9.0,-3.0
2017_07_NO_GB,2017,REG,7,NO,26.0,GB,17.0,-9.0
2017_07_JAX_IND,2017,REG,7,JAX,27.0,IND,0.0,-27.0
2017_07_ARI_LA,2017,REG,7,ARI,0.0,LA,33.0,33.0
2017_07_NYJ_MIA,2017,REG,7,NYJ,28.0,MIA,31.0,3.0
2017_07_BAL_MIN,2017,REG,7,BAL,16.0,MIN,24.0,8.0
2017_07_DAL_SF,2017,REG,7,DAL,40.0,SF,10.0,-30.0
2017_07_DEN_LAC,2017,REG,7,DEN,0.0,LAC,21.0,21.0
2017_07_SEA_NYG,2017,REG,7,SEA,24.0,NYG,7.0,-17.0
2017_07_CIN_PIT,2017,REG,7,CIN,14.0,PIT,29.0,15.0
2017_07_ATL_NE,2017,REG,7,ATL,7.0,NE,23.0,16.0
2017_07_WAS_PHI,2017,REG,7,WAS,24.0,PHI,34.0,10.0
2017_08_MIA_BAL,2017,REG,8,MIA,0.0,BAL,40.0,40.0
2017_08_OAK_BUF,2017,REG,8,OAK,14.0,BUF,34.0,20.0
2017_08_IND_CIN,2017,REG,8,IND,23.0,CIN,24.0,1.0
2017_08_LAC_NE,2017,REG,8,LAC,13.0,NE,21.0,8.0
2017_08_CHI_NO,2017,REG,8,CHI,12.0,NO,20.0,8.0
2017_08_ATL_NYJ,2017,REG,8,ATL,25.0,NYJ,20.0,-5.0
2017_08_SF_PHI,2017,REG,8,SF,10.0,PHI,33.0,23.0
2017_08_CAR_TB,2017,REG,8,CAR,17.0,TB,3.0,-14.0
2017_08_HOU_SEA,2017,REG,8,HOU,38.0,SEA,41.0,3.0
2017_08_DAL_WAS,2017,REG,8,DAL,33.0,WAS,19.0,-14.0
2017_08_PIT_DET,2017,REG,8,PIT,20.0,DET,15.0,-5.0
2017_08_MIN_CLE,2017,REG,8,MIN,33.0,CLE,16.0,-17.0
2017_08_DEN_KC,2017,REG,8,DEN,19.0,KC,29.0,10.0
2017_09_BUF_NYJ,2017,REG,9,BUF,21.0,NYJ,34.0,13.0
2017_09_ATL_CAR,2017,REG,9,ATL,17.0,CAR,20.0,3.0
2017_09_IND_HOU,2017,REG,9,IND,20.0,HOU,14.0,-6.0
2017_09_CIN_JAX,2017,REG,9,CIN,7.0,JAX,23.0,16.0
2017_09_TB_NO,2017,REG,9,TB,10.0,NO,30.0,20.0
2017_09_LA_NYG,2017,REG,9,LA,51.0,NYG,17.0,-34.0
2017_09_DEN_PHI,2017,REG,9,DEN,23.0,PHI,51.0,28.0
2017_09_BAL_TEN,2017,REG,9,BAL,20.0,TEN,23.0,3.0
2017_09_WAS_SEA,2017,REG,9,WAS,17.0,SEA,14.0,-3.0
2017_09_ARI_SF,2017,REG,9,ARI,20.0,SF,10.0,-10.0
2017_09_KC_DAL,2017,REG,9,KC,17.0,DAL,28.0,11.0
2017_09_OAK_MIA,2017,REG,9,OAK,27.0,MIA,24.0,-3.0
2017_09_DET_GB,2017,REG,9,DET,30.0,GB,17.0,-13.0
2017_10_SEA_ARI,2017,REG,10,SEA,22.0,ARI,16.0,-6.0
2017_10_NO_BUF,2017,REG,10,NO,47.0,BUF,10.0,-37.0
2017_10_GB_CHI,2017,REG,10,GB,23.0,CHI,16.0,-7.0
2017_10_CLE_DET,2017,REG,10,CLE,24.0,DET,38.0,14.0
2017_10_PIT_IND,2017,REG,10,PIT,20.0,IND,17.0,-3.0
2017_10_LAC_JAX,2017,REG,10,LAC,17.0,JAX,20.0,3.0
2017_10_NYJ_TB,2017,REG,10,NYJ,10.0,TB,15.0,5.0
2017_10_CIN_TEN,2017,REG,10,CIN,20.0,TEN,24.0,4.0
2017_10_MIN_WAS,2017,REG,10,MIN,38.0,WAS,30.0,-8.0
2017_10_HOU_LA,2017,REG,10,HOU,7.0,LA,33.0,26.0
2017_10_DAL_ATL,2017,REG,10,DAL,7.0,ATL,27.0,20.0
2017_10_NYG_SF,2017,REG,10,NYG,21.0,SF,31.0,10.0
2017_10_NE_DEN,2017,REG,10,NE,41.0,DEN,16.0,-25.0
2017_10_MIA_CAR,2017,REG,10,MIA,21.0,CAR,45.0,24.0
2017_11_TEN_PIT,2017,REG,11,TEN,17.0,PIT,40.0,23.0
2017_11_DET_CHI,2017,REG,11,DET,27.0,CHI,24.0,-3.0
2017_11_JAX_CLE,2017,REG,11,JAX,19.0,CLE,7.0,-12.0
2017_11_BAL_GB,2017,REG,11,BAL,23.0,GB,0.0,-23.0
2017_11_ARI_HOU,2017,REG,11,ARI,21.0,HOU,31.0,10.0
2017_11_TB_MIA,2017,REG,11,TB,30.0,MIA,20.0,-10.0
2017_11_LA_MIN,2017,REG,11,LA,7.0,MIN,24.0,17.0
2017_11_WAS_NO,2017,REG,11,WAS,31.0,NO,34.0,3.0
2017_11_KC_NYG,2017,REG,11,KC,9.0,NYG,12.0,3.0
2017_11_BUF_LAC,2017,REG,11,BUF,24.0,LAC,54.0,30.0
2017_11_CIN_DEN,2017,REG,11,CIN,20.0,DEN,17.0,-3.0
2017_11_NE_OAK,2017,REG,11,NE,33.0,OAK,8.0,-25.0
2017_11_PHI_DAL,2017,REG,11,PHI,37.0,DAL,9.0,-28.0
2017_11_ATL_SEA,2017,REG,11,ATL,34.0,SEA,31.0,-3.0
2017_12_MIN_DET,2017,REG,12,MIN,30.0,DET,23.0,-7.0
2017_12_LAC_DAL,2017,REG,12,LAC,28.0,DAL,6.0,-22.0
2017_12_NYG_WAS,2017,REG,12,NYG,10.0,WAS,20.0,10.0
2017_12_TB_ATL,2017,REG,12,TB,20.0,ATL,34.0,14.0
2017_12_CLE_CIN,2017,REG,12,CLE,16.0,CIN,30.0,14.0
2017_12_TEN_IND,2017,REG,12,TEN,20.0,IND,16.0,-4.0
2017_12_BUF_KC,2017,REG,12,BUF,16.0,KC,10.0,-6.0
2017_12_MIA_NE,2017,REG,12,MIA,17.0,NE,35.0,18.0
2017_12_CAR_NYJ,2017,REG,12,CAR,35.0,NYJ,27.0,-8.0
2017_12_CHI_PHI,2017,REG,12,CHI,3.0,PHI,31.0,28.0
2017_12_SEA_SF,2017,REG,12,SEA,24.0,SF,13.0,-11.0
2017_12_JAX_ARI,2017,REG,12,JAX,24.0,ARI,27.0,3.0
2017_12_NO_LA,2017,REG,12,NO,20.0,LA,26.0,6.0
2017_12_DEN_OAK,2017,REG,12,DEN,14.0,OAK,21.0,7.0
2017_12_GB_PIT,2017,REG,12,GB,28.0,PIT,31.0,3.0
2017_12_HOU_BAL,2017,REG,12,HOU,16.0,BAL,23.0,7.0
2017_13_WAS_DAL,2017,REG,13,WAS,14.0,DAL,38.0,24.0
2017_13_MIN_ATL,2017,REG,13,MIN,14.0,ATL,9.0,-5.0
2017_13_DET_BAL,2017,REG,13,DET,20.0,BAL,44.0,24.0
2017_13_NE_BUF,2017,REG,13,NE,23.0,BUF,3.0,-20.0
2017_13_SF_CHI,2017,REG,13,SF,15.0,CHI,14.0,-1.0
2017_13_TB_GB,2017,REG,13,TB,20.0,GB,26.0,6.0
2017_13_IND_JAX,2017,REG,13,IND,10.0,JAX,30.0,20.0
2017_13_DEN_MIA,2017,REG,13,DEN,9.0,MIA,35.0,26.0
2017_13_KC_NYJ,2017,REG,13,KC,31.0,NYJ,38.0,7.0
2017_13_HOU_TEN,2017,REG,13,HOU,13.0,TEN,24.0,11.0
2017_13_CLE_LAC,2017,REG,13,CLE,10.0,LAC,19.0,9.0
2017_13_LA_ARI,2017,REG,13,LA,32.0,ARI,16.0,-16.0
2017_13_CAR_NO,2017,REG,13,CAR,21.0,NO,31.0,10.0
2017_13_NYG_OAK,2017,REG,13,NYG,17.0,OAK,24.0,7.0
2017_13_PHI_SEA,2017,REG,13,PHI,10.0,SEA,24.0,14.0
2017_13_PIT_CIN,2017,REG,13,PIT,23.0,CIN,20.0,-3.0
2017_14_NO_ATL,2017,REG,14,NO,17.0,ATL,20.0,3.0
2017_14_IND_BUF,2017,REG,14,IND,7.0,BUF,13.0,6.0
2017_14_MIN_CAR,2017,REG,14,MIN,24.0,CAR,31.0,7.0
2017_14_CHI_CIN,2017,REG,14,CHI,33.0,CIN,7.0,-26.0
2017_14_GB_CLE,2017,REG,14,GB,27.0,CLE,21.0,-6.0
2017_14_SF_HOU,2017,REG,14,SF,26.0,HOU,16.0,-10.0
2017_14_OAK_KC,2017,REG,14,OAK,15.0,KC,26.0,11.0
2017_14_DAL_NYG,2017,REG,14,DAL,30.0,NYG,10.0,-20.0
2017_14_DET_TB,2017,REG,14,DET,24.0,TB,21.0,-3.0
2017_14_TEN_ARI,2017,REG,14,TEN,7.0,ARI,12.0,5.0
2017_14_NYJ_DEN,2017,REG,14,NYJ,0.0,DEN,23.0,23.0
2017_14_WAS_LAC,2017,REG,14,WAS,13.0,LAC,30.0,17.0
2017_14_SEA_JAX,2017,REG,14,SEA,24.0,JAX,30.0,6.0
2017_14_PHI_LA,2017,REG,14,PHI,43.0,LA,35.0,-8.0
2017_14_BAL_PIT,2017,REG,14,BAL,38.0,PIT,39.0,1.0
2017_14_NE_MIA,2017,REG,14,NE,20.0,MIA,27.0,7.0
2017_15_DEN_IND,2017,REG,15,DEN,25.0,IND,13.0,-12.0
2017_15_CHI_DET,2017,REG,15,CHI,10.0,DET,20.0,10.0
2017_15_LAC_KC,2017,REG,15,LAC,13.0,KC,30.0,17.0
2017_15_MIA_BUF,2017,REG,15,MIA,16.0,BUF,24.0,8.0
2017_15_GB_CAR,2017,REG,15,GB,24.0,CAR,31.0,7.0
2017_15_BAL_CLE,2017,REG,15,BAL,27.0,CLE,10.0,-17.0
2017_15_HOU_JAX,2017,REG,15,HOU,7.0,JAX,45.0,38.0
2017_15_CIN_MIN,2017,REG,15,CIN,7.0,MIN,34.0,27.0
2017_15_NYJ_NO,2017,REG,15,NYJ,19.0,NO,31.0,12.0
2017_15_PHI_NYG,2017,REG,15,PHI,34.0,NYG,29.0,-5.0
2017_15_ARI_WAS,2017,REG,15,ARI,15.0,WAS,20.0,5.0
2017_15_LA_SEA,2017,REG,15,LA,42.0,SEA,7.0,-35.0
2017_15_NE_PIT,2017,REG,15,NE,27.0,PIT,24.0,-3.0
2017_15_TEN_SF,2017,REG,15,TEN,23.0,SF,25.0,2.0
2017_15_DAL_OAK,2017,REG,15,DAL,20.0,OAK,17.0,-3.0
2017_15_ATL_TB,2017,REG,15,ATL,24.0,TB,21.0,-3.0
2017_16_IND_BAL,2017,REG,16,IND,16.0,BAL,23.0,7.0
2017_16_MIN_GB,2017,REG,16,MIN,16.0,GB,0.0,-16.0
2017_16_TB_CAR,2017,REG,16,TB,19.0,CAR,22.0,3.0
2017_16_CLE_CHI,2017,REG,16,CLE,3.0,CHI,20.0,17.0
2017_16_DET_CIN,2017,REG,16,DET,17.0,CIN,26.0,9.0
2017_16_MIA_KC,2017,REG,16,MIA,13.0,KC,29.0,16.0
2017_16_BUF_NE,2017,REG,16,BUF,16.0,NE,37.0,21.0
2017_16_ATL_NO,2017,REG,16,ATL,13.0,NO,23.0,10.0
2017_16_LAC_NYJ,2017,REG,16,LAC,14.0,NYJ,7.0,-7.0
2017_16_LA_TEN,2017,REG,16,LA,27.0,TEN,23.0,-4.0
2017_16_DEN_WAS,2017,REG,16,DEN,11.0,WAS,27.0,16.0
2017_16_JAX_SF,2017,REG,16,JAX,33.0,SF,44.0,11.0
2017_16_NYG_ARI,2017,REG,16,NYG,0.0,ARI,23.0,23.0
2017_16_SEA_DAL,2017,REG,16,SEA,21.0,DAL,12.0,-9.0
2017_16_PIT_HOU,2017,REG,16,PIT,34.0,HOU,6.0,-28.0
2017_16_OAK_PHI,2017,REG,16,OAK,10.0,PHI,19.0,9.0
2017_17_GB_DET,2017,REG,17,GB,11.0,DET,35.0,24.0
2017_17_HOU_IND,2017,REG,17,HOU,13.0,IND,22.0,9.0
2017_17_CHI_MIN,2017,REG,17,CHI,10.0,MIN,23.0,13.0
2017_17_NYJ_NE,2017,REG,17,NYJ,6.0,NE,26.0,20.0
2017_17_WAS_NYG,2017,REG,17,WAS,10.0,NYG,18.0,8.0
2017_17_DAL_PHI,2017,REG,17,DAL,6.0,PHI,0.0,-6.0
2017_17_CLE_PIT,2017,REG,17,CLE,24.0,PIT,28.0,4.0
2017_17_CAR_ATL,2017,REG,17,CAR,10.0,ATL,22.0,12.0
2017_17_CIN_BAL,2017,REG,17,CIN,31.0,BAL,27.0,-4.0
2017_17_KC_DEN,2017,REG,17,KC,27.0,DEN,24.0,-3.0
2017_17_SF_LA,2017,REG,17,SF,34.0,LA,13.0,-21.0
2017_17_OAK_LAC,2017,REG,17,OAK,10.0,LAC,30.0,20.0
2017_17_BUF_MIA,2017,REG,17,BUF,22.0,MIA,16.0,-6.0
2017_17_ARI_SEA,2017,REG,17,ARI,26.0,SEA,24.0,-2.0
2017_17_NO_TB,2017,REG,17,NO,24.0,TB,31.0,7.0
2017_17_JAX_TEN,2017,REG,17,JAX,10.0,TEN,15.0,5.0
2017_18_TEN_KC,2017,WC,18,TEN,22.0,KC,21.0,-1.0
2017_18_ATL_LA,2017,WC,18,ATL,26.0,LA,13.0,-13.0
2017_18_BUF_JAX,2017,WC,18,BUF,3.0,JAX,10.0,7.0
2017_18_CAR_NO,2017,WC,18,CAR,26.0,NO,31.0,5.0
2017_19_ATL_PHI,2017,DIV,19,ATL,10.0,PHI,15.0,5.0
2017_19_TEN_NE,2017,DIV,19,TEN,14.0,NE,35.0,21.0
2017_19_JAX_PIT,2017,DIV,19,JAX,45.0,PIT,42.0,-3.0
2017_19_NO_MIN,2017,DIV,19,NO,24.0,MIN,29.0,5.0
2017_20_JAX_NE,2017,CON,20,JAX,20.0,NE,24.0,4.0
2017_20_MIN_PHI,2017,CON,20,MIN,7.0,PHI,38.0,31.0
2017_21_PHI_NE,2017,SB,21,PHI,41.0,NE,33.0,-8.0
2018_01_ATL_PHI,2018,REG,1,ATL,12.0,PHI,18.0,6.0
2018_01_BUF_BAL,2018,REG,1,BUF,3.0,BAL,47.0,44.0
2018_01_PIT_CLE,2018,REG,1,PIT,21.0,CLE,21.0,0.0
2018_01_CIN_IND,2018,REG,1,CIN,34.0,IND,23.0,-11.0
2018_01_TEN_MIA,2018,REG,1,TEN,20.0,MIA,27.0,7.0
2018_01_SF_MIN,2018,REG,1,SF,16.0,MIN,24.0,8.0
2018_01_HOU_NE,2018,REG,1,HOU,20.0,NE,27.0,7.0
2018_01_TB_NO,2018,REG,1,TB,48.0,NO,40.0,-8.0
2018_01_JAX_NYG,2018,REG,1,JAX,20.0,NYG,15.0,-5.0
2018_01_KC_LAC,2018,REG,1,KC,38.0,LAC,28.0,-10.0
2018_01_WAS_ARI,2018,REG,1,WAS,24.0,ARI,6.0,-18.0
2018_01_DAL_CAR,2018,REG,1,DAL,8.0,CAR,16.0,8.0
2018_01_SEA_DEN,2018,REG,1,SEA,24.0,DEN,27.0,3.0
2018_01_CHI_GB,2018,REG,1,CHI,23.0,GB,24.0,1.0
2018_01_NYJ_DET,2018,REG,1,NYJ,48.0,DET,17.0,-31.0
2018_01_LA_OAK,2018,REG,1,LA,33.0,OAK,13.0,-20.0
2018_02_BAL_CIN,2018,REG,2,BAL,23.0,CIN,34.0,11.0
2018_02_CAR_ATL,2018,REG,2,CAR,24.0,ATL,31.0,7.0
2018_02_LAC_BUF,2018,REG,2,LAC,31.0,BUF,20.0,-11.0
2018_02_MIN_GB,2018,REG,2,MIN,29.0,GB,29.0,0.0
2018_02_CLE_NO,2018,REG,2,CLE,18.0,NO,21.0,3.0
2018_02_MIA_NYJ,2018,REG,2,MIA,20.0,NYJ,12.0,-8.0
2018_02_KC_PIT,2018,REG,2,KC,42.0,PIT,37.0,-5.0
2018_02_PHI_TB,2018,REG,2,PHI,21.0,TB,27.0,6.0
2018_02_HOU_TEN,2018,REG,2,HOU,17.0,TEN,20.0,3.0
2018_02_IND_WAS,2018,REG,2,IND,21.0,WAS,9.0,-12.0
2018_02_ARI_LA,2018,REG,2,ARI,0.0,LA,34.0,34.0
2018_02_DET_SF,2018,REG,2,DET,27.0,SF,30.0,3.0
2018_02_OAK_DEN,2018,REG,2,OAK,19.0,DEN,20.0,1.0
2018_02_NE_JAX,2018,REG,2,NE,20.0,JAX,31.0,11.0
2018_02_NYG_DAL,2018,REG,2,NYG,13.0,DAL,20.0,7.0
2018_02_SEA_CHI,2018,REG,2,SEA,17.0,CHI,24.0,7.0
2018_03_NYJ_CLE,2018,REG,3,NYJ,17.0,CLE,21.0,4.0
2018_03_NO_ATL,2018,REG,3,NO,43.0,ATL,37.0,-6.0
2018_03_DEN_BAL,2018,REG,3,DEN,14.0,BAL,27.0,13.0
2018_03_CIN_CAR,2018,REG,3,CIN,21.0,CAR,31.0,10.0
2018_03_NYG_HOU,2018,REG,3,NYG,27.0,HOU,22.0,-5.0
2018_03_TEN_JAX,2018,REG,3,TEN,9.0,JAX,6.0,-3.0
2018_03_SF_KC,2018,REG,3,SF,27.0,KC,38.0,11.0
2018_03_OAK_MIA,2018,REG,3,OAK,20.0,MIA,28.0,8.0
2018_03_BUF_MIN,2018,REG,3,BUF,27.0,MIN,6.0,-21.0
2018_03_IND_PHI,2018,REG,3,IND,16.0,PHI,20.0,4.0
2018_03_GB_WAS,2018,REG,3,GB,17.0,WAS,31.0,14.0
2018_03_LAC_LA,2018,REG,3,LAC,23.0,LA,35.0,12.0
2018_03_CHI_ARI,2018,REG,3,CHI,16.0,ARI,14.0,-2.0
2018_03_DAL_SEA,2018,REG,3,DAL,13.0,SEA,24.0,11.0
2018_03_NE_DET,2018,REG,3,NE,10.0,DET,26.0,16.0
2018_03_PIT_TB,2018,REG,3,PIT,30.0,TB,27.0,-3.0
2018_04_MIN_LA,2018,REG,4,MIN,31.0,LA,38.0,7.0
2018_04_CIN_ATL,2018,REG,4,CIN,37.0,ATL,36.0,-1.0
2018_04_TB_CHI,2018,REG,4,TB,10.0,CHI,48.0,38.0
2018_04_DET_DAL,2018,REG,4,DET,24.0,DAL,26.0,2.0
2018_04_BUF_GB,2018,REG,4,BUF,0.0,GB,22.0,22.0
2018_04_HOU_IND,2018,REG,4,HOU,37.0,IND,34.0,-3.0
2018_04_NYJ_JAX,2018,REG,4,NYJ,12.0,JAX,31.0,19.0
2018_04_MIA_NE,2018,REG,4,MIA,7.0,NE,38.0,31.0
2018_04_PHI_TEN,2018,REG,4,PHI,23.0,TEN,26.0,3.0
2018_04_SEA_ARI,2018,REG,4,SEA,20.0,ARI,17.0,-3.0
2018_04_CLE_OAK,2018,REG,4,CLE,42.0,OAK,45.0,3.0
2018_04_SF_LAC,2018,REG,4,SF,27.0,LAC,29.0,2.0
2018_04_NO_NYG,2018,REG,4,NO,33.0,NYG,18.0,-15.0
2018_04_BAL_PIT,2018,REG,4,BAL,26.0,PIT,14.0,-12.0
2018_04_KC_DEN,2018,REG,4,KC,27.0,DEN,23.0,-4.0
2018_05_IND_NE,2018,REG,5,IND,24.0,NE,38.0,14.0
2018_05_TEN_BUF,2018,REG,5,TEN,12.0,BUF,13.0,1.0
2018_05_NYG_CAR,2018,REG,5,NYG,31.0,CAR,33.0,2.0
2018_05_MIA_CIN,2018,REG,5,MIA,17.0,CIN,27.0,10.0
2018_05_BAL_CLE,2018,REG,5,BAL,9.0,CLE,12.0,3.0
2018_05_GB_DET,2018,REG,5,GB,23.0,DET,31.0,8.0
2018_05_JAX_KC,2018,REG,5,JAX,14.0,KC,30.0,16.0
2018_05_DEN_NYJ,2018,REG,5,DEN,16.0,NYJ,34.0,18.0
2018_05_ATL_PIT,2018,REG,5,ATL,17.0,PIT,41.0,24.0
2018_05_OAK_LAC,2018,REG,5,OAK,10.0,LAC,26.0,16.0
2018_05_MIN_PHI,2018,REG,5,MIN,23.0,PHI,21.0,-2.0
2018_05_LA_SEA,2018,REG,5,LA,33.0,SEA,31.0,-2.0
2018_05_ARI_SF,2018,REG,5,ARI,28.0,SF,18.0,-10.0
2018_05_DAL_HOU,2018,REG,5,DAL,16.0,HOU,19.0,3.0
2018_05_WAS_NO,2018,REG,5,WAS,19.0,NO,43.0,24.0
2018_06_PHI_NYG,2018,REG,6,PHI,34.0,NYG,13.0,-21.0
2018_06_TB_ATL,2018,REG,6,TB,29.0,ATL,34.0,5.0
2018_06_PIT_CIN,2018,REG,6,PIT,28.0,CIN,21.0,-7.0
2018_06_LAC_CLE,2018,REG,6,LAC,38.0,CLE,14.0,-24.0
2018_06_BUF_HOU,2018,REG,6,BUF,13.0,HOU,20.0,7.0
2018_06_CHI_MIA,2018,REG,6,CHI,28.0,MIA,31.0,3.0
2018_06_ARI_MIN,2018,REG,6,ARI,17.0,MIN,27.0,10.0
2018_06_IND_NYJ,2018,REG,6,IND,34.0,NYJ,42.0,8.0
2018_06_SEA_OAK,2018,REG,6,SEA,27.0,OAK,3.0,-24.0
2018_06_CAR_WAS,2018,REG,6,CAR,17.0,WAS,23.0,6.0
2018_06_LA_DEN,2018,REG,6,LA,23.0,DEN,20.0,-3.0
2018_06_JAX_DAL,2018,REG,6,JAX,7.0,DAL,40.0,33.0
2018_06_BAL_TEN,2018,REG,6,BAL,21.0,TEN,0.0,-21.0
2018_06_KC_NE,2018,REG,6,KC,40.0,NE,43.0,3.0
2018_06_SF_GB,2018,REG,6,SF,30.0,GB,33.0,3.0
2018_07_DEN_ARI,2018,REG,7,DEN,45.0,ARI,10.0,-35.0
2018_07_NE_CHI,2018,REG,7,NE,38.0,CHI,31.0,-7.0
2018_07_BUF_IND,2018,REG,7,BUF,5.0,IND,37.0,32.0
2018_07_HOU_JAX,2018,REG,7,HOU,20.0,JAX,7.0,-13.0
2018_07_DET_MIA,2018,REG,7,DET,32.0,MIA,21.0,-11.0
2018_07_MIN_NYJ,2018,REG,7,MIN,37.0,NYJ,17.0,-20.0
2018_07_CAR_PHI,2018,REG,7,CAR,21.0,PHI,17.0,-4.0
2018_07_CLE_TB,2018,REG,7,CLE,23.0,TB,26.0,3.0
2018_07_NO_BAL,2018,REG,7,NO,24.0,BAL,23.0,-1.0
2018_07_LA_SF,2018,REG,7,LA,39.0,SF,10.0,-29.0
2018_07_DAL_WAS,2018,REG,7,DAL,17.0,WAS,20.0,3.0
2018_07_CIN_KC,2018,REG,7,CIN,10.0,KC,45.0,35.0
2018_07_TEN_LAC,2018,REG,7,TEN,19.0,LAC,20.0,1.0
2018_07_NYG_ATL,2018,REG,7,NYG,20.0,ATL,23.0,3.0
2018_08_MIA_HOU,2018,REG,8,MIA,23.0,HOU,42.0,19.0
2018_08_BAL_CAR,2018,REG,8,BAL,21.0,CAR,36.0,15.0
2018_08_NYJ_CHI,2018,REG,8,NYJ,10.0,CHI,24.0,14.0
2018_08_TB_CIN,2018,REG,8,TB,34.0,CIN,37.0,3.0
2018_08_SEA_DET,2018,REG,8,SEA,28.0,DET,14.0,-14.0
2018_08_DEN_KC,2018,REG,8,DEN,23.0,KC,30.0,7.0
2018_08_WAS_NYG,2018,REG,8,WAS,20.0,NYG,13.0,-7.0
2018_08_CLE_PIT,2018,REG,8,CLE,18.0,PIT,33.0,15.0
2018_08_IND_OAK,2018,REG,8,IND,42.0,OAK,28.0,-14.0
2018_08_SF_ARI,2018,REG,8,SF,15.0,ARI,18.0,3.0
2018_08_GB_LA,2018,REG,8,GB,27.0,LA,29.0,2.0
2018_08_NO_MIN,2018,REG,8,NO,30.0,MIN,20.0,-10.0
2018_08_PHI_JAX,2018,REG,8,PHI,24.0,JAX,18.0,-6.0
2018_08_NE_BUF,2018,REG,8,NE,25.0,BUF,6.0,-19.0
2018_09_OAK_SF,2018,REG,9,OAK,3.0,SF,34.0,31.0
2018_09_PIT_BAL,2018,REG,9,PIT,23.0,BAL,16.0,-7.0
2018_09_CHI_BUF,2018,REG,9,CHI,41.0,BUF,9.0,-32.0
2018_09_TB_CAR,2018,REG,9,TB,28.0,CAR,42.0,14.0
2018_09_KC_CLE,2018,REG,9,KC,37.0,CLE,21.0,-16.0
2018_09_NYJ_MIA,2018,REG,9,NYJ,6.0,MIA,13.0,7.0
2018_09_DET_MIN,2018,REG,9,DET,9.0,MIN,24.0,15.0
2018_09_ATL_WAS,2018,REG,9,ATL,38.0,WAS,14.0,-24.0
2018_09_HOU_DEN,2018,REG,9,HOU,19.0,DEN,17.0,-2.0
2018_09_LAC_SEA,2018,REG,9,LAC,25.0,SEA,17.0,-8.0
2018_09_LA_NO,2018,REG,9,LA,35.0,NO,45.0,10.0
2018_09_GB_NE,2018,REG,9,GB,17.0,NE,31.0,14.0
2018_09_TEN_DAL,2018,REG,9,TEN,28.0,DAL,14.0,-14.0
2018_10_CAR_PIT,2018,REG,10,CAR,21.0,PIT,52.0,31.0
2018_10_DET_CHI,2018,REG,10,DET,22.0,CHI,34.0,12.0
2018_10_NO_CIN,2018,REG,10,NO,51.0,CIN,14.0,-37.0
2018_10_ATL_CLE,2018,REG,10,ATL,16.0,CLE,28.0,12.0
2018_10_JAX_IND,2018,REG,10,JAX,26.0,IND,29.0,3.0
2018_10_ARI_KC,2018,REG,10,ARI,14.0,KC,26.0,12.0
2018_10_BUF_NYJ,2018,REG,10,BUF,41.0,NYJ,10.0,-31.0
2018_10_WAS_TB,2018,REG,10,WAS,16.0,TB,3.0,-13.0
2018_10_NE_TEN,2018,REG,10,NE,10.0,TEN,34.0,24.0
2018_10_LAC_OAK,2018,REG,10,LAC,20.0,OAK,6.0,-14.0
2018_10_MIA_GB,2018,REG,10,MIA,12.0,GB,31.0,19.0
2018_10_SEA_LA,2018,REG,10,SEA,31.0,LA,36.0,5.0
2018_10_DAL_PHI,2018,REG,10,DAL,27.0,PHI,20.0,-7.0
2018_10_NYG_SF,2018,REG,10,NYG,27.0,SF,23.0,-4.0
2018_11_GB_SEA,2018,REG,11,GB,24.0,SEA,27.0,3.0
2018_11_DAL_ATL,2018,REG,11,DAL,22.0,ATL,19.0,-3.0
2018_11_CIN_BAL,2018,REG,11,CIN,21.0,BAL,24.0,3.0
2018_11_CAR_DET,2018,REG,11,CAR,19.0,DET,20.0,1.0
2018_11_TEN_IND,2018,REG,11,TEN,10.0,IND,38.0,28.0
2018_11_PIT_JAX,2018,REG,11,PIT,20.0,JAX,16.0,-4.0
2018_11_TB_NYG,2018,REG,11,TB,35.0,NYG,38.0,3.0
2018_11_HOU_WAS,2018,REG,11,HOU,23.0,WAS,21.0,-2.0
2018_11_OAK_ARI,2018,REG,11,OAK,23.0,ARI,21.0,-2.0
2018_11_DEN_LAC,2018,REG,11,DEN,23.0,LAC,22.0,-1.0
2018_11_PHI_NO,2018,REG,11,PHI,7.0,NO,48.0,41.0
2018_11_MIN_CHI,2018,REG,11,MIN,20.0,CHI,25.0,5.0
2018_11_KC_LA,2018,REG,11,KC,51.0,LA,54.0,3.0
2018_12_CHI_DET,2018,REG,12,CHI,23.0,DET,16.0,-7.0
2018_12_WAS_DAL,2018,REG,12,WAS,23.0,DAL,31.0,8.0
2018_12_ATL_NO,2018,REG,12,ATL,17.0,NO,31.0,14.0
2018_12_OAK_BAL,2018,REG,12,OAK,17.0,BAL,34.0,17.0
2018_12_JAX_BUF,2018,REG,12,JAX,21.0,BUF,24.0,3.0
2018_12_SEA_CAR,2018,REG,12,SEA,30.0,CAR,27.0,-3.0
2018_12_CLE_CIN,2018,REG,12,CLE,35.0,CIN,20.0,-15.0
2018_12_NE_NYJ,2018,REG,12,NE,27.0,NYJ,13.0,-14.0
2018_12_NYG_PHI,2018,REG,12,NYG,22.0,PHI,25.0,3.0
2018_12_SF_TB,2018,REG,12,SF,9.0,TB,27.0,18.0
2018_12_ARI_LAC,2018,REG,12,ARI,10.0,LAC,45.0,35.0
2018_12_PIT_DEN,2018,REG,12,PIT,17.0,DEN,24.0,7.0
2018_12_MIA_IND,2018,REG,12,MIA,24.0,IND,27.0,3.0
2018_12_GB_MIN,2018,REG,12,GB,17.0,MIN,24.0,7.0
2018_12_TEN_HOU,2018,REG,12,TEN,17.0,HOU,34.0,17.0
2018_13_NO_DAL,2018,REG,13,NO,10.0,DAL,13.0,3.0
2018_13_BAL_ATL,2018,REG,13,BAL,26.0,ATL,16.0,-10.0
2018_13_DEN_CIN,2018,REG,13,DEN,24.0,CIN,10.0,-14.0
2018_13_LA_DET,2018,REG,13,LA,30.0,DET,16.0,-14.0
2018_13_ARI_GB,2018,REG,13,ARI,20.0,GB,17.0,-3.0
2018_13_CLE_HOU,2018,REG,13,CLE,13.0,HOU,29.0,16.0
2018_13_IND_JAX,2018,REG,13,IND,0.0,JAX,6.0,6.0
2018_13_BUF_MIA,2018,REG,13,BUF,17.0,MIA,21.0,4.0
2018_13_CHI_NYG,2018,REG,13,CHI,27.0,NYG,30.0,3.0
2018_13_CAR_TB,2018,REG,13,CAR,17.0,TB,24.0,7.0
2018_13_KC_OAK,2018,REG,13,KC,40.0,OAK,33.0,-7.0
2018_13_NYJ_TEN,2018,REG,13,NYJ,22.0,TEN,26.0,4.0
2018_13_MIN_NE,2018,REG,13,MIN,10.0,NE,24.0,14.0
2018_13_SF_SEA,2018,REG,13,SF,16.0,SEA,43.0,27.0
2018_13_LAC_PIT,2018,REG,13,LAC,33.0,PIT,30.0,-3.0
2018_13_WAS_PHI,2018,REG,13,WAS,13.0,PHI,28.0,15.0
2018_14_JAX_TEN,2018,REG,14,JAX,9.0,TEN,30.0,21.0
2018_14_NYJ_BUF,2018,REG,14,NYJ,27.0,BUF,23.0,-4.0
2018_14_CAR_CLE,2018,REG,14,CAR,20.0,CLE,26.0,6.0
2018_14_ATL_GB,2018,REG,14,ATL,20.0,GB,34.0,14.0
2018_14_IND_HOU,2018,REG,14,IND,24.0,HOU,21.0,-3.0
2018_14_BAL_KC,2018,REG,14,BAL,24.0,KC,27.0,3.0
2018_14_NE_MIA,2018,REG,14,NE,33.0,MIA,34.0,1.0
2018_14_NO_TB,2018,REG,14,NO,28.0,TB,14.0,-14.0
2018_14_NYG_WAS,2018,REG,14,NYG,40.0,WAS,16.0,-24.0
2018_14_CIN_LAC,2018,REG,14,CIN,21.0,LAC,26.0,5.0
2018_14_DEN_SF,2018,REG,14,DEN,14.0,SF,20.0,6.0
2018_14_DET_ARI,2018,REG,14,DET,17.0,ARI,3.0,-14.0
2018_14_PHI_DAL,2018,REG,14,PHI,23.0,DAL,29.0,6.0
2018_14_PIT_OAK,2018,REG,14,PIT,21.0,OAK,24.0,3.0
2018_14_LA_CHI,2018,REG,14,LA,6.0,CHI,15.0,9.0
2018_14_MIN_SEA,2018,REG,14,MIN,7.0,SEA,21.0,14.0
2018_15_LAC_KC,2018,REG,15,LAC,29.0,KC,28.0,-1.0
2018_15_HOU_NYJ,2018,REG,15,HOU,29.0,NYJ,22.0,-7.0
2018_15_CLE_DEN,2018,REG,15,CLE,17.0,DEN,16.0,-1.0
2018_15_ARI_ATL,2018,REG,15,ARI,14.0,ATL,40.0,26.0
2018_15_TB_BAL,2018,REG,15,TB,12.0,BAL,20.0,8.0
2018_15_DET_BUF,2018,REG,15,DET,13.0,BUF,14.0,1.0
2018_15_GB_CHI,2018,REG,15,GB,17.0,CHI,24.0,7.0
2018_15_OAK_CIN,2018,REG,15,OAK,16.0,CIN,30.0,14.0
2018_15_DAL_IND,2018,REG,15,DAL,0.0,IND,23.0,23.0
2018_15_WAS_JAX,2018,REG,15,WAS,16.0,JAX,13.0,-3.0
2018_15_MIA_MIN,2018,REG,15,MIA,17.0,MIN,41.0,24.0
2018_15_TEN_NYG,2018,REG,15,TEN,17.0,NYG,0.0,-17.0
2018_15_SEA_SF,2018,REG,15,SEA,23.0,SF,26.0,3.0
2018_15_NE_PIT,2018,REG,15,NE,10.0,PIT,17.0,7.0
2018_15_PHI_LA,2018,REG,15,PHI,30.0,LA,23.0,-7.0
2018_15_NO_CAR,2018,REG,15,NO,12.0,CAR,9.0,-3.0
2018_16_WAS_TEN,2018,REG,16,WAS,16.0,TEN,25.0,9.0
2018_16_BAL_LAC,2018,REG,16,BAL,22.0,LAC,10.0,-12.0
2018_16_ATL_CAR,2018,REG,16,ATL,24.0,CAR,10.0,-14.0
2018_16_CIN_CLE,2018,REG,16,CIN,18.0,CLE,26.0,8.0
2018_16_TB_DAL,2018,REG,16,TB,20.0,DAL,27.0,7.0
2018_16_MIN_DET,2018,REG,16,MIN,27.0,DET,9.0,-18.0
2018_16_NYG_IND,2018,REG,16,NYG,27.0,IND,28.0,1.0
2018_16_JAX_MIA,2018,REG,16,JAX,17.0,MIA,7.0,-10.0
2018_16_BUF_NE,2018,REG,16,BUF,12.0,NE,24.0,12.0
2018_16_GB_NYJ,2018,REG,16,GB,44.0,NYJ,38.0,-6.0
2018_16_HOU_PHI,2018,REG,16,HOU,30.0,PHI,32.0,2.0
2018_16_LA_ARI,2018,REG,16,LA,31.0,ARI,9.0,-22.0
2018_16_CHI_SF,2018,REG,16,CHI,14.0,SF,9.0,-5.0
2018_16_PIT_NO,2018,REG,16,PIT,28.0,NO,31.0,3.0
2018_16_KC_SEA,2018,REG,16,KC,31.0,SEA,38.0,7.0
2018_16_DEN_OAK,2018,REG,16,DEN,14.0,OAK,27.0,13.0
2018_17_MIA_BUF,2018,REG,17,MIA,17.0,BUF,42.0,25.0
2018_17_DET_GB,2018,REG,17,DET,31.0,GB,0.0,-31.0
2018_17_JAX_HOU,2018,REG,17,JAX,3.0,HOU,20.0,17.0
2018_17_NYJ_NE,2018,REG,17,NYJ,3.0,NE,38.0,35.0
2018_17_CAR_NO,2018,REG,17,CAR,33.0,NO,14.0,-19.0
2018_17_DAL_NYG,2018,REG,17,DAL,36.0,NYG,35.0,-1.0
2018_17_ATL_TB,2018,REG,17,ATL,34.0,TB,32.0,-2.0
2018_17_CLE_BAL,2018,REG,17,CLE,24.0,BAL,26.0,2.0
2018_17_LAC_DEN,2018,REG,17,LAC,23.0,DEN,9.0,-14.0
2018_17_OAK_KC,2018,REG,17,OAK,3.0,KC,35.0,32.0
2018_17_SF_LA,2018,REG,17,SF,32.0,LA,48.0,16.0
2018_17_CHI_MIN,2018,REG,17,CHI,24.0,MIN,10.0,-14.0
2018_17_CIN_PIT,2018,REG,17,CIN,13.0,PIT,16.0,3.0
2018_17_ARI_SEA,2018,REG,17,ARI,24.0,SEA,27.0,3.0
2018_17_PHI_WAS,2018,REG,17,PHI,24.0,WAS,0.0,-24.0
2018_17_IND_TEN,2018,REG,17,IND,33.0,TEN,17.0,-16.0
2018_18_IND_HOU,2018,WC,18,IND,21.0,HOU,7.0,-14.0
2018_18_SEA_DAL,2018,WC,18,SEA,22.0,DAL,24.0,2.0
2018_18_LAC_BAL,2018,WC,18,LAC,23.0,BAL,17.0,-6.0
2018_18_PHI_CHI,2018,WC,18,PHI,16.0,CHI,15.0,-1.0
2018_19_IND_KC,2018,DIV,19,IND,13.0,KC,31.0,18.0
2018_19_DAL_LA,2018,DIV,19,DAL,22.0,LA,30.0,8.0
2018_19_LAC_NE,2018,DIV,19,LAC,28.0,NE,41.0,13.0
2018_19_PHI_NO,2018,DIV,19,PHI,14.0,NO,20.0,6.0
2018_20_LA_NO,2018,CON,20,LA,26.0,NO,23.0,-3.0
2018_20_NE_KC,2018,CON,20,NE,37.0,KC,31.0,-6.0
2018_21_NE_LA,2018,SB,21,NE,13.0,LA,3.0,-10.0
2019_01_GB_CHI,2019,REG,1,GB,10.0,CHI,3.0,-7.0
2019_01_LA_CAR,2019,REG,1,LA,30.0,CAR,27.0,-3.0
2019_01_TEN_CLE,2019,REG,1,TEN,43.0,CLE,13.0,-30.0
2019_01_KC_JAX,2019,REG,1,KC,40.0,JAX,26.0,-14.0
2019_01_BAL_MIA,2019,REG,1,BAL,59.0,MIA,10.0,-49.0
2019_01_ATL_MIN,2019,REG,1,ATL,12.0,MIN,28.0,16.0
2019_01_BUF_NYJ,2019,REG,1,BUF,17.0,NYJ,16.0,-1.0
2019_01_WAS_PHI,2019,REG,1,WAS,27.0,PHI,32.0,5.0
2019_01_IND_LAC,2019,REG,1,IND,24.0,LAC,30.0,6.0
2019_01_CIN_SEA,2019,REG,1,CIN,20.0,SEA,21.0,1.0
2019_01_DET_ARI,2019,REG,1,DET,27.0,ARI,27.0,0.0
2019_01_NYG_DAL,2019,REG,1,NYG,17.0,DAL,35.0,18.0
2019_01_SF_TB,2019,REG,1,SF,31.0,TB,17.0,-14.0
2019_01_PIT_NE,2019,REG,1,PIT,3.0,NE,33.0,30.0
2019_01_HOU_NO,2019,REG,1,HOU,28.0,NO,30.0,2.0
2019_01_DEN_OAK,2019,REG,1,DEN,16.0,OAK,24.0,8.0
2019_02_TB_CAR,2019,REG,2,TB,20.0,CAR,14.0,-6.0
2019_02_ARI_BAL,2019,REG,2,ARI,17.0,BAL,23.0,6.0
2019_02_SF_CIN,2019,REG,2,SF,41.0,CIN,17.0,-24.0
2019_02_LAC_DET,2019,REG,2,LAC,10.0,DET,13.0,3.0
2019_02_MIN_GB,2019,REG,2,MIN,16.0,GB,21.0,5.0
2019_02_JAX_HOU,2019,REG,2,JAX,12.0,HOU,13.0,1.0
2019_02_NE_MIA,2019,REG,2,NE,43.0,MIA,0.0,-43.0
2019_02_BUF_NYG,2019,REG,2,BUF,28.0,NYG,14.0,-14.0
2019_02_SEA_PIT,2019,REG,2,SEA,28.0,PIT,26.0,-2.0
2019_02_IND_TEN,2019,REG,2,IND,19.0,TEN,17.0,-2.0
2019_02_DAL_WAS,2019,REG,2,DAL,31.0,WAS,21.0,-10.0
2019_02_KC_OAK,2019,REG,2,KC,28.0,OAK,10.0,-18.0
2019_02_CHI_DEN,2019,REG,2,CHI,16.0,DEN,14.0,-2.0
2019_02_NO_LA,2019,REG,2,NO,9.0,LA,27.0,18.0
2019_02_PHI_ATL,2019,REG,2,PHI,20.0,ATL,24.0,4.0
2019_02_CLE_NYJ,2019,REG,2,CLE,23.0,NYJ,3.0,-20.0
2019_03_TEN_JAX,2019,REG,3,TEN,7.0,JAX,20.0,13.0
2019_03_CIN_BUF,2019,REG,3,CIN,17.0,BUF,21.0,4.0
2019_03_MIA_DAL,2019,REG,3,MIA,6.0,DAL,31.0,25.0
2019_03_DEN_GB,2019,REG,3,DEN,16.0,GB,27.0,11.0
2019_03_ATL_IND,2019,REG,3,ATL,24.0,IND,27.0,3.0
2019_03_BAL_KC,2019,REG,3,BAL,28.0,KC,33.0,5.0
2019_03_OAK_MIN,2019,REG,3,OAK,14.0,MIN,34.0,20.0
2019_03_NYJ_NE,2019,REG,3,NYJ,14.0,NE,30.0,16.0
2019_03_DET_PHI,2019,REG,3,DET,27.0,PHI,24.0,-3.0
2019_03_CAR_ARI,2019,REG,3,CAR,38.0,ARI,20.0,-18.0
2019_03_NYG_TB,2019,REG,3,NYG,32.0,TB,31.0,-1.0
2019_03_HOU_LAC,2019,REG,3,HOU,27.0,LAC,20.0,-7.0
2019_03_NO_SEA,2019,REG,3,NO,33.0,SEA,27.0,-6.0
2019_03_PIT_SF,2019,REG,3,PIT,20.0,SF,24.0,4.0
2019_03_LA_CLE,2019,REG,3,LA,20.0,CLE,13.0,-7.0
2019_03_CHI_WAS,2019,REG,3,CHI,31.0,WAS,15.0,-16.0
2019_04_PHI_GB,2019,REG,4,PHI,34.0,GB,27.0,-7.0
2019_04_TEN_ATL,2019,REG,4,TEN,24.0,ATL,10.0,-14.0
2019_04_CLE_BAL,2019,REG,4,CLE,40.0,BAL,25.0,-15.0
2019_04_NE_BUF,2019,REG,4,NE,16.0,BUF,10.0,-6.0
2019_04_KC_DET,2019,REG,4,KC,34.0,DET,30.0,-4.0
2019_04_CAR_HOU,2019,REG,4,CAR,16.0,HOU,10.0,-6.0
2019_04_OAK_IND,2019,REG,4,OAK,31.0,IND,24.0,-7.0
2019_04_LAC_MIA,2019,REG,4,LAC,30.0,MIA,10.0,-20.0
2019_04_WAS_NYG,2019,REG,4,WAS,3.0,NYG,24.0,21.0
2019_04_SEA_ARI,2019,REG,4,SEA,27.0,ARI,10.0,-17.0
2019_04_TB_LA,2019,REG,4,TB,55.0,LA,40.0,-15.0
2019_04_MIN_CHI,2019,REG,4,MIN,6.0,CHI,16.0,10.0
2019_04_JAX_DEN,2019,REG,4,JAX,26.0,DEN,24.0,-2.0
2019_04_DAL_NO,2019,REG,4,DAL,10.0,NO,12.0,2.0
2019_04_CIN_PIT,2019,REG,4,CIN,3.0,PIT,27.0,24.0
2019_05_LA_SEA,2019,REG,5,LA,29.0,SEA,30.0,1.0
2019_05_JAX_CAR,2019,REG,5,JAX,27.0,CAR,34.0,7.0
2019_05_ARI_CIN,2019,REG,5,ARI,26.0,CIN,23.0,-3.0
2019_05_ATL_HOU,2019,REG,5,ATL,32.0,HOU,53.0,21.0
2019_05_TB_NO,2019,REG,5,TB,24.0,NO,31.0,7.0
2019_05_MIN_NYG,2019,REG,5,MIN,28.0,NYG,10.0,-18.0
2019_05_CHI_OAK,2019,REG,5,CHI,21.0,OAK,24.0,3.0
2019_05_NYJ_PHI,2019,REG,5,NYJ,6.0,PHI,31.0,25.0
2019_05_BAL_PIT,2019,REG,5,BAL,26.0,PIT,23.0,-3.0
2019_05_BUF_TEN,2019,REG,5,BUF,14.0,TEN,7.0,-7.0
2019_05_NE_WAS,2019,REG,5,NE,33.0,WAS,7.0,-26.0
2019_05_DEN_LAC,2019,REG,5,DEN,20.0,LAC,13.0,-7.0
2019_05_GB_DAL,2019,REG,5,GB,34.0,DAL,24.0,-10.0
2019_05_IND_KC,2019,REG,5,IND,19.0,KC,13.0,-6.0
2019_05_CLE_SF,2019,REG,5,CLE,3.0,SF,31.0,28.0
2019_06_NYG_NE,2019,REG,6,NYG,14.0,NE,35.0,21.0
2019_06_CAR_TB,2019,REG,6,CAR,37.0,TB,26.0,-11.0
2019_06_CIN_BAL,2019,REG,6,CIN,17.0,BAL,23.0,6.0
2019_06_SEA_CLE,2019,REG,6,SEA,32.0,CLE,28.0,-4.0
2019_06_NO_JAX,2019,REG,6,NO,13.0,JAX,6.0,-7.0
2019_06_HOU_KC,2019,REG,6,HOU,31.0,KC,24.0,-7.0
2019_06_WAS_MIA,2019,REG,6,WAS,17.0,MIA,16.0,-1.0
2019_06_PHI_MIN,2019,REG,6,PHI,20.0,MIN,38.0,18.0
2019_06_ATL_ARI,2019,REG,6,ATL,33.0,ARI,34.0,1.0
2019_06_SF_LA,2019,REG,6,SF,20.0,LA,7.0,-13.0
2019_06_TEN_DEN,2019,REG,6,TEN,0.0,DEN,16.0,16.0
2019_06_DAL_NYJ,2019,REG,6,DAL,22.0,NYJ,24.0,2.0
2019_06_PIT_LAC,2019,REG,6,PIT,24.0,LAC,17.0,-7.0
2019_06_DET_GB,2019,REG,6,DET,22.0,GB,23.0,1.0
2019_07_KC_DEN,2019,REG,7,KC,30.0,DEN,6.0,-24.0
2019_07_LA_ATL,2019,REG,7,LA,37.0,ATL,10.0,-27.0
2019_07_MIA_BUF,2019,REG,7,MIA,21.0,BUF,31.0,10.0
2019_07_JAX_CIN,2019,REG,7,JAX,27.0,CIN,17.0,-10.0
2019_07_MIN_DET,2019,REG,7,MIN,42.0,DET,30.0,-12.0
2019_07_OAK_GB,2019,REG,7,OAK,24.0,GB,42.0,18.0
2019_07_HOU_IND,2019,REG,7,HOU,23.0,IND,30.0,7.0
2019_07_ARI_NYG,2019,REG,7,ARI,27.0,NYG,21.0,-6.0
2019_07_SF_WAS,2019,REG,7,SF,9.0,WAS,0.0,-9.0
2019_07_LAC_TEN,2019,REG,7,LAC,20.0,TEN,23.0,3.0
2019_07_NO_CHI,2019,REG,7,NO,36.0,CHI,25.0,-11.0
2019_07_BAL_SEA,2019,REG,7,BAL,30.0,SEA,16.0,-14.0
2019_07_PHI_DAL,2019,REG,7,PHI,10.0,DAL,37.0,27.0
2019_07_NE_NYJ,2019,REG,7,NE,33.0,NYJ,0.0,-33.0
2019_08_WAS_MIN,2019,REG,8,WAS,9.0,MIN,19.0,10.0
2019_08_SEA_ATL,2019,REG,8,SEA,27.0,ATL,20.0,-7.0
2019_08_PHI_BUF,2019,REG,8,PHI,31.0,BUF,13.0,-18.0
2019_08_LAC_CHI,2019,REG,8,LAC,17.0,CHI,16.0,-1.0
2019_08_NYG_DET,2019,REG,8,NYG,26.0,DET,31.0,5.0
2019_08_DEN_IND,2019,REG,8,DEN,13.0,IND,15.0,2.0
2019_08_NYJ_JAX,2019,REG,8,NYJ,15.0,JAX,29.0,14.0
2019_08_CIN_LA,2019,REG,8,CIN,10.0,LA,24.0,14.0
2019_08_ARI_NO,2019,REG,8,ARI,9.0,NO,31.0,22.0
2019_08_TB_TEN,2019,REG,8,TB,23.0,TEN,27.0,4.0
2019_08_CAR_SF,2019,REG,8,CAR,13.0,SF,51.0,38.0
2019_08_OAK_HOU,2019,REG,8,OAK,24.0,HOU,27.0,3.0
2019_08_CLE_NE,2019,REG,8,CLE,13.0,NE,27.0,14.0
2019_08_GB_KC,2019,REG,8,GB,31.0,KC,24.0,-7.0
2019_08_MIA_PIT,2019,REG,8,MIA,14.0,PIT,27.0,13.0
2019_09_SF_ARI,2019,REG,9,SF,28.0,ARI,25.0,-3.0
2019_09_HOU_JAX,2019,REG,9,HOU,26.0,JAX,3.0,-23.0
2019_09_WAS_BUF,2019,REG,9,WAS,9.0,BUF,24.0,15.0
2019_09_TEN_CAR,2019,REG,9,TEN,20.0,CAR,30.0,10.0
2019_09_MIN_KC,2019,REG,9,MIN,23.0,KC,26.0,3.0
2019_09_NYJ_MIA,2019,REG,9,NYJ,18.0,MIA,26.0,8.0
2019_09_CHI_PHI,2019,REG,9,CHI,14.0,PHI,22.0,8.0
2019_09_IND_PIT,2019,REG,9,IND,24.0,PIT,26.0,2.0
2019_09_DET_OAK,2019,REG,9,DET,24.0,OAK,31.0,7.0
2019_09_TB_SEA,2019,REG,9,TB,34.0,SEA,40.0,6.0
2019_09_CLE_DEN,2019,REG,9,CLE,19.0,DEN,24.0,5.0
2019_09_GB_LAC,2019,REG,9,GB,11.0,LAC,26.0,15.0
2019_09_NE_BAL,2019,REG,9,NE,20.0,BAL,37.0,17.0
2019_09_DAL_NYG,2019,REG,9,DAL,37.0,NYG,18.0,-19.0
2019_10_LAC_OAK,2019,REG,10,LAC,24.0,OAK,26.0,2.0
2019_10_DET_CHI,2019,REG,10,DET,13.0,CHI,20.0,7.0
2019_10_BAL_CIN,2019,REG,10,BAL,49.0,CIN,13.0,-36.0
2019_10_BUF_CLE,2019,REG,10,BUF,16.0,CLE,19.0,3.0
2019_10_ATL_NO,2019,REG,10,ATL,26.0,NO,9.0,-17.0
2019_10_NYG_NYJ,2019,REG,10,NYG,27.0,NYJ,34.0,7.0
2019_10_ARI_TB,2019,REG,10,ARI,27.0,TB,30.0,3.0
2019_10_KC_TEN,2019,REG,10,KC,32.0,TEN,35.0,3.0
2019_10_MIA_IND,2019,REG,10,MIA,16.0,IND,12.0,-4.0
2019_10_CAR_GB,2019,REG,10,CAR,16.0,GB,24.0,8.0
2019_10_LA_PIT,2019,REG,10,LA,12.0,PIT,17.0,5.0
2019_10_MIN_DAL,2019,REG,10,MIN,28.0,DAL,24.0,-4.0
2019_10_SEA_SF,2019,REG,10,SEA,27.0,SF,24.0,-3.0
2019_11_PIT_CLE,2019,REG,11,PIT,7.0,CLE,21.0,14.0
2019_11_HOU_BAL,2019,REG,11,HOU,7.0,BAL,41.0,34.0
2019_11_ATL_CAR,2019,REG,11,ATL,29.0,CAR,3.0,-26.0
2019_11_DAL_DET,2019,REG,11,DAL,35.0,DET,27.0,-8.0
2019_11_JAX_IND,2019,REG,11,JAX,13.0,IND,33.0,20.0
2019_11_BUF_MIA,2019,REG,11,BUF,37.0,MIA,20.0,-17.0
2019_11_DEN_MIN,2019,REG,11,DEN,23.0,MIN,27.0,4.0
2019_11_NO_TB,2019,REG,11,NO,34.0,TB,17.0,-17.0
2019_11_NYJ_WAS,2019,REG,11,NYJ,34.0,WAS,17.0,-17.0
2019_11_ARI_SF,2019,REG,11,ARI,26.0,SF,36.0,10.0
2019_11_CIN_OAK,2019,REG,11,CIN,10.0,OAK,17.0,7.0
2019_11_NE_PHI,2019,REG,11,NE,17.0,PHI,10.0,-7.0
2019_11_CHI_LA,2019,REG,11,CHI,7.0,LA,17.0,10.0
2019_11_KC_LAC,2019,REG,11,KC,24.0,LAC,17.0,-7.0
2019_12_IND_HOU,2019,REG,12,IND,17.0,HOU,20.0,3.0
2019_12_TB_ATL,2019,REG,12,TB,35.0,ATL,22.0,-13.0
2019_12_DEN_BUF,2019,REG,12,DEN,3.0,BUF,20.0,17.0
2019_12_NYG_CHI,2019,REG,12,NYG,14.0,CHI,19.0,5.0
2019_12_PIT_CIN,2019,REG,12,PIT,16.0,CIN,10.0,-6.0
2019_12_MIA_CLE,2019,REG,12,MIA,24.0,CLE,41.0,17.0
2019_12_CAR_NO,2019,REG,12,CAR,31.0,NO,34.0,3.0
2019_12_OAK_NYJ,2019,REG,12,OAK,3.0,NYJ,34.0,31.0
2019_12_SEA_PHI,2019,REG,12,SEA,17.0,PHI,9.0,-8.0
2019_12_DET_WAS,2019,REG,12,DET,16.0,WAS,19.0,3.0
2019_12_JAX_TEN,2019,REG,12,JAX,20.0,TEN,42.0,22.0
2019_12_DAL_NE,2019,REG,12,DAL,9.0,NE,13.0,4.0
2019_12_GB_SF,2019,REG,12,GB,8.0,SF,37.0,29.0
2019_12_BAL_LA,2019,REG,12,BAL,45.0,LA,6.0,-39.0
2019_13_CHI_DET,2019,REG,13,CHI,24.0,DET,20.0,-4.0
2019_13_BUF_DAL,2019,REG,13,BUF,26.0,DAL,15.0,-11.0
2019_13_NO_ATL,2019,REG,13,NO,26.0,ATL,18.0,-8.0
2019_13_SF_BAL,2019,REG,13,SF,17.0,BAL,20.0,3.0
2019_13_WAS_CAR,2019,REG,13,WAS,29.0,CAR,21.0,-8.0
2019_13_NYJ_CIN,2019,REG,13,NYJ,6.0,CIN,22.0,16.0
2019_13_TEN_IND,2019,REG,13,TEN,31.0,IND,17.0,-14.0
2019_13_TB_JAX,2019,REG,13,TB,28.0,JAX,11.0,-17.0
2019_13_PHI_MIA,2019,REG,13,PHI,31.0,MIA,37.0,6.0
2019_13_GB_NYG,2019,REG,13,GB,31.0,NYG,13.0,-18.0
2019_13_CLE_PIT,2019,REG,13,CLE,13.0,PIT,20.0,7.0
2019_13_LA_ARI,2019,REG,13,LA,34.0,ARI,7.0,-27.0
2019_13_LAC_DEN,2019,REG,13,LAC,20.0,DEN,23.0,3.0
2019_13_OAK_KC,2019,REG,13,OAK,9.0,KC,40.0,31.0
2019_13_NE_HOU,2019,REG,13,NE,22.0,HOU,28.0,6.0
2019_13_MIN_SEA,2019,REG,13,MIN,30.0,SEA,37.0,7.0
2019_14_DAL_CHI,2019,REG,14,DAL,24.0,CHI,31.0,7.0
2019_14_CAR_ATL,2019,REG,14,CAR,20.0,ATL,40.0,20.0
2019_14_BAL_BUF,2019,REG,14,BAL,24.0,BUF,17.0,-7.0
2019_14_CIN_CLE,2019,REG,14,CIN,19.0,CLE,27.0,8.0
2019_14_WAS_GB,2019,REG,14,WAS,15.0,GB,20.0,5.0
2019_14_DEN_HOU,2019,REG,14,DEN,38.0,HOU,24.0,-14.0
2019_14_DET_MIN,2019,REG,14,DET,7.0,MIN,20.0,13.0
2019_14_SF_NO,2019,REG,14,SF,48.0,NO,46.0,-2.0
2019_14_MIA_NYJ,2019,REG,14,MIA,21.0,NYJ,22.0,1.0
2019_14_IND_TB,2019,REG,14,IND,35.0,TB,38.0,3.0
2019_14_LAC_JAX,2019,REG,14,LAC,45.0,JAX,10.0,-35.0
2019_14_PIT_ARI,2019,REG,14,PIT,23.0,ARI,17.0,-6.0
2019_14_KC_NE,2019,REG,14,KC,23.0,NE,16.0,-7.0
2019_14_TEN_OAK,2019,REG,14,TEN,42.0,OAK,21.0,-21.0
2019_14_SEA_LA,2019,REG,14,SEA,12.0,LA,28.0,16.0
2019_14_NYG_PHI,2019,REG,14,NYG,17.0,PHI,23.0,6.0
2019_15_NYJ_BAL,2019,REG,15,NYJ,21.0,BAL,42.0,21.0
2019_15_SEA_CAR,2019,REG,15,SEA,30.0,CAR,24.0,-6.0
2019_15_NE_CIN,2019,REG,15,NE,34.0,CIN,13.0,-21.0
2019_15_TB_DET,2019,REG,15,TB,38.0,DET,17.0,-21.0
2019_15_CHI_GB,2019,REG,15,CHI,13.0,GB,21.0,8.0
2019_15_DEN_KC,2019,REG,15,DEN,3.0,KC,23.0,20.0
2019_15_MIA_NYG,2019,REG,15,MIA,20.0,NYG,36.0,16.0
2019_15_HOU_TEN,2019,REG,15,HOU,24.0,TEN,21.0,-3.0
2019_15_PHI_WAS,2019,REG,15,PHI,37.0,WAS,27.0,-10.0
2019_15_CLE_ARI,2019,REG,15,CLE,24.0,ARI,38.0,14.0
2019_15_MIN_LAC,2019,REG,15,MIN,39.0,LAC,10.0,-29.0
2019_15_JAX_OAK,2019,REG,15,JAX,20.0,OAK,16.0,-4.0
2019_15_LA_DAL,2019,REG,15,LA,21.0,DAL,44.0,23.0
2019_15_ATL_SF,2019,REG,15,ATL,29.0,SF,22.0,-7.0
2019_15_BUF_PIT,2019,REG,15,BUF,17.0,PIT,10.0,-7.0
2019_15_IND_NO,2019,REG,15,IND,7.0,NO,34.0,27.0
2019_16_HOU_TB,2019,REG,16,HOU,23.0,TB,20.0,-3.0
2019_16_BUF_NE,2019,REG,16,BUF,17.0,NE,24.0,7.0
2019_16_LA_SF,2019,REG,16,LA,31.0,SF,34.0,3.0
2019_16_JAX_ATL,2019,REG,16,JAX,12.0,ATL,24.0,12.0
2019_16_BAL_CLE,2019,REG,16,BAL,31.0,CLE,15.0,-16.0
2019_16_CAR_IND,2019,REG,16,CAR,6.0,IND,38.0,32.0
2019_16_CIN_MIA,2019,REG,16,CIN,35.0,MIA,38.0,3.0
2019_16_PIT_NYJ,2019,REG,16,PIT,10.0,NYJ,16.0,6.0
2019_16_NO_TEN,2019,REG,16,NO,38.0,TEN,28.0,-10.0
2019_16_NYG_WAS,2019,REG,16,NYG,41.0,WAS,35.0,-6.0
2019_16_DET_DEN,2019,REG,16,DET,17.0,DEN,27.0,10.0
2019_16_OAK_LAC,2019,REG,16,OAK,24.0,LAC,17.0,-7.0
2019_16_DAL_PHI,2019,REG,16,DAL,9.0,PHI,17.0,8.0
2019_16_ARI_SEA,2019,REG,16,ARI,27.0,SEA,13.0,-14.0
2019_16_KC_CHI,2019,REG,16,KC,26.0,CHI,3.0,-23.0
2019_16_GB_MIN,2019,REG,16,GB,23.0,MIN,10.0,-13.0
2019_17_NYJ_BUF,2019,REG,17,NYJ,13.0,BUF,6.0,-7.0
2019_17_NO_CAR,2019,REG,17,NO,42.0,CAR,10.0,-32.0
2019_17_CLE_CIN,2019,REG,17,CLE,23.0,CIN,33.0,10.0
2019_17_GB_DET,2019,REG,17,GB,23.0,DET,20.0,-3.0
2019_17_LAC_KC,2019,REG,17,LAC,21.0,KC,31.0,10.0
2019_17_CHI_MIN,2019,REG,17,CHI,21.0,MIN,19.0,-2.0
2019_17_MIA_NE,2019,REG,17,MIA,27.0,NE,24.0,-3.0
2019_17_ATL_TB,2019,REG,17,ATL,28.0,TB,22.0,-6.0
2019_17_PIT_BAL,2019,REG,17,PIT,10.0,BAL,28.0,18.0
2019_17_WAS_DAL,2019,REG,17,WAS,16.0,DAL,47.0,31.0
2019_17_OAK_DEN,2019,REG,17,OAK,15.0,DEN,16.0,1.0
2019_17_TEN_HOU,2019,REG,17,TEN,35.0,HOU,14.0,-21.0
2019_17_IND_JAX,2019,REG,17,IND,20.0,JAX,38.0,18.0
2019_17_ARI_LA,2019,REG,17,ARI,24.0,LA,31.0,7.0
2019_17_PHI_NYG,2019,REG,17,PHI,34.0,NYG,17.0,-17.0
2019_17_SF_SEA,2019,REG,17,SF,26.0,SEA,21.0,-5.0
2019_18_BUF_HOU,2019,WC,18,BUF,19.0,HOU,22.0,3.0
2019_18_TEN_NE,2019,WC,18,TEN,20.0,NE,13.0,-7.0
2019_18_MIN_NO,2019,WC,18,MIN,26.0,NO,20.0,-6.0
2019_18_SEA_PHI,2019,WC,18,SEA,17.0,PHI,9.0,-8.0
2019_19_MIN_SF,2019,DIV,19,MIN,10.0,SF,27.0,17.0
2019_19_TEN_BAL,2019,DIV,19,TEN,28.0,BAL,12.0,-16.0
2019_19_HOU_KC,2019,DIV,19,HOU,31.0,KC,51.0,20.0
2019_19_SEA_GB,2019,DIV,19,SEA,23.0,GB,28.0,5.0
2019_20_TEN_KC,2019,CON,20,TEN,24.0,KC,35.0,11.0
2019_20_GB_SF,2019,CON,20,GB,20.0,SF,37.0,17.0
2019_21_SF_KC,2019,SB,21,SF,20.0,KC,31.0,11.0
2020_01_HOU_KC,2020,REG,1,HOU,20.0,KC,34.0,14.0
2020_01_SEA_ATL,2020,REG,1,SEA,38.0,ATL,25.0,-13.0
2020_01_CLE_BAL,2020,REG,1,CLE,6.0,BAL,38.0,32.0
2020_01_NYJ_BUF,2020,REG,1,NYJ,17.0,BUF,27.0,10.0
2020_01_LV_CAR,2020,REG,1,LV,34.0,CAR,30.0,-4.0
2020_01_CHI_DET,2020,REG,1,CHI,27.0,DET,23.0,-4.0
2020_01_IND_JAX,2020,REG,1,IND,20.0,JAX,27.0,7.0
2020_01_GB_MIN,2020,REG,1,GB,43.0,MIN,34.0,-9.0
2020_01_MIA_NE,2020,REG,1,MIA,11.0,NE,21.0,10.0
2020_01_PHI_WAS,2020,REG,1,PHI,17.0,WAS,27.0,10.0
2020_01_LAC_CIN,2020,REG,1,LAC,16.0,CIN,13.0,-3.0
2020_01_TB_NO,2020,REG,1,TB,23.0,NO,34.0,11.0
2020_01_ARI_SF,2020,REG,1,ARI,24.0,SF,20.0,-4.0
2020_01_DAL_LA,2020,REG,1,DAL,17.0,LA,20.0,3.0
2020_01_PIT_NYG,2020,REG,1,PIT,26.0,NYG,16.0,-10.0
2020_01_TEN_DEN,2020,REG,1,TEN,16.0,DEN,14.0,-2.0
2020_02_CIN_CLE,2020,REG,2,CIN,30.0,CLE,35.0,5.0
2020_02_NYG_CHI,2020,REG,2,NYG,13.0,CHI,17.0,4.0
2020_02_ATL_DAL,2020,REG,2,ATL,39.0,DAL,40.0,1.0
2020_02_DET_GB,2020,REG,2,DET,21.0,GB,42.0,21.0
2020_02_MIN_IND,2020,REG,2,MIN,11.0,IND,28.0,17.0
2020_02_BUF_MIA,2020,REG,2,BUF,31.0,MIA,28.0,-3.0
2020_02_SF_NYJ,2020,REG,2,SF,31.0,NYJ,13.0,-18.0
2020_02_LA_PHI,2020,REG,2,LA,37.0,PHI,19.0,-18.0
2020_02_DEN_PIT,2020,REG,2,DEN,21.0,PIT,26.0,5.0
2020_02_CAR_TB,2020,REG,2,CAR,17.0,TB,31.0,14.0
2020_02_JAX_TEN,2020,REG,2,JAX,30.0,TEN,33.0,3.0
2020_02_WAS_ARI,2020,REG,2,WAS,15.0,ARI,30.0,15.0
2020_02_BAL_HOU,2020,REG,2,BAL,33.0,HOU,16.0,-17.0
2020_02_KC_LAC,2020,REG,2,KC,23.0,LAC,20.0,-3.0
2020_02_NE_SEA,2020,REG,2,NE,30.0,SEA,35.0,5.0
2020_02_NO_LV,2020,REG,2,NO,24.0,LV,34.0,10.0
2020_03_MIA_JAX,2020,REG,3,MIA,31.0,JAX,13.0,-18.0
2020_03_CHI_ATL,2020,REG,3,CHI,30.0,ATL,26.0,-4.0
2020_03_LA_BUF,2020,REG,3,LA,32.0,BUF,35.0,3.0
2020_03_WAS_CLE,2020,REG,3,WAS,20.0,CLE,34.0,14.0
2020_03_TEN_MIN,2020,REG,3,TEN,31.0,MIN,30.0,-1.0
2020_03_LV_NE,2020,REG,3,LV,20.0,NE,36.0,16.0
2020_03_SF_NYG,2020,REG,3,SF,36.0,NYG,9.0,-27.0
2020_03_CIN_PHI,2020,REG,3,CIN,23.0,PHI,23.0,0.0
2020_03_HOU_PIT,2020,REG,3,HOU,21.0,PIT,28.0,7.0
2020_03_NYJ_IND,2020,REG,3,NYJ,7.0,IND,36.0,29.0
2020_03_CAR_LAC,2020,REG,3,CAR,21.0,LAC,16.0,-5.0
2020_03_DET_ARI,2020,REG,3,DET,26.0,ARI,23.0,-3.0
2020_03_TB_DEN,2020,REG,3,TB,28.0,DEN,10.0,-18.0
2020_03_DAL_SEA,2020,REG,3,DAL,31.0,SEA,38.0,7.0
2020_03_GB_NO,2020,REG,3,GB,37.0,NO,30.0,-7.0
2020_03_KC_BAL,2020,REG,3,KC,34.0,BAL,20.0,-14.0
2020_04_DEN_NYJ,2020,REG,4,DEN,37.0,NYJ,28.0,-9.0
2020_04_ARI_CAR,2020,REG,4,ARI,21.0,CAR,31.0,10.0
2020_04_JAX_CIN,2020,REG,4,JAX,25.0,CIN,33.0,8.0
2020_04_CLE_DAL,2020,REG,4,CLE,49.0,DAL,38.0,-11.0
2020_04_NO_DET,2020,REG,4,NO,35.0,DET,29.0,-6.0
2020_04_MIN_HOU,2020,REG,4,MIN,31.0,HOU,23.0,-8.0
2020_04_SEA_MIA,2020,REG,4,SEA,31.0,MIA,23.0,-8.0
2020_04_LAC_TB,2020,REG,4,LAC,31.0,TB,38.0,7.0
2020_04_BAL_WAS,2020,REG,4,BAL,31.0,WAS,17.0,-14.0
2020_04_NYG_LA,2020,REG,4,NYG,9.0,LA,17.0,8.0
2020_04_IND_CHI,2020,REG,4,IND,19.0,CHI,11.0,-8.0
2020_04_BUF_LV,2020,REG,4,BUF,30.0,LV,23.0,-7.0
2020_04_PHI_SF,2020,REG,4,PHI,25.0,SF,20.0,-5.0
2020_04_NE_KC,2020,REG,4,NE,10.0,KC,26.0,16.0
2020_04_ATL_GB,2020,REG,4,ATL,16.0,GB,30.0,14.0
2020_05_TB_CHI,2020,REG,5,TB,19.0,CHI,20.0,1.0
2020_05_CAR_ATL,2020,REG,5,CAR,23.0,ATL,16.0,-7.0
2020_05_CIN_BAL,2020,REG,5,CIN,3.0,BAL,27.0,24.0
2020_05_JAX_HOU,2020,REG,5,JAX,14.0,HOU,30.0,16.0
2020_05_LV_KC,2020,REG,5,LV,40.0,KC,32.0,-8.0
2020_05_ARI_NYJ,2020,REG,5,ARI,30.0,NYJ,10.0,-20.0
2020_05_PHI_PIT,2020,REG,5,PHI,29.0,PIT,38.0,9.0
2020_05_LA_WAS,2020,REG,5,LA,30.0,WAS,10.0,-20.0
2020_05_MIA_SF,2020,REG,5,MIA,43.0,SF,17.0,-26.0
2020_05_IND_CLE,2020,REG,5,IND,23.0,CLE,32.0,9.0
2020_05_NYG_DAL,2020,REG,5,NYG,34.0,DAL,37.0,3.0
2020_05_MIN_SEA,2020,REG,5,MIN,26.0,SEA,27.0,1.0
2020_05_LAC_NO,2020,REG,5,LAC,27.0,NO,30.0,3.0
2020_05_BUF_TEN,2020,REG,5,BUF,16.0,TEN,42.0,26.0
2020_06_CHI_CAR,2020,REG,6,CHI,23.0,CAR,16.0,-7.0
2020_06_CIN_IND,2020,REG,6,CIN,27.0,IND,31.0,4.0
2020_06_DET_JAX,2020,REG,6,DET,34.0,JAX,16.0,-18.0
2020_06_ATL_MIN,2020,REG,6,ATL,40.0,MIN,23.0,-17.0
2020_06_DEN_NE,2020,REG,6,DEN,18.0,NE,12.0,-6.0
2020_06_WAS_NYG,2020,REG,6,WAS,19.0,NYG,20.0,1.0
2020_06_BAL_PHI,2020,REG,6,BAL,30.0,PHI,28.0,-2.0
2020_06_CLE_PIT,2020,REG,6,CLE,7.0,PIT,38.0,31.0
2020_06_HOU_TEN,2020,REG,6,HOU,36.0,TEN,42.0,6.0
2020_06_NYJ_MIA,2020,REG,6,NYJ,0.0,MIA,24.0,24.0
2020_06_GB_TB,2020,REG,6,GB,10.0,TB,38.0,28.0
2020_06_LA_SF,2020,REG,6,LA,16.0,SF,24.0,8.0
2020_06_KC_BUF,2020,REG,6,KC,26.0,BUF,17.0,-9.0
2020_06_ARI_DAL,2020,REG,6,ARI,38.0,DAL,10.0,-28.0
2020_07_NYG_PHI,2020,REG,7,NYG,21.0,PHI,22.0,1.0
2020_07_DET_ATL,2020,REG,7,DET,23.0,ATL,22.0,-1.0
2020_07_CLE_CIN,2020,REG,7,CLE,37.0,CIN,34.0,-3.0
2020_07_GB_HOU,2020,REG,7,GB,35.0,HOU,20.0,-15.0
2020_07_CAR_NO,2020,REG,7,CAR,24.0,NO,27.0,3.0
2020_07_BUF_NYJ,2020,REG,7,BUF,18.0,NYJ,10.0,-8.0
2020_07_PIT_TEN,2020,REG,7,PIT,27.0,TEN,24.0,-3.0
2020_07_DAL_WAS,2020,REG,7,DAL,3.0,WAS,25.0,22.0
2020_07_TB_LV,2020,REG,7,TB,45.0,LV,20.0,-25.0
2020_07_KC_DEN,2020,REG,7,KC,43.0,DEN,16.0,-27.0
2020_07_JAX_LAC,2020,REG,7,JAX,29.0,LAC,39.0,10.0
2020_07_SF_NE,2020,REG,7,SF,33.0,NE,6.0,-27.0
2020_07_SEA_ARI,2020,REG,7,SEA,34.0,ARI,37.0,3.0
2020_07_CHI_LA,2020,REG,7,CHI,10.0,LA,24.0,14.0
2020_08_ATL_CAR,2020,REG,8,ATL,25.0,CAR,17.0,-8.0
2020_08_PIT_BAL,2020,REG,8,PIT,28.0,BAL,24.0,-4.0
2020_08_NE_BUF,2020,REG,8,NE,21.0,BUF,24.0,3.0
2020_08_TEN_CIN,2020,REG,8,TEN,20.0,CIN,31.0,11.0
2020_08_LV_CLE,2020,REG,8,LV,16.0,CLE,6.0,-10.0
2020_08_IND_DET,2020,REG,8,IND,41.0,DET,21.0,-20.0
2020_08_MIN_GB,2020,REG,8,MIN,28.0,GB,22.0,-6.0
2020_08_NYJ_KC,2020,REG,8,NYJ,9.0,KC,35.0,26.0
2020_08_LA_MIA,2020,REG,8,LA,17.0,MIA,28.0,11.0
2020_08_LAC_DEN,2020,REG,8,LAC,30.0,DEN,31.0,1.0
2020_08_NO_CHI,2020,REG,8,NO,26.0,CHI,23.0,-3.0
2020_08_SF_SEA,2020,REG,8,SF,27.0,SEA,37.0,10.0
2020_08_DAL_PHI,2020,REG,8,DAL,9.0,PHI,23.0,14.0
2020_08_TB_NYG,2020,REG,8,TB,25.0,NYG,23.0,-2.0
2020_09_GB_SF,2020,REG,9,GB,34.0,SF,17.0,-17.0
2020_09_DEN_ATL,2020,REG,9,DEN,27.0,ATL,34.0,7.0
2020_09_SEA_BUF,2020,REG,9,SEA,34.0,BUF,44.0,10.0
2020_09_BAL_IND,2020,REG,9,BAL,24.0,IND,10.0,-14.0
2020_09_HOU_JAX,2020,REG,9,HOU,27.0,JAX,25.0,-2.0
2020_09_CAR_KC,2020,REG,9,CAR,31.0,KC,33.0,2.0
2020_09_DET_MIN,2020,REG,9,DET,20.0,MIN,34.0,14.0
2020_09_CHI_TEN,2020,REG,9,CHI,17.0,TEN,24.0,7.0
2020_09_NYG_WAS,2020,REG,9,NYG,23.0,WAS,20.0,-3.0
2020_09_LV_LAC,2020,REG,9,LV,31.0,LAC,26.0,-5.0
2020_09_MIA_ARI,2020,REG,9,MIA,34.0,ARI,31.0,-3.0
2020_09_PIT_DAL,2020,REG,9,PIT,24.0,DAL,19.0,-5.0
2020_09_NO_TB,2020,REG,9,NO,38.0,TB,3.0,-35.0
2020_09_NE_NYJ,2020,REG,9,NE,30.0,NYJ,27.0,-3.0
2020_10_IND_TEN,2020,REG,10,IND,34.0,TEN,17.0,-17.0
2020_10_TB_CAR,2020,REG,10,TB,46.0,CAR,23.0,-23.0
2020_10_HOU_CLE,2020,REG,10,HOU,7.0,CLE,10.0,3.0
2020_10_WAS_DET,2020,REG,10,WAS,27.0,DET,30.0,3.0
2020_10_JAX_GB,2020,REG,10,JAX,20.0,GB,24.0,4.0
2020_10_PHI_NYG,2020,REG,10,PHI,17.0,NYG,27.0,10.0
2020_10_BUF_ARI,2020,REG,10,BUF,30.0,ARI,32.0,2.0
2020_10_DEN_LV,2020,REG,10,DEN,12.0,LV,37.0,25.0
2020_10_LAC_MIA,2020,REG,10,LAC,21.0,MIA,29.0,8.0
2020_10_SEA_LA,2020,REG,10,SEA,16.0,LA,23.0,7.0
2020_10_SF_NO,2020,REG,10,SF,13.0,NO,27.0,14.0
2020_10_CIN_PIT,2020,REG,10,CIN,10.0,PIT,36.0,26.0
2020_10_BAL_NE,2020,REG,10,BAL,17.0,NE,23.0,6.0
2020_10_MIN_CHI,2020,REG,10,MIN,19.0,CHI,13.0,-6.0
2020_11_ARI_SEA,2020,REG,11,ARI,21.0,SEA,28.0,7.0
2020_11_TEN_BAL,2020,REG,11,TEN,30.0,BAL,24.0,-6.0
2020_11_DET_CAR,2020,REG,11,DET,0.0,CAR,20.0,20.0
2020_11_PHI_CLE,2020,REG,11,PHI,17.0,CLE,22.0,5.0
2020_11_NE_HOU,2020,REG,11,NE,20.0,HOU,27.0,7.0
2020_11_PIT_JAX,2020,REG,11,PIT,27.0,JAX,3.0,-24.0
2020_11_ATL_NO,2020,REG,11,ATL,9.0,NO,24.0,15.0
2020_11_CIN_WAS,2020,REG,11,CIN,9.0,WAS,20.0,11.0
2020_11_MIA_DEN,2020,REG,11,MIA,13.0,DEN,20.0,7.0
2020_11_NYJ_LAC,2020,REG,11,NYJ,28.0,LAC,34.0,6.0
2020_11_GB_IND,2020,REG,11,GB,31.0,IND,34.0,3.0
2020_11_DAL_MIN,2020,REG,11,DAL,31.0,MIN,28.0,-3.0
2020_11_KC_LV,2020,REG,11,KC,35.0,LV,31.0,-4.0
2020_11_LA_TB,2020,REG,11,LA,27.0,TB,24.0,-3.0
2020_12_HOU_DET,2020,REG,12,HOU,41.0,DET,25.0,-16.0
2020_12_WAS_DAL,2020,REG,12,WAS,41.0,DAL,16.0,-25.0
2020_12_LV_ATL,2020,REG,12,LV,6.0,ATL,43.0,37.0
2020_12_LAC_BUF,2020,REG,12,LAC,17.0,BUF,27.0,10.0
2020_12_NYG_CIN,2020,REG,12,NYG,19.0,CIN,17.0,-2.0
2020_12_TEN_IND,2020,REG,12,TEN,45.0,IND,26.0,-19.0
2020_12_CLE_JAX,2020,REG,12,CLE,27.0,JAX,25.0,-2.0
2020_12_CAR_MIN,2020,REG,12,CAR,27.0,MIN,28.0,1.0
2020_12_ARI_NE,2020,REG,12,ARI,17.0,NE,20.0,3.0
2020_12_MIA_NYJ,2020,REG,12,MIA,20.0,NYJ,3.0,-17.0
2020_12_NO_DEN,2020,REG,12,NO,31.0,DEN,3.0,-28.0
2020_12_SF_LA,2020,REG,12,SF,23.0,LA,20.0,-3.0
2020_12_KC_TB,2020,REG,12,KC,27.0,TB,24.0,-3.0
2020_12_CHI_GB,2020,REG,12,CHI,25.0,GB,41.0,16.0
2020_12_SEA_PHI,2020,REG,12,SEA,23.0,PHI,17.0,-6.0
2020_12_BAL_PIT,2020,REG,12,BAL,14.0,PIT,19.0,5.0
2020_13_NO_ATL,2020,REG,13,NO,21.0,ATL,16.0,-5.0
2020_13_DET_CHI,2020,REG,13,DET,34.0,CHI,30.0,-4.0
2020_13_IND_HOU,2020,REG,13,IND,26.0,HOU,20.0,-6.0
2020_13_CIN_MIA,2020,REG,13,CIN,7.0,MIA,19.0,12.0
2020_13_JAX_MIN,2020,REG,13,JAX,24.0,MIN,27.0,3.0
2020_13_LV_NYJ,2020,REG,13,LV,31.0,NYJ,28.0,-3.0
2020_13_CLE_TEN,2020,REG,13,CLE,41.0,TEN,35.0,-6.0
2020_13_LA_ARI,2020,REG,13,LA,38.0,ARI,28.0,-10.0
2020_13_NYG_SEA,2020,REG,13,NYG,17.0,SEA,12.0,-5.0
2020_13_PHI_GB,2020,REG,13,PHI,16.0,GB,30.0,14.0
2020_13_NE_LAC,2020,REG,13,NE,45.0,LAC,0.0,-45.0
2020_13_DEN_KC,2020,REG,13,DEN,16.0,KC,22.0,6.0
2020_13_WAS_PIT,2020,REG,13,WAS,23.0,PIT,17.0,-6.0
2020_13_BUF_SF,2020,REG,13,BUF,34.0,SF,24.0,-10.0
2020_13_DAL_BAL,2020,REG,13,DAL,17.0,BAL,34.0,17.0
2020_14_NE_LA,2020,REG,14,NE,3.0,LA,24.0,21.0
2020_14_DEN_CAR,2020,REG,14,DEN,32.0,CAR,27.0,-5.0
2020_14_HOU_CHI,2020,REG,14,HOU,7.0,CHI,36.0,29.0
2020_14_DAL_CIN,2020,REG,14,DAL,30.0,CIN,7.0,-23.0
2020_14_TEN_JAX,2020,REG,14,TEN,31.0,JAX,10.0,-21.0
2020_14_KC_MIA,2020,REG,14,KC,33.0,MIA,27.0,-6.0
2020_14_ARI_NYG,2020,REG,14,ARI,26.0,NYG,7.0,-19.0
2020_14_MIN_TB,2020,REG,14,MIN,14.0,TB,26.0,12.0
2020_14_IND_LV,2020,REG,14,IND,44.0,LV,27.0,-17.0
2020_14_NYJ_SEA,2020,REG,14,NYJ,3.0,SEA,40.0,37.0
2020_14_GB_DET,2020,REG,14,GB,31.0,DET,24.0,-7.0
2020_14_ATL_LAC,2020,REG,14,ATL,17.0,LAC,20.0,3.0
2020_14_NO_PHI,2020,REG,14,NO,21.0,PHI,24.0,3.0
2020_14_WAS_SF,2020,REG,14,WAS,23.0,SF,15.0,-8.0
2020_14_PIT_BUF,2020,REG,14,PIT,15.0,BUF,26.0,11.0
2020_14_BAL_CLE,2020,REG,14,BAL,47.0,CLE,42.0,-5.0
2020_15_LAC_LV,2020,REG,15,LAC,30.0,LV,27.0,-3.0
2020_15_BUF_DEN,2020,REG,15,BUF,48.0,DEN,19.0,-29.0
2020_15_CAR_GB,2020,REG,15,CAR,16.0,GB,24.0,8.0
2020_15_TB_ATL,2020,REG,15,TB,31.0,ATL,27.0,-4.0
2020_15_JAX_BAL,2020,REG,15,JAX,14.0,BAL,40.0,26.0
2020_15_SF_DAL,2020,REG,15,SF,33.0,DAL,41.0,8.0
2020_15_HOU_IND,2020,REG,15,HOU,20.0,IND,27.0,7.0
2020_15_NE_MIA,2020,REG,15,NE,12.0,MIA,22.0,10.0
2020_15_CHI_MIN,2020,REG,15,CHI,33.0,MIN,27.0,-6.0
2020_15_DET_TEN,2020,REG,15,DET,25.0,TEN,46.0,21.0
2020_15_SEA_WAS,2020,REG,15,SEA,20.0,WAS,15.0,-5.0
2020_15_PHI_ARI,2020,REG,15,PHI,26.0,ARI,33.0,7.0
2020_15_NYJ_LA,2020,REG,15,NYJ,23.0,LA,20.0,-3.0
2020_15_KC_NO,2020,REG,15,KC,32.0,NO,29.0,-3.0
2020_15_CLE_NYG,2020,REG,15,CLE,20.0,NYG,6.0,-14.0
2020_15_PIT_CIN,2020,REG,15,PIT,17.0,CIN,27.0,10.0
2020_16_MIN_NO,2020,REG,16,MIN,33.0,NO,52.0,19.0
2020_16_TB_DET,2020,REG,16,TB,47.0,DET,7.0,-40.0
2020_16_SF_ARI,2020,REG,16,SF,20.0,ARI,12.0,-8.0
2020_16_MIA_LV,2020,REG,16,MIA,26.0,LV,25.0,-1.0
2020_16_NYG_BAL,2020,REG,16,NYG,13.0,BAL,27.0,14.0
2020_16_CIN_HOU,2020,REG,16,CIN,37.0,HOU,31.0,-6.0
2020_16_CHI_JAX,2020,REG,16,CHI,41.0,JAX,17.0,-24.0
2020_16_ATL_KC,2020,REG,16,ATL,14.0,KC,17.0,3.0
2020_16_CLE_NYJ,2020,REG,16,CLE,16.0,NYJ,23.0,7.0
2020_16_IND_PIT,2020,REG,16,IND,24.0,PIT,28.0,4.0
2020_16_DEN_LAC,2020,REG,16,DEN,16.0,LAC,19.0,3.0
2020_16_CAR_WAS,2020,REG,16,CAR,20.0,WAS,13.0,-7.0
2020_16_PHI_DAL,2020,REG,16,PHI,17.0,DAL,37.0,20.0
2020_16_LA_SEA,2020,REG,16,LA,9.0,SEA,20.0,11.0
2020_16_TEN_GB,2020,REG,16,TEN,14.0,GB,40.0,26.0
2020_16_BUF_NE,2020,REG,16,BUF,38.0,NE,9.0,-29.0
2020_17_MIA_BUF,2020,REG,17,MIA,26.0,BUF,56.0,30.0
2020_17_BAL_CIN,2020,REG,17,BAL,38.0,CIN,3.0,-35.0
2020_17_PIT_CLE,2020,REG,17,PIT,22.0,CLE,24.0,2.0
2020_17_MIN_DET,2020,REG,17,MIN,37.0,DET,35.0,-2.0
2020_17_NYJ_NE,2020,REG,17,NYJ,14.0,NE,28.0,14.0
2020_17_DAL_NYG,2020,REG,17,DAL,19.0,NYG,23.0,4.0
2020_17_ATL_TB,2020,REG,17,ATL,27.0,TB,44.0,17.0
2020_17_NO_CAR,2020,REG,17,NO,33.0,CAR,7.0,-26.0
2020_17_GB_CHI,2020,REG,17,GB,35.0,CHI,16.0,-19.0
2020_17_LV_DEN,2020,REG,17,LV,32.0,DEN,31.0,-1.0
2020_17_TEN_HOU,2020,REG,17,TEN,41.0,HOU,38.0,-3.0
2020_17_JAX_IND,2020,REG,17,JAX,14.0,IND,28.0,14.0
2020_17_LAC_KC,2020,REG,17,LAC,38.0,KC,21.0,-17.0
2020_17_ARI_LA,2020,REG,17,ARI,7.0,LA,18.0,11.0
2020_17_SEA_SF,2020,REG,17,SEA,26.0,SF,23.0,-3.0
2020_17_WAS_PHI,2020,REG,17,WAS,20.0,PHI,14.0,-6.0
2020_18_IND_BUF,2020,WC,18,IND,24.0,BUF,27.0,3.0
2020_18_LA_SEA,2020,WC,18,LA,30.0,SEA,20.0,-10.0
2020_18_TB_WAS,2020,WC,18,TB,31.0,WAS,23.0,-8.0
2020_18_BAL_TEN,2020,WC,18,BAL,20.0,TEN,13.0,-7.0
2020_18_CHI_NO,2020,WC,18,CHI,9.0,NO,21.0,12.0
2020_18_CLE_PIT,2020,WC,18,CLE,48.0,PIT,37.0,-11.0
2020_19_LA_GB,2020,DIV,19,LA,18.0,GB,32.0,14.0
2020_19_BAL_BUF,2020,DIV,19,BAL,3.0,BUF,17.0,14.0
2020_19_CLE_KC,2020,DIV,19,CLE,17.0,KC,22.0,5.0
2020_19_TB_NO,2020,DIV,19,TB,30.0,NO,20.0,-10.0
2020_20_TB_GB,2020,CON,20,TB,31.0,GB,26.0,-5.0
2020_20_BUF_KC,2020,CON,20,BUF,24.0,KC,38.0,14.0
2020_21_KC_TB,2020,SB,21,KC,9.0,TB,31.0,22.0
2021_01_DAL_TB,2021,REG,1,DAL,29.0,TB,31.0,2.0
2021_01_PHI_ATL,2021,REG,1,PHI,32.0,ATL,6.0,-26.0
2021_01_PIT_BUF,2021,REG,1,PIT,23.0,BUF,16.0,-7.0
2021_01_NYJ_CAR,2021,REG,1,NYJ,14.0,CAR,19.0,5.0
2021_01_MIN_CIN,2021,REG,1,MIN,24.0,CIN,27.0,3.0
2021_01_SF_DET,2021,REG,1,SF,41.0,DET,33.0,-8.0
2021_01_JAX_HOU,2021,REG,1,JAX,21.0,HOU,37.0,16.0
2021_01_SEA_IND,2021,REG,1,SEA,28.0,IND,16.0,-12.0
2021_01_ARI_TEN,2021,REG,1,ARI,38.0,TEN,13.0,-25.0
2021_01_LAC_WAS,2021,REG,1,LAC,20.0,WAS,16.0,-4.0
2021_01_CLE_KC,2021,REG,1,CLE,29.0,KC,33.0,4.0
2021_01_MIA_NE,2021,REG,1,MIA,17.0,NE,16.0,-1.0
2021_01_GB_NO,2021,REG,1,GB,3.0,NO,38.0,35.0
2021_01_DEN_NYG,2021,REG,1,DEN,27.0,NYG,13.0,-14.0
2021_01_CHI_LA,2021,REG,1,CHI,14.0,LA,34.0,20.0
2021_01_BAL_LV,2021,REG,1,BAL,27.0,LV,33.0,6.0
2021_02_NYG_WAS,2021,REG,2,NYG,29.0,WAS,30.0,1.0
2021_02_NO_CAR,2021,REG,2,NO,7.0,CAR,26.0,19.0
2021_02_CIN_CHI,2021,REG,2,CIN,17.0,CHI,20.0,3.0
2021_02_HOU_CLE,2021,REG,2,HOU,21.0,CLE,31.0,10.0
2021_02_LA_IND,2021,REG,2,LA,27.0,IND,24.0,-3.0
2021_02_DEN_JAX,2021,REG,2,DEN,23.0,JAX,13.0,-10.0
2021_02_BUF_MIA,2021,REG,2,BUF,35.0,MIA,0.0,-35.0
2021_02_NE_NYJ,2021,REG,2,NE,25.0,NYJ,6.0,-19.0
2021_02_SF_PHI,2021,REG,2,SF,17.0,PHI,11.0,-6.0
2021_02_LV_PIT,2021,REG,2,LV,26.0,PIT,17.0,-9.0
2021_02_MIN_ARI,2021,REG,2,MIN,33.0,ARI,34.0,1.0
2021_02_ATL_TB,2021,REG,2,ATL,25.0,TB,48.0,23.0
2021_02_DAL_LAC,2021,REG,2,DAL,20.0,LAC,17.0,-3.0
2021_02_TEN_SEA,2021,REG,2,TEN,33.0,SEA,30.0,-3.0
2021_02_KC_BAL,2021,REG,2,KC,35.0,BAL,36.0,1.0
2021_02_DET_GB,2021,REG,2,DET,17.0,GB,35.0,18.0
2021_03_CAR_HOU,2021,REG,3,CAR,24.0,HOU,9.0,-15.0
2021_03_WAS_BUF,2021,REG,3,WAS,21.0,BUF,43.0,22.0
2021_03_CHI_CLE,2021,REG,3,CHI,6.0,CLE,26.0,20.0
2021_03_BAL_DET,2021,REG,3,BAL,19.0,DET,17.0,-2.0
2021_03_ARI_JAX,2021,REG,3,ARI,31.0,JAX,19.0,-12.0
2021_03_LAC_KC,2021,REG,3,LAC,30.0,KC,24.0,-6.0
2021_03_NO_NE,2021,REG,3,NO,28.0,NE,13.0,-15.0
2021_03_ATL_NYG,2021,REG,3,ATL,17.0,NYG,14.0,-3.0
2021_03_CIN_PIT,2021,REG,3,CIN,24.0,PIT,10.0,-14.0
2021_03_IND_TEN,2021,REG,3,IND,16.0,TEN,25.0,9.0
2021_03_NYJ_DEN,2021,REG,3,NYJ,0.0,DEN,26.0,26.0
2021_03_MIA_LV,2021,REG,3,MIA,28.0,LV,31.0,3.0
2021_03_TB_LA,2021,REG,3,TB,24.0,LA,34.0,10.0
2021_03_SEA_MIN,2021,REG,3,SEA,17.0,MIN,30.0,13.0
2021_03_GB_SF,2021,REG,3,GB,30.0,SF,28.0,-2.0
2021_03_PHI_DAL,2021,REG,3,PHI,21.0,DAL,41.0,20.0
2021_04_JAX_CIN,2021,REG,4,JAX,21.0,CIN,24.0,3.0
2021_04_WAS_ATL,2021,REG,4,WAS,34.0,ATL,30.0,-4.0
2021_04_HOU_BUF,2021,REG,4,HOU,0.0,BUF,40.0,40.0
2021_04_DET_CHI,2021,REG,4,DET,14.0,CHI,24.0,10.0
2021_04_CAR_DAL,2021,REG,4,CAR,28.0,DAL,36.0,8.0
2021_04_IND_MIA,2021,REG,4,IND,27.0,MIA,17.0,-10.0
2021_04_CLE_MIN,2021,REG,4,CLE,14.0,MIN,7.0,-7.0
2021_04_NYG_NO,2021,REG,4,NYG,27.0,NO,21.0,-6.0
2021_04_TEN_NYJ,2021,REG,4,TEN,24.0,NYJ,27.0,3.0
2021_04_KC_PHI,2021,REG,4,KC,42.0,PHI,30.0,-12.0
2021_04_ARI_LA,2021,REG,4,ARI,37.0,LA,20.0,-17.0
2021_04_SEA_SF,2021,REG,4,SEA,28.0,SF,21.0,-7.0
2021_04_BAL_DEN,2021,REG,4,BAL,23.0,DEN,7.0,-16.0
2021_04_PIT_GB,2021,REG,4,PIT,17.0,GB,27.0,10.0
2021_04_TB_NE,2021,REG,4,TB,19.0,NE,17.0,-2.0
2021_04_LV_LAC,2021,REG,4,LV,14.0,LAC,28.0,14.0
2021_05_LA_SEA,2021,REG,5,LA,26.0,SEA,17.0,-9.0
2021_05_NYJ_ATL,2021,REG,5,NYJ,20.0,ATL,27.0,7.0
2021_05_PHI_CAR,2021,REG,5,PHI,21.0,CAR,18.0,-3.0
2021_05_GB_CIN,2021,REG,5,GB,25.0,CIN,22.0,-3.0
2021_05_NE_HOU,2021,REG,5,NE,25.0,HOU,22.0,-3.0
2021_05_TEN_JAX,2021,REG,5,TEN,37.0,JAX,19.0,-18.0
2021_05_DET_MIN,2021,REG,5,DET,17.0,MIN,19.0,2.0
2021_05_DEN_PIT,2021,REG,5,DEN,19.0,PIT,27.0,8.0
2021_05_MIA_TB,2021,REG,5,MIA,17.0,TB,45.0,28.0
2021_05_NO_WAS,2021,REG,5,NO,33.0,WAS,22.0,-11.0
2021_05_CLE_LAC,2021,REG,5,CLE,42.0,LAC,47.0,5.0
2021_05_CHI_LV,2021,REG,5,CHI,20.0,LV,9.0,-11.0
2021_05_SF_ARI,2021,REG,5,SF,10.0,ARI,17.0,7.0
2021_05_NYG_DAL,2021,REG,5,NYG,20.0,DAL,44.0,24.0
2021_05_BUF_KC,2021,REG,5,BUF,38.0,KC,20.0,-18.0
2021_05_IND_BAL,2021,REG,5,IND,25.0,BAL,31.0,6.0
2021_06_TB_PHI,2021,REG,6,TB,28.0,PHI,22.0,-6.0
2021_06_MIA_JAX,2021,REG,6,MIA,20.0,JAX,23.0,3.0
2021_06_LAC_BAL,2021,REG,6,LAC,6.0,BAL,34.0,28.0
2021_06_MIN_CAR,2021,REG,6,MIN,34.0,CAR,28.0,-6.0
2021_06_GB_CHI,2021,REG,6,GB,24.0,CHI,14.0,-10.0
2021_06_CIN_DET,2021,REG,6,CIN,34.0,DET,11.0,-23.0
2021_06_HOU_IND,2021,REG,6,HOU,3.0,IND,31.0,28.0
2021_06_LA_NYG,2021,REG,6,LA,38.0,NYG,11.0,-27.0
2021_06_KC_WAS,2021,REG,6,KC,31.0,WAS,13.0,-18.0
2021_06_ARI_CLE,2021,REG,6,ARI,37.0,CLE,14.0,-23.0
2021_06_LV_DEN,2021,REG,6,LV,34.0,DEN,24.0,-10.0
2021_06_DAL_NE,2021,REG,6,DAL,35.0,NE,29.0,-6.0
2021_06_SEA_PIT,2021,REG,6,SEA,20.0,PIT,23.0,3.0
2021_06_BUF_TEN,2021,REG,6,BUF,31.0,TEN,34.0,3.0
2021_07_DEN_CLE,2021,REG,7,DEN,14.0,CLE,17.0,3.0
2021_07_CIN_BAL,2021,REG,7,CIN,41.0,BAL,17.0,-24.0
2021_07_WAS_GB,2021,REG,7,WAS,10.0,GB,24.0,14.0
2021_07_ATL_MIA,2021,REG,7,ATL,30.0,MIA,28.0,-2.0
2021_07_NYJ_NE,2021,REG,7,NYJ,13.0,NE,54.0,41.0
2021_07_CAR_NYG,2021,REG,7,CAR,3.0,NYG,25.0,22.0
2021_07_KC_TEN,2021,REG,7,KC,3.0,TEN,27.0,24.0
2021_07_DET_LA,2021,REG,7,DET,19.0,LA,28.0,9.0
2021_07_PHI_LV,2021,REG,7,PHI,22.0,LV,33.0,11.0
2021_07_HOU_ARI,2021,REG,7,HOU,5.0,ARI,31.0,26.0
2021_07_CHI_TB,2021,REG,7,CHI,3.0,TB,38.0,35.0
2021_07_IND_SF,2021,REG,7,IND,30.0,SF,18.0,-12.0
2021_07_NO_SEA,2021,REG,7,NO,13.0,SEA,10.0,-3.0
2021_08_GB_ARI,2021,REG,8,GB,24.0,ARI,21.0,-3.0
2021_08_CAR_ATL,2021,REG,8,CAR,19.0,ATL,13.0,-6.0
2021_08_MIA_BUF,2021,REG,8,MIA,11.0,BUF,26.0,15.0
2021_08_SF_CHI,2021,REG,8,SF,33.0,CHI,22.0,-11.0
2021_08_PIT_CLE,2021,REG,8,PIT,15.0,CLE,10.0,-5.0
2021_08_PHI_DET,2021,REG,8,PHI,44.0,DET,6.0,-38.0
2021_08_LA_HOU,2021,REG,8,LA,38.0,HOU,22.0,-16.0
2021_08_TEN_IND,2021,REG,8,TEN,34.0,IND,31.0,-3.0
2021_08_CIN_NYJ,2021,REG,8,CIN,31.0,NYJ,34.0,3.0
2021_08_NE_LAC,2021,REG,8,NE,27.0,LAC,24.0,-3.0
2021_08_JAX_SEA,2021,REG,8,JAX,7.0,SEA,31.0,24.0
2021_08_WAS_DEN,2021,REG,8,WAS,10.0,DEN,17.0,7.0
2021_08_TB_NO,2021,REG,8,TB,27.0,NO,36.0,9.0
2021_08_DAL_MIN,2021,REG,8,DAL,20.0,MIN,16.0,-4.0
2021_08_NYG_KC,2021,REG,8,NYG,17.0,KC,20.0,3.0
2021_09_NYJ_IND,2021,REG,9,NYJ,30.0,IND,45.0,15.0
2021_09_MIN_BAL,2021,REG,9,MIN,31.0,BAL,34.0,3.0
2021_09_NE_CAR,2021,REG,9,NE,24.0,CAR,6.0,-18.0
2021_09_CLE_CIN,2021,REG,9,CLE,41.0,CIN,16.0,-25.0
2021_09_DEN_DAL,2021,REG,9,DEN,30.0,DAL,16.0,-14.0
2021_09_BUF_JAX,2021,REG,9,BUF,6.0,JAX,9.0,3.0
2021_09_HOU_MIA,2021,REG,9,HOU,9.0,MIA,17.0,8.0
2021_09_ATL_NO,2021,REG,9,ATL,27.0,NO,25.0,-2.0
2021_09_LV_NYG,2021,REG,9,LV,16.0,NYG,23.0,7.0
2021_09_LAC_PHI,2021,REG,9,LAC,27.0,PHI,24.0,-3.0
2021_09_GB_KC,2021,REG,9,GB,7.0,KC,13.0,6.0
2021_09_ARI_SF,2021,REG,9,ARI,31.0,SF,17.0,-14.0
2021_09_TEN_LA,2021,REG,9,TEN,28.0,LA,16.0,-12.0
2021_09_CHI_PIT,2021,REG,9,CHI,27.0,PIT,29.0,2.0
2021_10_BAL_MIA,2021,REG,10,BAL,10.0,MIA,22.0,12.0
2021_10_ATL_DAL,2021,REG,10,ATL,3.0,DAL,43.0,40.0
2021_10_JAX_IND,2021,REG,10,JAX,17.0,IND,23.0,6.0
2021_10_CLE_NE,2021,REG,10,CLE,7.0,NE,45.0,38.0
2021_10_BUF_NYJ,2021,REG,10,BUF,45.0,NYJ,17.0,-28.0
2021_10_DET_PIT,2021,REG,10,DET,16.0,PIT,16.0,0.0
2021_10_NO_TEN,2021,REG,10,NO,21.0,TEN,23.0,2.0
2021_10_TB_WAS,2021,REG,10,TB,19.0,WAS,29.0,10.0
2021_10_CAR_ARI,2021,REG,10,CAR,34.0,ARI,10.0,-24.0
2021_10_MIN_LAC,2021,REG,10,MIN,27.0,LAC,20.0,-7.0
2021_10_PHI_DEN,2021,REG,10,PHI,30.0,DEN,13.0,-17.0
2021_10_SEA_GB,2021,REG,10,SEA,0.0,GB,17.0,17.0
2021_10_KC_LV,2021,REG,10,KC,41.0,LV,14.0,-27.0
2021_10_LA_SF,2021,REG,10,LA,10.0,SF,31.0,21.0
2021_11_NE_ATL,2021,REG,11,NE,25.0,ATL,0.0,-25.0
2021_11_IND_BUF,2021,REG,11,IND,41.0,BUF,15.0,-26.0
2021_11_WAS_CAR,2021,REG,11,WAS,27.0,CAR,21.0,-6.0
2021_11_BAL_CHI,2021,REG,11,BAL,16.0,CHI,13.0,-3.0
2021_11_DET_CLE,2021,REG,11,DET,10.0,CLE,13.0,3.0
2021_11_SF_JAX,2021,REG,11,SF,30.0,JAX,10.0,-20.0
2021_11_GB_MIN,2021,REG,11,GB,31.0,MIN,34.0,3.0
2021_11_MIA_NYJ,2021,REG,11,MIA,24.0,NYJ,17.0,-7.0
2021_11_NO_PHI,2021,REG,11,NO,29.0,PHI,40.0,11.0
2021_11_HOU_TEN,2021,REG,11,HOU,22.0,TEN,13.0,-9.0
2021_11_CIN_LV,2021,REG,11,CIN,32.0,LV,13.0,-19.0
2021_11_DAL_KC,2021,REG,11,DAL,9.0,KC,19.0,10.0
2021_11_ARI_SEA,2021,REG,11,ARI,23.0,SEA,13.0,-10.0
2021_11_PIT_LAC,2021,REG,11,PIT,37.0,LAC,41.0,4.0
2021_11_NYG_TB,2021,REG,11,NYG,10.0,TB,30.0,20.0
2021_12_CHI_DET,2021,REG,12,CHI,16.0,DET,14.0,-2.0
2021_12_LV_DAL,2021,REG,12,LV,36.0,DAL,33.0,-3.0
2021_12_BUF_NO,2021,REG,12,BUF,31.0,NO,6.0,-25.0
2021_12_PIT_CIN,2021,REG,12,PIT,10.0,CIN,41.0,31.0
2021_12_NYJ_HOU,2021,REG,12,NYJ,21.0,HOU,14.0,-7.0
2021_12_TB_IND,2021,REG,12,TB,38.0,IND,31.0,-7.0
2021_12_ATL_JAX,2021,REG,12,ATL,21.0,JAX,14.0,-7.0
2021_12_CAR_MIA,2021,REG,12,CAR,10.0,MIA,33.0,23.0
2021_12_TEN_NE,2021,REG,12,TEN,13.0,NE,36.0,23.0
2021_12_PHI_NYG,2021,REG,12,PHI,7.0,NYG,13.0,6.0
2021_12_LAC_DEN,2021,REG,12,LAC,13.0,DEN,28.0,15.0
2021_12_LA_GB,2021,REG,12,LA,28.0,GB,36.0,8.0
2021_12_MIN_SF,2021,REG,12,MIN,26.0,SF,34.0,8.0
2021_12_CLE_BAL,2021,REG,12,CLE,10.0,BAL,16.0,6.0
2021_12_SEA_WAS,2021,REG,12,SEA,15.0,WAS,17.0,2.0
2021_13_DAL_NO,2021,REG,13,DAL,27.0,NO,17.0,-10.0
2021_13_TB_ATL,2021,REG,13,TB,30.0,ATL,17.0,-13.0
2021_13_ARI_CHI,2021,REG,13,ARI,33.0,CHI,22.0,-11.0
2021_13_LAC_CIN,2021,REG,13,LAC,41.0,CIN,22.0,-19.0
2021_13_MIN_DET,2021,REG,13,MIN,27.0,DET,29.0,2.0
2021_13_IND_HOU,2021,REG,13,IND,31.0,HOU,0.0,-31.0
2021_13_NYG_MIA,2021,REG,13,NYG,9.0,MIA,20.0,11.0
2021_13_PHI_NYJ,2021,REG,13,PHI,33.0,NYJ,18.0,-15.0
2021_13_JAX_LA,2021,REG,13,JAX,7.0,LA,37.0,30.0
2021_13_WAS_LV,2021,REG,13,WAS,17.0,LV,15.0,-2.0
2021_13_BAL_PIT,2021,REG,13,BAL,19.0,PIT,20.0,1.0
2021_13_SF_SEA,2021,REG,13,SF,23.0,SEA,30.0,7.0
2021_13_DEN_KC,2021,REG,13,DEN,9.0,KC,22.0,13.0
2021_13_NE_BUF,2021,REG,13,NE,14.0,BUF,10.0,-4.0
2021_14_PIT_MIN,2021,REG,14,PIT,28.0,MIN,36.0,8.0
2021_14_ATL_CAR,2021,REG,14,ATL,29.0,CAR,21.0,-8.0
2021_14_BAL_CLE,2021,REG,14,BAL,22.0,CLE,24.0,2.0
2021_14_SEA_HOU,2021,REG,14,SEA,33.0,HOU,13.0,-20.0
2021_14_LV_KC,2021,REG,14,LV,9.0,KC,48.0,39.0
2021_14_NO_NYJ,2021,REG,14,NO,30.0,NYJ,9.0,-21.0
2021_14_JAX_TEN,2021,REG,14,JAX,0.0,TEN,20.0,20.0
2021_14_DAL_WAS,2021,REG,14,DAL,27.0,WAS,20.0,-7.0
2021_14_DET_DEN,2021,REG,14,DET,10.0,DEN,38.0,28.0
2021_14_NYG_LAC,2021,REG,14,NYG,21.0,LAC,37.0,16.0
2021_14_SF_CIN,2021,REG,14,SF,26.0,CIN,23.0,-3.0
2021_14_BUF_TB,2021,REG,14,BUF,27.0,TB,33.0,6.0
2021_14_CHI_GB,2021,REG,14,CHI,30.0,GB,45.0,15.0
2021_14_LA_ARI,2021,REG,14,LA,30.0,ARI,23.0,-7.0
2021_15_KC_LAC,2021,REG,15,KC,34.0,LAC,28.0,-6.0
2021_15_NE_IND,2021,REG,15,NE,17.0,IND,27.0,10.0
2021_15_CAR_BUF,2021,REG,15,CAR,14.0,BUF,31.0,17.0
2021_15_ARI_DET,2021,REG,15,ARI,12.0,DET,30.0,18.0
2021_15_HOU_JAX,2021,REG,15,HOU,30.0,JAX,16.0,-14.0
2021_15_NYJ_MIA,2021,REG,15,NYJ,24.0,MIA,31.0,7.0
2021_15_DAL_NYG,2021,REG,15,DAL,21.0,NYG,6.0,-15.0
2021_15_TEN_PIT,2021,REG,15,TEN,13.0,PIT,19.0,6.0
2021_15_CIN_DEN,2021,REG,15,CIN,15.0,DEN,10.0,-5.0
2021_15_ATL_SF,2021,REG,15,ATL,13.0,SF,31.0,18.0
2021_15_GB_BAL,2021,REG,15,GB,31.0,BAL,30.0,-1.0
2021_15_NO_TB,2021,REG,15,NO,9.0,TB,0.0,-9.0
2021_15_LV_CLE,2021,REG,15,LV,16.0,CLE,14.0,-2.0
2021_15_MIN_CHI,2021,REG,15,MIN,17.0,CHI,9.0,-8.0
2021_15_SEA_LA,2021,REG,15,SEA,10.0,LA,20.0,10.0
2021_15_WAS_PHI,2021,REG,15,WAS,17.0,PHI,27.0,10.0
2021_16_SF_TEN,2021,REG,16,SF,17.0,TEN,20.0,3.0
2021_16_CLE_GB,2021,REG,16,CLE,22.0,GB,24.0,2.0
2021_16_IND_ARI,2021,REG,16,IND,22.0,ARI,16.0,-6.0
2021_16_DET_ATL,2021,REG,16,DET,16.0,ATL,20.0,4.0
2021_16_TB_CAR,2021,REG,16,TB,32.0,CAR,6.0,-26.0
2021_16_BAL_CIN,2021,REG,16,BAL,21.0,CIN,41.0,20.0
2021_16_LAC_HOU,2021,REG,16,LAC,29.0,HOU,41.0,12.0
2021_16_LA_MIN,2021,REG,16,LA,30.0,MIN,23.0,-7.0
2021_16_BUF_NE,2021,REG,16,BUF,33.0,NE,21.0,-12.0
2021_16_JAX_NYJ,2021,REG,16,JAX,21.0,NYJ,26.0,5.0
2021_16_NYG_PHI,2021,REG,16,NYG,10.0,PHI,34.0,24.0
2021_16_CHI_SEA,2021,REG,16,CHI,25.0,SEA,24.0,-1.0
2021_16_PIT_KC,2021,REG,16,PIT,10.0,KC,36.0,26.0
2021_16_DEN_LV,2021,REG,16,DEN,13.0,LV,17.0,4.0
2021_16_WAS_DAL,2021,REG,16,WAS,14.0,DAL,56.0,42.0
2021_16_MIA_NO,2021,REG,16,MIA,20.0,NO,3.0,-17.0
2021_17_LA_BAL,2021,REG,17,LA,20.0,BAL,19.0,-1.0
2021_17_ATL_BUF,2021,REG,17,ATL,15.0,BUF,29.0,14.0
2021_17_NYG_CHI,2021,REG,17,NYG,3.0,CHI,29.0,26.0
2021_17_KC_CIN,2021,REG,17,KC,31.0,CIN,34.0,3.0
2021_17_LV_IND,2021,REG,17,LV,23.0,IND,20.0,-3.0
2021_17_JAX_NE,2021,REG,17,JAX,10.0,NE,50.0,40.0
2021_17_TB_NYJ,2021,REG,17,TB,28.0,NYJ,24.0,-4.0
2021_17_MIA_TEN,2021,REG,17,MIA,3.0,TEN,34.0,31.0
2021_17_PHI_WAS,2021,REG,17,PHI,20.0,WAS,16.0,-4.0
2021_17_DEN_LAC,2021,REG,17,DEN,13.0,LAC,34.0,21.0
2021_17_HOU_SF,2021,REG,17,HOU,7.0,SF,23.0,16.0
2021_17_ARI_DAL,2021,REG,17,ARI,25.0,DAL,22.0,-3.0
2021_17_CAR_NO,2021,REG,17,CAR,10.0,NO,18.0,8.0
2021_17_DET_SEA,2021,REG,17,DET,29.0,SEA,51.0,22.0
2021_17_MIN_GB,2021,REG,17,MIN,10.0,GB,37.0,27.0
2021_17_CLE_PIT,2021,REG,17,CLE,14.0,PIT,26.0,12.0
2021_18_KC_DEN,2021,REG,18,KC,28.0,DEN,24.0,-4.0
2021_18_DAL_PHI,2021,REG,18,DAL,51.0,PHI,26.0,-25.0
2021_18_PIT_BAL,2021,REG,18,PIT,16.0,BAL,13.0,-3.0
2021_18_CIN_CLE,2021,REG,18,CIN,16.0,CLE,21.0,5.0
2021_18_GB_DET,2021,REG,18,GB,30.0,DET,37.0,7.0
2021_18_TEN_HOU,2021,REG,18,TEN,28.0,HOU,25.0,-3.0
2021_18_IND_JAX,2021,REG,18,IND,11.0,JAX,26.0,15.0
2021_18_CHI_MIN,2021,REG,18,CHI,17.0,MIN,31.0,14.0
2021_18_WAS_NYG,2021,REG,18,WAS,22.0,NYG,7.0,-15.0
2021_18_SEA_ARI,2021,REG,18,SEA,38.0,ARI,30.0,-8.0
2021_18_NO_ATL,2021,REG,18,NO,30.0,ATL,20.0,-10.0
2021_18_NYJ_BUF,2021,REG,18,NYJ,10.0,BUF,27.0,17.0
2021_18_SF_LA,2021,REG,18,SF,27.0,LA,24.0,-3.0
2021_18_NE_MIA,2021,REG,18,NE,24.0,MIA,33.0,9.0
2021_18_CAR_TB,2021,REG,18,CAR,17.0,TB,41.0,24.0
2021_18_LAC_LV,2021,REG,18,LAC,32.0,LV,35.0,3.0
2021_19_LV_CIN,2021,WC,19,LV,19.0,CIN,26.0,7.0
2021_19_NE_BUF,2021,WC,19,NE,17.0,BUF,47.0,30.0
2021_19_PHI_TB,2021,WC,19,PHI,15.0,TB,31.0,16.0
2021_19_SF_DAL,2021,WC,19,SF,23.0,DAL,17.0,-6.0
2021_19_PIT_KC,2021,WC,19,PIT,21.0,KC,42.0,21.0
2021_19_ARI_LA,2021,WC,19,ARI,11.0,LA,34.0,23.0
2021_20_CIN_TEN,2021,DIV,20,CIN,19.0,TEN,16.0,-3.0
2021_20_SF_GB,2021,DIV,20,SF,13.0,GB,10.0,-3.0
2021_20_LA_TB,2021,DIV,20,LA,30.0,TB,27.0,-3.0
2021_20_BUF_KC,2021,DIV,20,BUF,36.0,KC,42.0,6.0
2021_21_CIN_KC,2021,CON,21,CIN,27.0,KC,24.0,-3.0
2021_21_SF_LA,2021,CON,21,SF,17.0,LA,20.0,3.0
2021_22_LA_CIN,2021,SB,22,LA,23.0,CIN,20.0,-3.0
2022_01_BUF_LA,2022,REG,1,BUF,31.0,LA,10.0,-21.0
2022_01_NO_ATL,2022,REG,1,NO,27.0,ATL,26.0,-1.0
2022_01_CLE_CAR,2022,REG,1,CLE,26.0,CAR,24.0,-2.0
2022_01_SF_CHI,2022,REG,1,SF,10.0,CHI,19.0,9.0
2022_01_PIT_CIN,2022,REG,1,PIT,23.0,CIN,20.0,-3.0
2022_01_PHI_DET,2022,REG,1,PHI,38.0,DET,35.0,-3.0
2022_01_IND_HOU,2022,REG,1,IND,20.0,HOU,20.0,0.0
2022_01_NE_MIA,2022,REG,1,NE,7.0,MIA,20.0,13.0
2022_01_BAL_NYJ,2022,REG,1,BAL,24.0,NYJ,9.0,-15.0
2022_01_JAX_WAS,2022,REG,1,JAX,22.0,WAS,28.0,6.0
2022_01_KC_ARI,2022,REG,1,KC,44.0,ARI,21.0,-23.0
2022_01_LV_LAC,2022,REG,1,LV,19.0,LAC,24.0,5.0
2022_01_GB_MIN,2022,REG,1,GB,7.0,MIN,23.0,16.0
2022_01_NYG_TEN,2022,REG,1,NYG,21.0,TEN,20.0,-1.0
2022_01_TB_DAL,2022,REG,1,TB,19.0,DAL,3.0,-16.0
2022_01_DEN_SEA,2022,REG,1,DEN,16.0,SEA,17.0,1.0
2022_02_LAC_KC,2022,REG,2,LAC,24.0,KC,27.0,3.0
2022_02_MIA_BAL,2022,REG,2,MIA,42.0,BAL,38.0,-4.0
2022_02_NYJ_CLE,2022,REG,2,NYJ,31.0,CLE,30.0,-1.0
2022_02_WAS_DET,2022,REG,2,WAS,27.0,DET,36.0,9.0
2022_02_IND_JAX,2022,REG,2,IND,0.0,JAX,24.0,24.0
2022_02_TB_NO,2022,REG,2,TB,20.0,NO,10.0,-10.0
2022_02_CAR_NYG,2022,REG,2,CAR,16.0,NYG,19.0,3.0
2022_02_NE_PIT,2022,REG,2,NE,17.0,PIT,14.0,-3.0
2022_02_ATL_LA,2022,REG,2,ATL,27.0,LA,31.0,4.0
2022_02_SEA_SF,2022,REG,2,SEA,7.0,SF,27.0,20.0
2022_02_CIN_DAL,2022,REG,2,CIN,17.0,DAL,20.0,3.0
2022_02_HOU_DEN,2022,REG,2,HOU,9.0,DEN,16.0,7.0
2022_02_ARI_LV,2022,REG,2,ARI,29.0,LV,23.0,-6.0
2022_02_CHI_GB,2022,REG,2,CHI,10.0,GB,27.0,17.0
2022_02_TEN_BUF,2022,REG,2,TEN,7.0,BUF,41.0,34.0
2022_02_MIN_PHI,2022,REG,2,MIN,7.0,PHI,24.0,17.0
2022_03_PIT_CLE,2022,REG,3,PIT,17.0,CLE,29.0,12.0
2022_03_NO_CAR,2022,REG,3,NO,14.0,CAR,22.0,8.0
2022_03_HOU_CHI,2022,REG,3,HOU,20.0,CHI,23.0,3.0
2022_03_KC_IND,2022,REG,3,KC,17.0,IND,20.0,3.0
2022_03_BUF_MIA,2022,REG,3,BUF,19.0,MIA,21.0,2.0
2022_03_DET_MIN,2022,REG,3,DET,24.0,MIN,28.0,4.0
2022_03_BAL_NE,2022,REG,3,BAL,37.0,NE,26.0,-11.0
2022_03_CIN_NYJ,2022,REG,3,CIN,27.0,NYJ,12.0,-15.0
2022_03_LV_TEN,2022,REG,3,LV,22.0,TEN,24.0,2.0
2022_03_PHI_WAS,2022,REG,3,PHI,24.0,WAS,8.0,-16.0
2022_03_JAX_LAC,2022,REG,3,JAX,38.0,LAC,10.0,-28.0
2022_03_LA_ARI,2022,REG,3,LA,20.0,ARI,12.0,-8.0
2022_03_ATL_SEA,2022,REG,3,ATL,27.0,SEA,23.0,-4.0
2022_03_GB_TB,2022,REG,3,GB,14.0,TB,12.0,-2.0
2022_03_SF_DEN,2022,REG,3,SF,10.0,DEN,11.0,1.0
2022_03_DAL_NYG,2022,REG,3,DAL,23.0,NYG,16.0,-7.0
2022_04_MIA_CIN,2022,REG,4,MIA,15.0,CIN,27.0,12.0
2022_04_MIN_NO,2022,REG,4,MIN,28.0,NO,25.0,-3.0
2022_04_CLE_ATL,2022,REG,4,CLE,20.0,ATL,23.0,3.0
2022_04_BUF_BAL,2022,REG,4,BUF,23.0,BAL,20.0,-3.0
2022_04_WAS_DAL,2022,REG,4,WAS,10.0,DAL,25.0,15.0
2022_04_SEA_DET,2022,REG,4,SEA,48.0,DET,45.0,-3.0
2022_04_LAC_HOU,2022,REG,4,LAC,34.0,HOU,24.0,-10.0
2022_04_TEN_IND,2022,REG,4,TEN,24.0,IND,17.0,-7.0
2022_04_CHI_NYG,2022,REG,4,CHI,12.0,NYG,20.0,8.0
2022_04_JAX_PHI,2022,REG,4,JAX,21.0,PHI,29.0,8.0
2022_04_NYJ_PIT,2022,REG,4,NYJ,24.0,PIT,20.0,-4.0
2022_04_ARI_CAR,2022,REG,4,ARI,26.0,CAR,16.0,-10.0
2022_04_NE_GB,2022,REG,4,NE,24.0,GB,27.0,3.0
2022_04_DEN_LV,2022,REG,4,DEN,23.0,LV,32.0,9.0
2022_04_KC_TB,2022,REG,4,KC,41.0,TB,31.0,-10.0
2022_04_LA_SF,2022,REG,4,LA,9.0,SF,24.0,15.0
2022_05_IND_DEN,2022,REG,5,IND,12.0,DEN,9.0,-3.0
2022_05_NYG_GB,2022,REG,5,NYG,27.0,GB,22.0,-5.0
2022_05_PIT_BUF,2022,REG,5,PIT,3.0,BUF,38.0,35.0
2022_05_LAC_CLE,2022,REG,5,LAC,30.0,CLE,28.0,-2.0
2022_05_HOU_JAX,2022,REG,5,HOU,13.0,JAX,6.0,-7.0
2022_05_CHI_MIN,2022,REG,5,CHI,22.0,MIN,29.0,7.0
2022_05_DET_NE,2022,REG,5,DET,0.0,NE,29.0,29.0
2022_05_SEA_NO,2022,REG,5,SEA,32.0,NO,39.0,7.0
2022_05_MIA_NYJ,2022,REG,5,MIA,17.0,NYJ,40.0,23.0
2022_05_ATL_TB,2022,REG,5,ATL,15.0,TB,21.0,6.0
2022_05_TEN_WAS,2022,REG,5,TEN,21.0,WAS,17.0,-4.0
2022_05_SF_CAR,2022,REG,5,SF,37.0,CAR,15.0,-22.0
2022_05_PHI_ARI,2022,REG,5,PHI,20.0,ARI,17.0,-3.0
2022_05_DAL_LA,2022,REG,5,DAL,22.0,LA,10.0,-12.0
2022_05_CIN_BAL,2022,REG,5,CIN,17.0,BAL,19.0,2.0
2022_05_LV_KC,2022,REG,5,LV,29.0,KC,30.0,1.0
2022_06_WAS_CHI,2022,REG,6,WAS,12.0,CHI,7.0,-5.0
2022_06_SF_ATL,2022,REG,6,SF,14.0,ATL,28.0,14.0
2022_06_NE_CLE,2022,REG,6,NE,38.0,CLE,15.0,-23.0
2022_06_NYJ_GB,2022,REG,6,NYJ,27.0,GB,10.0,-17.0
2022_06_JAX_IND,2022,REG,6,JAX,27.0,IND,34.0,7.0
2022_06_MIN_MIA,2022,REG,6,MIN,24.0,MIA,16.0,-8.0
2022_06_CIN_NO,2022,REG,6,CIN,30.0,NO,26.0,-4.0
2022_06_BAL_NYG,2022,REG,6,BAL,20.0,NYG,24.0,4.0
2022_06_TB_PIT,2022,REG,6,TB,18.0,PIT,20.0,2.0
2022_06_CAR_LA,2022,REG,6,CAR,10.0,LA,24.0,14.0
2022_06_ARI_SEA,2022,REG,6,ARI,9.0,SEA,19.0,10.0
2022_06_BUF_KC,2022,REG,6,BUF,24.0,KC,20.0,-4.0
2022_06_DAL_PHI,2022,REG,6,DAL,17.0,PHI,26.0,9.0
2022_06_DEN_LAC,2022,REG,6,DEN,16.0,LAC,19.0,3.0
2022_07_NO_ARI,2022,REG,7,NO,34.0,ARI,42.0,8.0
2022_07_CLE_BAL,2022,REG,7,CLE,20.0,BAL,23.0,3.0
2022_07_TB_CAR,2022,REG,7,TB,3.0,CAR,21.0,18.0
2022_07_ATL_CIN,2022,REG,7,ATL,17.0,CIN,35.0,18.0
2022_07_DET_DAL,2022,REG,7,DET,6.0,DAL,24.0,18.0
2022_07_NYG_JAX,2022,REG,7,NYG,23.0,JAX,17.0,-6.0
2022_07_IND_TEN,2022,REG,7,IND,10.0,TEN,19.0,9.0
2022_07_GB_WAS,2022,REG,7,GB,21.0,WAS,23.0,2.0
2022_07_NYJ_DEN,2022,REG,7,NYJ,16.0,DEN,9.0,-7.0
2022_07_HOU_LV,2022,REG,7,HOU,20.0,LV,38.0,18.0
2022_07_SEA_LAC,2022,REG,7,SEA,37.0,LAC,23.0,-14.0
2022_07_KC_SF,2022,REG,7,KC,44.0,SF,23.0,-21.0
2022_07_PIT_MIA,2022,REG,7,PIT,10.0,MIA,16.0,6.0
2022_07_CHI_NE,2022,REG,7,CHI,33.0,NE,14.0,-19.0
2022_08_BAL_TB,2022,REG,8,BAL,27.0,TB,22.0,-5.0
2022_08_DEN_JAX,2022,REG,8,DEN,21.0,JAX,17.0,-4.0
2022_08_CAR_ATL,2022,REG,8,CAR,34.0,ATL,37.0,3.0
2022_08_CHI_DAL,2022,REG,8,CHI,29.0,DAL,49.0,20.0
2022_08_MIA_DET,2022,REG,8,MIA,31.0,DET,27.0,-4.0
2022_08_ARI_MIN,2022,REG,8,ARI,26.0,MIN,34.0,8.0
2022_08_LV_NO,2022,REG,8,LV,0.0,NO,24.0,24.0
2022_08_NE_NYJ,2022,REG,8,NE,22.0,NYJ,17.0,-5.0
2022_08_PIT_PHI,2022,REG,8,PIT,13.0,PHI,35.0,22.0
2022_08_TEN_HOU,2022,REG,8,TEN,17.0,HOU,10.0,-7.0
2022_08_WAS_IND,2022,REG,8,WAS,17.0,IND,16.0,-1.0
2022_08_SF_LA,2022,REG,8,SF,31.0,LA,14.0,-17.0
2022_08_NYG_SEA,2022,REG,8,NYG,13.0,SEA,27.0,14.0
2022_08_GB_BUF,2022,REG,8,GB,17.0,BUF,27.0,10.0
2022_08_CIN_CLE,2022,REG,8,CIN,13.0,CLE,32.0,19.0
2022_09_PHI_HOU,2022,REG,9,PHI,29.0,HOU,17.0,-12.0
2022_09_LAC_ATL,2022,REG,9,LAC,20.0,ATL,17.0,-3.0
2022_09_MIA_CHI,2022,REG,9,MIA,35.0,CHI,32.0,-3.0
2022_09_CAR_CIN,2022,REG,9,CAR,21.0,CIN,42.0,21.0
2022_09_GB_DET,2022,REG,9,GB,9.0,DET,15.0,6.0
2022_09_LV_JAX,2022,REG,9,LV,20.0,JAX,27.0,7.0
2022_09_IND_NE,2022,REG,9,IND,3.0,NE,26.0,23.0
2022_09_BUF_NYJ,2022,REG,9,BUF,17.0,NYJ,20.0,3.0
2022_09_MIN_WAS,2022,REG,9,MIN,20.0,WAS,17.0,-3.0
2022_09_SEA_ARI,2022,REG,9,SEA,31.0,ARI,21.0,-10.0
2022_09_LA_TB,2022,REG,9,LA,13.0,TB,16.0,3.0
2022_09_TEN_KC,2022,REG,9,TEN,17.0,KC,20.0,3.0
2022_09_BAL_NO,2022,REG,9,BAL,27.0,NO,13.0,-14.0
2022_10_ATL_CAR,2022,REG,10,ATL,15.0,CAR,25.0,10.0
2022_10_SEA_TB,2022,REG,10,SEA,16.0,TB,21.0,5.0
2022_10_MIN_BUF,2022,REG,10,MIN,33.0,BUF,30.0,-3.0
2022_10_DET_CHI,2022,REG,10,DET,31.0,CHI,30.0,-1.0
2022_10_JAX_KC,2022,REG,10,JAX,17.0,KC,27.0,10.0
2022_10_CLE_MIA,2022,REG,10,CLE,17.0,MIA,39.0,22.0
2022_10_HOU_NYG,2022,REG,10,HOU,16.0,NYG,24.0,8.0
2022_10_NO_PIT,2022,REG,10,NO,10.0,PIT,20.0,10.0
2022_10_DEN_TEN,2022,REG,10,DEN,10.0,TEN,17.0,7.0
2022_10_IND_LV,2022,REG,10,IND,25.0,LV,20.0,-5.0
2022_10_DAL_GB,2022,REG,10,DAL,28.0,GB,31.0,3.0
2022_10_ARI_LA,2022,REG,10,ARI,27.0,LA,17.0,-10.0
2022_10_LAC_SF,2022,REG,10,LAC,16.0,SF,22.0,6.0
2022_10_WAS_PHI,2022,REG,10,WAS,32.0,PHI,21.0,-11.0
2022_11_TEN_GB,2022,REG,11,TEN,27.0,GB,17.0,-10.0
2022_11_CHI_ATL,2022,REG,11,CHI,24.0,ATL,27.0,3.0
2022_11_CAR_BAL,2022,REG,11,CAR,3.0,BAL,13.0,10.0
2022_11_CLE_BUF,2022,REG,11,CLE,23.0,BUF,31.0,8.0
2022_11_WAS_HOU,2022,REG,11,WAS,23.0,HOU,10.0,-13.0
2022_11_PHI_IND,2022,REG,11,PHI,17.0,IND,16.0,-1.0
2022_11_NYJ_NE,2022,REG,11,NYJ,3.0,NE,10.0,7.0
2022_11_LA_NO,2022,REG,11,LA,20.0,NO,27.0,7.0
2022_11_DET_NYG,2022,REG,11,DET,31.0,NYG,18.0,-13.0
2022_11_LV_DEN,2022,REG,11,LV,22.0,DEN,16.0,-6.0
2022_11_DAL_MIN,2022,REG,11,DAL,40.0,MIN,3.0,-37.0
2022_11_CIN_PIT,2022,REG,11,CIN,37.0,PIT,30.0,-7.0
2022_11_KC_LAC,2022,REG,11,KC,30.0,LAC,27.0,-3.0
2022_11_SF_ARI,2022,REG,11,SF,38.0,ARI,10.0,-28.0
2022_12_BUF_DET,2022,REG,12,BUF,28.0,DET,25.0,-3.0
2022_12_NYG_DAL,2022,REG,12,NYG,20.0,DAL,28.0,8.0
2022_12_NE_MIN,2022,REG,12,NE,26.0,MIN,33.0,7.0
2022_12_DEN_CAR,2022,REG,12,DEN,10.0,CAR,23.0,13.0
2022_12_TB_CLE,2022,REG,12,TB,17.0,CLE,23.0,6.0
2022_12_BAL_JAX,2022,REG,12,BAL,27.0,JAX,28.0,1.0
2022_12_HOU_MIA,2022,REG,12,HOU,15.0,MIA,30.0,15.0
2022_12_CHI_NYJ,2022,REG,12,CHI,10.0,NYJ,31.0,21.0
2022_12_CIN_TEN,2022,REG,12,CIN,20.0,TEN,16.0,-4.0
2022_12_ATL_WAS,2022,REG,12,ATL,13.0,WAS,19.0,6.0
2022_12_LAC_ARI,2022,REG,12,LAC,25.0,ARI,24.0,-1.0
2022_12_LV_SEA,2022,REG,12,LV,40.0,SEA,34.0,-6.0
2022_12_LA_KC,2022,REG,12,LA,10.0,KC,26.0,16.0
2022_12_NO_SF,2022,REG,12,NO,0.0,SF,13.0,13.0
2022_12_GB_PHI,2022,REG,12,GB,33.0,PHI,40.0,7.0
2022_12_PIT_IND,2022,REG,12,PIT,24.0,IND,17.0,-7.0
2022_13_BUF_NE,2022,REG,13,BUF,24.0,NE,10.0,-14.0
2022_13_PIT_ATL,2022,REG,13,PIT,19.0,ATL,16.0,-3.0
2022_13_DEN_BAL,2022,REG,13,DEN,9.0,BAL,10.0,1.0
2022_13_GB_CHI,2022,REG,13,GB,28.0,CHI,19.0,-9.0
2022_13_JAX_DET,2022,REG,13,JAX,14.0,DET,40.0,26.0
2022_13_CLE_HOU,2022,REG,13,CLE,27.0,HOU,14.0,-13.0
2022_13_NYJ_MIN,2022,REG,13,NYJ,22.0,MIN,27.0,5.0
2022_13_WAS_NYG,2022,REG,13,WAS,20.0,NYG,20.0,0.0
2022_13_TEN_PHI,2022,REG,13,TEN,10.0,PHI,35.0,25.0
2022_13_SEA_LA,2022,REG,13,SEA,27.0,LA,23.0,-4.0
2022_13_MIA_SF,2022,REG,13,MIA,17.0,SF,33.0,16.0
2022_13_KC_CIN,2022,REG,13,KC,24.0,CIN,27.0,3.0
2022_13_LAC_LV,2022,REG,13,LAC,20.0,LV,27.0,7.0
2022_13_IND_DAL,2022,REG,13,IND,19.0,DAL,54.0,35.0
2022_13_NO_TB,2022,REG,13,NO,16.0,TB,17.0,1.0
2022_14_LV_LA,2022,REG,14,LV,16.0,LA,17.0,1.0
2022_14_NYJ_BUF,2022,REG,14,NYJ,12.0,BUF,20.0,8.0
2022_14_CLE_CIN,2022,REG,14,CLE,10.0,CIN,23.0,13.0
2022_14_HOU_DAL,2022,REG,14,HOU,23.0,DAL,27.0,4.0
2022_14_MIN_DET,2022,REG,14,MIN,23.0,DET,34.0,11.0
2022_14_PHI_NYG,2022,REG,14,PHI,48.0,NYG,22.0,-26.0
2022_14_BAL_PIT,2022,REG,14,BAL,16.0,PIT,14.0,-2.0
2022_14_JAX_TEN,2022,REG,14,JAX,36.0,TEN,22.0,-14.0
2022_14_KC_DEN,2022,REG,14,KC,34.0,DEN,28.0,-6.0
2022_14_CAR_SEA,2022,REG,14,CAR,30.0,SEA,24.0,-6.0
2022_14_TB_SF,2022,REG,14,TB,7.0,SF,35.0,28.0
2022_14_MIA_LAC,2022,REG,14,MIA,17.0,LAC,23.0,6.0
2022_14_NE_ARI,2022,REG,14,NE,27.0,ARI,13.0,-14.0
2022_15_SF_SEA,2022,REG,15,SF,21.0,SEA,13.0,-8.0
2022_15_IND_MIN,2022,REG,15,IND,36.0,MIN,39.0,3.0
2022_15_BAL_CLE,2022,REG,15,BAL,3.0,CLE,13.0,10.0
2022_15_MIA_BUF,2022,REG,15,MIA,29.0,BUF,32.0,3.0
2022_15_PIT_CAR,2022,REG,15,PIT,24.0,CAR,16.0,-8.0
2022_15_PHI_CHI,2022,REG,15,PHI,25.0,CHI,20.0,-5.0
2022_15_KC_HOU,2022,REG,15,KC,30.0,HOU,24.0,-6.0
2022_15_DAL_JAX,2022,REG,15,DAL,34.0,JAX,40.0,6.0
2022_15_ATL_NO,2022,REG,15,ATL,18.0,NO,21.0,3.0
2022_15_DET_NYJ,2022,REG,15,DET,20.0,NYJ,17.0,-3.0
2022_15_ARI_DEN,2022,REG,15,ARI,15.0,DEN,24.0,9.0
2022_15_NE_LV,2022,REG,15,NE,24.0,LV,30.0,6.0
2022_15_TEN_LAC,2022,REG,15,TEN,14.0,LAC,17.0,3.0
2022_15_CIN_TB,2022,REG,15,CIN,34.0,TB,23.0,-11.0
2022_15_NYG_WAS,2022,REG,15,NYG,20.0,WAS,12.0,-8.0
2022_15_LA_GB,2022,REG,15,LA,12.0,GB,24.0,12.0
2022_16_JAX_NYJ,2022,REG,16,JAX,19.0,NYJ,3.0,-16.0
2022_16_ATL_BAL,2022,REG,16,ATL,9.0,BAL,17.0,8.0
2022_16_DET_CAR,2022,REG,16,DET,23.0,CAR,37.0,14.0
2022_16_BUF_CHI,2022,REG,16,BUF,35.0,CHI,13.0,-22.0
2022_16_NO_CLE,2022,REG,16,NO,17.0,CLE,10.0,-7.0
2022_16_SEA_KC,2022,REG,16,SEA,10.0,KC,24.0,14.0
2022_16_NYG_MIN,2022,REG,16,NYG,24.0,MIN,27.0,3.0
2022_16_CIN_NE,2022,REG,16,CIN,22.0,NE,18.0,-4.0
2022_16_HOU_TEN,2022,REG,16,HOU,19.0,TEN,14.0,-5.0
2022_16_WAS_SF,2022,REG,16,WAS,20.0,SF,37.0,17.0
2022_16_PHI_DAL,2022,REG,16,PHI,34.0,DAL,40.0,6.0
2022_16_LV_PIT,2022,REG,16,LV,10.0,PIT,13.0,3.0
2022_16_GB_MIA,2022,REG,16,GB,26.0,MIA,20.0,-6.0
2022_16_DEN_LA,2022,REG,16,DEN,14.0,LA,51.0,37.0
2022_16_TB_ARI,2022,REG,16,TB,19.0,ARI,16.0,-3.0
2022_16_LAC_IND,2022,REG,16,LAC,20.0,IND,3.0,-17.0
2022_17_DAL_TEN,2022,REG,17,DAL,27.0,TEN,13.0,-14.0
2022_17_ARI_ATL,2022,REG,17,ARI,19.0,ATL,20.0,1.0
2022_17_CHI_DET,2022,REG,17,CHI,10.0,DET,41.0,31.0
2022_17_JAX_HOU,2022,REG,17,JAX,31.0,HOU,3.0,-28.0
2022_17_DEN_KC,2022,REG,17,DEN,24.0,KC,27.0,3.0
2022_17_MIA_NE,2022,REG,17,MIA,21.0,NE,23.0,2.0
2022_17_IND_NYG,2022,REG,17,IND,10.0,NYG,38.0,28.0
2022_17_NO_PHI,2022,REG,17,NO,20.0,PHI,10.0,-10.0
2022_17_CAR_TB,2022,REG,17,CAR,24.0,TB,30.0,6.0
2022_17_CLE_WAS,2022,REG,17,CLE,24.0,WAS,10.0,-14.0
2022_17_SF_LV,2022,REG,17,SF,37.0,LV,34.0,-3.0
2022_17_NYJ_SEA,2022,REG,17,NYJ,6.0,SEA,23.0,17.0
2022_17_MIN_GB,2022,REG,17,MIN,17.0,GB,41.0,24.0
2022_17_LA_LAC,2022,REG,17,LA,10.0,LAC,31.0,21.0
2022_17_PIT_BAL,2022,REG,17,PIT,16.0,BAL,13.0,-3.0
2022_18_KC_LV,2022,REG,18,KC,31.0,LV,13.0,-18.0
2022_18_TEN_JAX,2022,REG,18,TEN,16.0,JAX,20.0,4.0
2022_18_TB_ATL,2022,REG,18,TB,17.0,ATL,30.0,13.0
2022_18_NE_BUF,2022,REG,18,NE,23.0,BUF,35.0,12.0
2022_18_MIN_CHI,2022,REG,18,MIN,29.0,CHI,13.0,-16.0
2022_18_BAL_CIN,2022,REG,18,BAL,16.0,CIN,27.0,11.0
2022_18_HOU_IND,2022,REG,18,HOU,32.0,IND,31.0,-1.0
2022_18_NYJ_MIA,2022,REG,18,NYJ,6.0,MIA,11.0,5.0
2022_18_CAR_NO,2022,REG,18,CAR,10.0,NO,7.0,-3.0
2022_18_CLE_PIT,2022,REG,18,CLE,14.0,PIT,28.0,14.0
2022_18_LAC_DEN,2022,REG,18,LAC,28.0,DEN,31.0,3.0
2022_18_NYG_PHI,2022,REG,18,NYG,16.0,PHI,22.0,6.0
2022_18_LA_SEA,2022,REG,18,LA,16.0,SEA,19.0,3.0
2022_18_ARI_SF,2022,REG,18,ARI,13.0,SF,38.0,25.0
2022_18_DAL_WAS,2022,REG,18,DAL,6.0,WAS,26.0,20.0
2022_18_DET_GB,2022,REG,18,DET,20.0,GB,16.0,-4.0
2022_19_SEA_SF,2022,WC,19,SEA,23.0,SF,41.0,18.0
2022_19_LAC_JAX,2022,WC,19,LAC,30.0,JAX,31.0,1.0
2022_19_MIA_BUF,2022,WC,19,MIA,31.0,BUF,34.0,3.0
2022_19_NYG_MIN,2022,WC,19,NYG,31.0,MIN,24.0,-7.0
2022_19_BAL_CIN,2022,WC,19,BAL,17.0,CIN,24.0,7.0
2022_19_DAL_TB,2022,WC,19,DAL,31.0,TB,14.0,-17.0
2022_20_JAX_KC,2022,DIV,20,JAX,20.0,KC,27.0,7.0
2022_20_NYG_PHI,2022,DIV,20,NYG,7.0,PHI,38.0,31.0
2022_20_CIN_BUF,2022,DIV,20,CIN,27.0,BUF,10.0,-17.0
2022_20_DAL_SF,2022,DIV,20,DAL,12.0,SF,19.0,7.0
2022_21_SF_PHI,2022,CON,21,SF,7.0,PHI,31.0,24.0
2022_21_CIN_KC,2022,CON,21,CIN,20.0,KC,23.0,3.0
2022_22_KC_PHI,2022,SB,22,KC,38.0,PHI,35.0,-3.0
2023_01_DET_KC,2023,REG,1,DET,21.0,KC,20.0,-1.0
2023_01_CAR_ATL,2023,REG,1,CAR,10.0,ATL,24.0,14.0
2023_01_HOU_BAL,2023,REG,1,HOU,9.0,BAL,25.0,16.0
2023_01_CIN_CLE,2023,REG,1,CIN,3.0,CLE,24.0,21.0
2023_01_JAX_IND,2023,REG,1,JAX,31.0,IND,21.0,-10.0
2023_01_TB_MIN,2023,REG,1,TB,20.0,MIN,17.0,-3.0
2023_01_TEN_NO,2023,REG,1,TEN,15.0,NO,16.0,1.0
2023_01_SF_PIT,2023,REG,1,SF,30.0,PIT,7.0,-23.0
2023_01_ARI_WAS,2023,REG,1,ARI,16.0,WAS,20.0,4.0
2023_01_GB_CHI,2023,REG,1,GB,38.0,CHI,20.0,-18.0
2023_01_LV_DEN,2023,REG,1,LV,17.0,DEN,16.0,-1.0
2023_01_MIA_LAC,2023,REG,1,MIA,36.0,LAC,34.0,-2.0
2023_01_PHI_NE,2023,REG,1,PHI,25.0,NE,20.0,-5.0
2023_01_LA_SEA,2023,REG,1,LA,30.0,SEA,13.0,-17.0
2023_01_DAL_NYG,2023,REG,1,DAL,40.0,NYG,0.0,-40.0
2023_01_BUF_NYJ,2023,REG,1,BUF,16.0,NYJ,22.0,6.0
2023_02_MIN_PHI,2023,REG,2,MIN,28.0,PHI,34.0,6.0
2023_02_GB_ATL,2023,REG,2,GB,24.0,ATL,25.0,1.0
2023_02_LV_BUF,2023,REG,2,LV,10.0,BUF,38.0,28.0
2023_02_BAL_CIN,2023,REG,2,BAL,27.0,CIN,24.0,-3.0
2023_02_SEA_DET,2023,REG,2,SEA,37.0,DET,31.0,-6.0
2023_02_IND_HOU,2023,REG,2,IND,31.0,HOU,20.0,-11.0
2023_02_KC_JAX,2023,REG,2,KC,17.0,JAX,9.0,-8.0
2023_02_CHI_TB,2023,REG,2,CHI,17.0,TB,27.0,10.0
2023_02_LAC_TEN,2023,REG,2,LAC,24.0,TEN,27.0,3.0
2023_02_NYG_ARI,2023,REG,2,NYG,31.0,ARI,28.0,-3.0
2023_02_SF_LA,2023,REG,2,SF,30.0,LA,23.0,-7.0
2023_02_NYJ_DAL,2023,REG,2,NYJ,10.0,DAL,30.0,20.0
2023_02_WAS_DEN,2023,REG,2,WAS,35.0,DEN,33.0,-2.0
2023_02_MIA_NE,2023,REG,2,MIA,24.0,NE,17.0,-7.0
2023_02_NO_CAR,2023,REG,2,NO,20.0,CAR,17.0,-3.0
2023_02_CLE_PIT,2023,REG,2,CLE,22.0,PIT,26.0,4.0
2023_03_NYG_SF,2023,REG,3,NYG,12.0,SF,30.0,18.0
2023_03_IND_BAL,2023,REG,3,IND,22.0,BAL,19.0,-3.0
2023_03_TEN_CLE,2023,REG,3,TEN,3.0,CLE,27.0,24.0
2023_03_ATL_DET,2023,REG,3,ATL,6.0,DET,20.0,14.0
2023_03_NO_GB,2023,REG,3,NO,17.0,GB,18.0,1.0
2023_03_HOU_JAX,2023,REG,3,HOU,37.0,JAX,17.0,-20.0
2023_03_DEN_MIA,2023,REG,3,DEN,20.0,MIA,70.0,50.0
2023_03_LAC_MIN,2023,REG,3,LAC,28.0,MIN,24.0,-4.0
2023_03_NE_NYJ,2023,REG,3,NE,15.0,NYJ,10.0,-5.0
2023_03_BUF_WAS,2023,REG,3,BUF,37.0,WAS,3.0,-34.0
2023_03_CAR_SEA,2023,REG,3,CAR,27.0,SEA,37.0,10.0
2023_03_DAL_ARI,2023,REG,3,DAL,16.0,ARI,28.0,12.0
2023_03_CHI_KC,2023,REG,3,CHI,10.0,KC,41.0,31.0
2023_03_PIT_LV,2023,REG,3,PIT,23.0,LV,18.0,-5.0
2023_03_PHI_TB,2023,REG,3,PHI,25.0,TB,11.0,-14.0
2023_03_LA_CIN,2023,REG,3,LA,16.0,CIN,19.0,3.0
2023_04_DET_GB,2023,REG,4,DET,34.0,GB,20.0,-14.0
2023_04_ATL_JAX,2023,REG,4,ATL,7.0,JAX,23.0,16.0
2023_04_MIA_BUF,2023,REG,4,MIA,20.0,BUF,48.0,28.0
2023_04_MIN_CAR,2023,REG,4,MIN,21.0,CAR,13.0,-8.0
2023_04_DEN_CHI,2023,REG,4,DEN,31.0,CHI,28.0,-3.0
2023_04_BAL_CLE,2023,REG,4,BAL,28.0,CLE,3.0,-25.0
2023_04_PIT_HOU,2023,REG,4,PIT,6.0,HOU,30.0,24.0
2023_04_LA_IND,2023,REG,4,LA,29.0,IND,23.0,-6.0
2023_04_TB_NO,2023,REG,4,TB,26.0,NO,9.0,-17.0
2023_04_WAS_PHI,2023,REG,4,WAS,31.0,PHI,34.0,3.0
2023_04_CIN_TEN,2023,REG,4,CIN,3.0,TEN,27.0,24.0
2023_04_LV_LAC,2023,REG,4,LV,17.0,LAC,24.0,7.0
2023_04_NE_DAL,2023,REG,4,NE,3.0,DAL,38.0,35.0
2023_04_ARI_SF,2023,REG,4,ARI,16.0,SF,35.0,19.0
2023_04_KC_NYJ,2023,REG,4,KC,23.0,NYJ,20.0,-3.0
2023_04_SEA_NYG,2023,REG,4,SEA,24.0,NYG,3.0,-21.0
2023_05_CHI_WAS,2023,REG,5,CHI,40.0,WAS,20.0,-20.0
2023_05_JAX_BUF,2023,REG,5,JAX,25.0,BUF,20.0,-5.0
2023_05_HOU_ATL,2023,REG,5,HOU,19.0,ATL,21.0,2.0
2023_05_CAR_DET,2023,REG,5,CAR,24.0,DET,42.0,18.0
2023_05_TEN_IND,2023,REG,5,TEN,16.0,IND,23.0,7.0
2023_05_NYG_MIA,2023,REG,5,NYG,16.0,MIA,31.0,15.0
2023_05_NO_NE,2023,REG,5,NO,34.0,NE,0.0,-34.0
2023_05_BAL_PIT,2023,REG,5,BAL,10.0,PIT,17.0,7.0
2023_05_CIN_ARI,2023,REG,5,CIN,34.0,ARI,20.0,-14.0
2023_05_PHI_LA,2023,REG,5,PHI,23.0,LA,14.0,-9.0
2023_05_NYJ_DEN,2023,REG,5,NYJ,31.0,DEN,21.0,-10.0
2023_05_KC_MIN,2023,REG,5,KC,27.0,MIN,20.0,-7.0
2023_05_DAL_SF,2023,REG,5,DAL,10.0,SF,42.0,32.0
2023_05_GB_LV,2023,REG,5,GB,13.0,LV,17.0,4.0
2023_06_DEN_KC,2023,REG,6,DEN,8.0,KC,19.0,11.0
2023_06_BAL_TEN,2023,REG,6,BAL,24.0,TEN,16.0,-8.0
2023_06_WAS_ATL,2023,REG,6,WAS,24.0,ATL,16.0,-8.0
2023_06_MIN_CHI,2023,REG,6,MIN,19.0,CHI,13.0,-6.0
2023_06_SEA_CIN,2023,REG,6,SEA,13.0,CIN,17.0,4.0
2023_06_SF_CLE,2023,REG,6,SF,17.0,CLE,19.0,2.0
2023_06_NO_HOU,2023,REG,6,NO,13.0,HOU,20.0,7.0
2023_06_IND_JAX,2023,REG,6,IND,20.0,JAX,37.0,17.0
2023_06_CAR_MIA,2023,REG,6,CAR,21.0,MIA,42.0,21.0
2023_06_NE_LV,2023,REG,6,NE,17.0,LV,21.0,4.0
2023_06_ARI_LA,2023,REG,6,ARI,9.0,LA,26.0,17.0
2023_06_PHI_NYJ,2023,REG,6,PHI,14.0,NYJ,20.0,6.0
2023_06_DET_TB,2023,REG,6,DET,20.0,TB,6.0,-14.0
2023_06_NYG_BUF,2023,REG,6,NYG,9.0,BUF,14.0,5.0
2023_06_DAL_LAC,2023,REG,6,DAL,20.0,LAC,17.0,-3.0
2023_07_JAX_NO,2023,REG,7,JAX,31.0,NO,24.0,-7.0
2023_07_DET_BAL,2023,REG,7,DET,6.0,BAL,38.0,32.0
2023_07_LV_CHI,2023,REG,7,LV,12.0,CHI,30.0,18.0
2023_07_CLE_IND,2023,REG,7,CLE,39.0,IND,38.0,-1.0
2023_07_BUF_NE,2023,REG,7,BUF,25.0,NE,29.0,4.0
2023_07_WAS_NYG,2023,REG,7,WAS,7.0,NYG,14.0,7.0
2023_07_ATL_TB,2023,REG,7,ATL,16.0,TB,13.0,-3.0
2023_07_PIT_LA,2023,REG,7,PIT,24.0,LA,17.0,-7.0
2023_07_ARI_SEA,2023,REG,7,ARI,10.0,SEA,20.0,10.0
2023_07_GB_DEN,2023,REG,7,GB,17.0,DEN,19.0,2.0
2023_07_LAC_KC,2023,REG,7,LAC,17.0,KC,31.0,14.0
2023_07_MIA_PHI,2023,REG,7,MIA,17.0,PHI,31.0,14.0
2023_07_SF_MIN,2023,REG,7,SF,17.0,MIN,22.0,5.0
2023_08_TB_BUF,2023,REG,8,TB,18.0,BUF,24.0,6.0
2023_08_HOU_CAR,2023,REG,8,HOU,13.0,CAR,15.0,2.0
2023_08_LA_DAL,2023,REG,8,LA,20.0,DAL,43.0,23.0
2023_08_MIN_GB,2023,REG,8,MIN,24.0,GB,10.0,-14.0
2023_08_NO_IND,2023,REG,8,NO,38.0,IND,27.0,-11.0
2023_08_NE_MIA,2023,REG,8,NE,17.0,MIA,31.0,14.0
2023_08_NYJ_NYG,2023,REG,8,NYJ,13.0,NYG,10.0,-3.0
2023_08_JAX_PIT,2023,REG,8,JAX,20.0,PIT,10.0,-10.0
2023_08_ATL_TEN,2023,REG,8,ATL,23.0,TEN,28.0,5.0
2023_08_PHI_WAS,2023,REG,8,PHI,38.0,WAS,31.0,-7.0
2023_08_CLE_SEA,2023,REG,8,CLE,20.0,SEA,24.0,4.0
2023_08_BAL_ARI,2023,REG,8,BAL,31.0,ARI,24.0,-7.0
2023_08_KC_DEN,2023,REG,8,KC,9.0,DEN,24.0,15.0
2023_08_CIN_SF,2023,REG,8,CIN,31.0,SF,17.0,-14.0
2023_08_CHI_LAC,2023,REG,8,CHI,13.0,LAC,30.0,17.0
2023_08_LV_DET,2023,REG,8,LV,14.0,DET,26.0,12.0
2023_09_TEN_PIT,2023,REG,9,TEN,16.0,PIT,20.0,4.0
2023_09_MIA_KC,2023,REG,9,MIA,14.0,KC,21.0,7.0
2023_09_MIN_ATL,2023,REG,9,MIN,31.0,ATL,28.0,-3.0
2023_09_SEA_BAL,2023,REG,9,SEA,3.0,BAL,37.0,34.0
2023_09_ARI_CLE,2023,REG,9,ARI,0.0,CLE,27.0,27.0
2023_09_LA_GB,2023,REG,9,LA,3.0,GB,20.0,17.0
2023_09_TB_HOU,2023,REG,9,TB,37.0,HOU,39.0,2.0
2023_09_WAS_NE,2023,REG,9,WAS,20.0,NE,17.0,-3.0
2023_09_CHI_NO,2023,REG,9,CHI,17.0,NO,24.0,7.0
2023_09_IND_CAR,2023,REG,9,IND,27.0,CAR,13.0,-14.0
2023_09_NYG_LV,2023,REG,9,NYG,6.0,LV,30.0,24.0
2023_09_DAL_PHI,2023,REG,9,DAL,23.0,PHI,28.0,5.0
2023_09_BUF_CIN,2023,REG,9,BUF,18.0,CIN,24.0,6.0
2023_09_LAC_NYJ,2023,REG,9,LAC,27.0,NYJ,6.0,-21.0
2023_10_CAR_CHI,2023,REG,10,CAR,13.0,CHI,16.0,3.0
2023_10_IND_NE,2023,REG,10,IND,10.0,NE,6.0,-4.0
2023_10_CLE_BAL,2023,REG,10,CLE,33.0,BAL,31.0,-2.0
2023_10_HOU_CIN,2023,REG,10,HOU,30.0,CIN,27.0,-3.0
2023_10_SF_JAX,2023,REG,10,SF,34.0,JAX,3.0,-31.0
2023_10_NO_MIN,2023,REG,10,NO,19.0,MIN,27.0,8.0
2023_10_GB_PIT,2023,REG,10,GB,19.0,PIT,23.0,4.0
2023_10_TEN_TB,2023,REG,10,TEN,6.0,TB,20.0,14.0
2023_10_ATL_ARI,2023,REG,10,ATL,23.0,ARI,25.0,2.0
2023_10_DET_LAC,2023,REG,10,DET,41.0,LAC,38.0,-3.0
2023_10_NYG_DAL,2023,REG,10,NYG,17.0,DAL,49.0,32.0
2023_10_WAS_SEA,2023,REG,10,WAS,26.0,SEA,29.0,3.0
2023_10_NYJ_LV,2023,REG,10,NYJ,12.0,LV,16.0,4.0
2023_10_DEN_BUF,2023,REG,10,DEN,24.0,BUF,22.0,-2.0
2023_11_CIN_BAL,2023,REG,11,CIN,20.0,BAL,34.0,14.0
2023_11_DAL_CAR,2023,REG,11,DAL,33.0,CAR,10.0,-23.0
2023_11_PIT_CLE,2023,REG,11,PIT,10.0,CLE,13.0,3.0
2023_11_CHI_DET,2023,REG,11,CHI,26.0,DET,31.0,5.0
2023_11_LAC_GB,2023,REG,11,LAC,20.0,GB,23.0,3.0
2023_11_ARI_HOU,2023,REG,11,ARI,16.0,HOU,21.0,5.0
2023_11_TEN_JAX,2023,REG,11,TEN,14.0,JAX,34.0,20.0
2023_11_LV_MIA,2023,REG,11,LV,13.0,MIA,20.0,7.0
2023_11_NYG_WAS,2023,REG,11,NYG,31.0,WAS,19.0,-12.0
2023_11_TB_SF,2023,REG,11,TB,14.0,SF,27.0,13.0
2023_11_NYJ_BUF,2023,REG,11,NYJ,6.0,BUF,32.0,26.0
2023_11_SEA_LA,2023,REG,11,SEA,16.0,LA,17.0,1.0
2023_11_MIN_DEN,2023,REG,11,MIN,20.0,DEN,21.0,1.0
2023_11_PHI_KC,2023,REG,11,PHI,21.0,KC,17.0,-4.0
2023_12_GB_DET,2023,REG,12,GB,29.0,DET,22.0,-7.0
2023_12_WAS_DAL,2023,REG,12,WAS,10.0,DAL,45.0,35.0
2023_12_SF_SEA,2023,REG,12,SF,31.0,SEA,13.0,-18.0
2023_12_MIA_NYJ,2023,REG,12,MIA,34.0,NYJ,13.0,-21.0
2023_12_NO_ATL,2023,REG,12,NO,15.0,ATL,24.0,9.0
2023_12_PIT_CIN,2023,REG,12,PIT,16.0,CIN,10.0,-6.0
2023_12_JAX_HOU,2023,REG,12,JAX,24.0,HOU,21.0,-3.0
2023_12_TB_IND,2023,REG,12,TB,20.0,IND,27.0,7.0
2023_12_NE_NYG,2023,REG,12,NE,7.0,NYG,10.0,3.0
2023_12_CAR_TEN,2023,REG,12,CAR,10.0,TEN,17.0,7.0
2023_12_LA_ARI,2023,REG,12,LA,37.0,ARI,14.0,-23.0
2023_12_CLE_DEN,2023,REG,12,CLE,12.0,DEN,29.0,17.0
2023_12_KC_LV,2023,REG,12,KC,31.0,LV,17.0,-14.0
2023_12_BUF_PHI,2023,REG,12,BUF,34.0,PHI,37.0,3.0
2023_12_BAL_LAC,2023,REG,12,BAL,20.0,LAC,10.0,-10.0
2023_12_CHI_MIN,2023,REG,12,CHI,12.0,MIN,10.0,-2.0
2023_13_SEA_DAL,2023,REG,13,SEA,35.0,DAL,41.0,6.0
2023_13_DEN_HOU,2023,REG,13,DEN,17.0,HOU,22.0,5.0
2023_13_LAC_NE,2023,REG,13,LAC,6.0,NE,0.0,-6.0
2023_13_DET_NO,2023,REG,13,DET,33.0,NO,28.0,-5.0
2023_13_ATL_NYJ,2023,REG,13,ATL,13.0,NYJ,8.0,-5.0
2023_13_ARI_PIT,2023,REG,13,ARI,24.0,PIT,10.0,-14.0
2023_13_IND_TEN,2023,REG,13,IND,31.0,TEN,28.0,-3.0
2023_13_MIA_WAS,2023,REG,13,MIA,45.0,WAS,15.0,-30.0
2023_13_CAR_TB,2023,REG,13,CAR,18.0,TB,21.0,3.0
2023_13_CLE_LA,2023,REG,13,CLE,19.0,LA,36.0,17.0
2023_13_SF_PHI,2023,REG,13,SF,42.0,PHI,19.0,-23.0
2023_13_KC_GB,2023,REG,13,KC,19.0,GB,27.0,8.0
2023_13_CIN_JAX,2023,REG,13,CIN,34.0,JAX,31.0,-3.0
2023_14_NE_PIT,2023,REG,14,NE,21.0,PIT,18.0,-3.0
2023_14_TB_ATL,2023,REG,14,TB,29.0,ATL,25.0,-4.0
2023_14_LA_BAL,2023,REG,14,LA,31.0,BAL,37.0,6.0
2023_14_DET_CHI,2023,REG,14,DET,13.0,CHI,28.0,15.0
2023_14_IND_CIN,2023,REG,14,IND,14.0,CIN,34.0,20.0
2023_14_JAX_CLE,2023,REG,14,JAX,27.0,CLE,31.0,4.0
2023_14_CAR_NO,2023,REG,14,CAR,6.0,NO,28.0,22.0
2023_14_HOU_NYJ,2023,REG,14,HOU,6.0,NYJ,30.0,24.0
2023_14_MIN_LV,2023,REG,14,MIN,3.0,LV,0.0,-3.0
2023_14_SEA_SF,2023,REG,14,SEA,16.0,SF,28.0,12.0
2023_14_BUF_KC,2023,REG,14,BUF,20.0,KC,17.0,-3.0
2023_14_DEN_LAC,2023,REG,14,DEN,24.0,LAC,7.0,-17.0
2023_14_PHI_DAL,2023,REG,14,PHI,13.0,DAL,33.0,20.0
2023_14_TEN_MIA,2023,REG,14,TEN,28.0,MIA,27.0,-1.0
2023_14_GB_NYG,2023,REG,14,GB,22.0,NYG,24.0,2.0
2023_15_LAC_LV,2023,REG,15,LAC,21.0,LV,63.0,42.0
2023_15_MIN_CIN,2023,REG,15,MIN,24.0,CIN,27.0,3.0
2023_15_PIT_IND,2023,REG,15,PIT,13.0,IND,30.0,17.0
2023_15_DEN_DET,2023,REG,15,DEN,17.0,DET,42.0,25.0
2023_15_ATL_CAR,2023,REG,15,ATL,7.0,CAR,9.0,2.0
2023_15_CHI_CLE,2023,REG,15,CHI,17.0,CLE,20.0,3.0
2023_15_TB_GB,2023,REG,15,TB,34.0,GB,20.0,-14.0
2023_15_NYJ_MIA,2023,REG,15,NYJ,0.0,MIA,30.0,30.0
2023_15_KC_NE,2023,REG,15,KC,27.0,NE,17.0,-10.0
2023_15_NYG_NO,2023,REG,15,NYG,6.0,NO,24.0,18.0
2023_15_HOU_TEN,2023,REG,15,HOU,19.0,TEN,16.0,-3.0
2023_15_SF_ARI,2023,REG,15,SF,45.0,ARI,29.0,-16.0
2023_15_WAS_LA,2023,REG,15,WAS,20.0,LA,28.0,8.0
2023_15_DAL_BUF,2023,REG,15,DAL,10.0,BUF,31.0,21.0
2023_15_BAL_JAX,2023,REG,15,BAL,23.0,JAX,7.0,-16.0
2023_15_PHI_SEA,2023,REG,15,PHI,17.0,SEA,20.0,3.0
2023_16_NO_LA,2023,REG,16,NO,22.0,LA,30.0,8.0
2023_16_CIN_PIT,2023,REG,16,CIN,11.0,PIT,34.0,23.0
2023_16_BUF_LAC,2023,REG,16,BUF,24.0,LAC,22.0,-2.0
2023_16_IND_ATL,2023,REG,16,IND,10.0,ATL,29.0,19.0
2023_16_GB_CAR,2023,REG,16,GB,33.0,CAR,30.0,-3.0
2023_16_CLE_HOU,2023,REG,16,CLE,36.0,HOU,22.0,-14.0
2023_16_DET_MIN,2023,REG,16,DET,30.0,MIN,24.0,-6.0
2023_16_WAS_NYJ,2023,REG,16,WAS,28.0,NYJ,30.0,2.0
2023_16_SEA_TEN,2023,REG,16,SEA,20.0,TEN,17.0,-3.0
2023_16_JAX_TB,2023,REG,16,JAX,12.0,TB,30.0,18.0
2023_16_ARI_CHI,2023,REG,16,ARI,16.0,CHI,27.0,11.0
2023_16_DAL_MIA,2023,REG,16,DAL,20.0,MIA,22.0,2.0
2023_16_NE_DEN,2023,REG,16,NE,26.0,DEN,23.0,-3.0
2023_16_LV_KC,2023,REG,16,LV,20.0,KC,14.0,-6.0
2023_16_NYG_PHI,2023,REG,16,NYG,25.0,PHI,33.0,8.0
2023_16_BAL_SF,2023,REG,16,BAL,33.0,SF,19.0,-14.0
2023_17_NYJ_CLE,2023,REG,17,NYJ,20.0,CLE,37.0,17.0
2023_17_DET_DAL,2023,REG,17,DET,19.0,DAL,20.0,1.0
2023_17_MIA_BAL,2023,REG,17,MIA,19.0,BAL,56.0,37.0
2023_17_NE_BUF,2023,REG,17,NE,21.0,BUF,27.0,6.0
2023_17_ATL_CHI,2023,REG,17,ATL,17.0,CHI,37.0,20.0
2023_17_TEN_HOU,2023,REG,17,TEN,3.0,HOU,26.0,23.0
2023_17_LV_IND,2023,REG,17,LV,20.0,IND,23.0,3.0
2023_17_CAR_JAX,2023,REG,17,CAR,0.0,JAX,26.0,26.0
2023_17_LA_NYG,2023,REG,17,LA,26.0,NYG,25.0,-1.0
2023_17_ARI_PHI,2023,REG,17,ARI,35.0,PHI,31.0,-4.0
2023_17_NO_TB,2023,REG,17,NO,23.0,TB,13.0,-10.0
2023_17_SF_WAS,2023,REG,17,SF,27.0,WAS,10.0,-17.0
2023_17_PIT_SEA,2023,REG,17,PIT,30.0,SEA,23.0,-7.0
2023_17_LAC_DEN,2023,REG,17,LAC,9.0,DEN,16.0,7.0
2023_17_CIN_KC,2023,REG,17,CIN,17.0,KC,25.0,8.0
2023_17_GB_MIN,2023,REG,17,GB,33.0,MIN,10.0,-23.0
2023_18_PIT_BAL,2023,REG,18,PIT,17.0,BAL,10.0,-7.0
2023_18_HOU_IND,2023,REG,18,HOU,23.0,IND,19.0,-4.0
2023_18_TB_CAR,2023,REG,18,TB,9.0,CAR,0.0,-9.0
2023_18_CLE_CIN,2023,REG,18,CLE,14.0,CIN,31.0,17.0
2023_18_MIN_DET,2023,REG,18,MIN,20.0,DET,30.0,10.0
2023_18_NYJ_NE,2023,REG,18,NYJ,17.0,NE,3.0,-14.0
2023_18_ATL_NO,2023,REG,18,ATL,17.0,NO,48.0,31.0
2023_18_JAX_TEN,2023,REG,18,JAX,20.0,TEN,28.0,8.0
2023_18_SEA_ARI,2023,REG,18,SEA,21.0,ARI,20.0,-1.0
2023_18_CHI_GB,2023,REG,18,CHI,9.0,GB,17.0,8.0
2023_18_KC_LAC,2023,REG,18,KC,13.0,LAC,12.0,-1.0
2023_18_DEN_LV,2023,REG,18,DEN,14.0,LV,27.0,13.0
2023_18_PHI_NYG,2023,REG,18,PHI,10.0,NYG,27.0,17.0
2023_18_LA_SF,2023,REG,18,LA,21.0,SF,20.0,-1.0
2023_18_DAL_WAS,2023,REG,18,DAL,38.0,WAS,10.0,-28.0
2023_18_BUF_MIA,2023,REG,18,BUF,21.0,MIA,14.0,-7.0
2023_19_CLE_HOU,2023,WC,19,CLE,14.0,HOU,45.0,31.0
2023_19_MIA_KC,2023,WC,19,MIA,7.0,KC,26.0,19.0
2023_19_GB_DAL,2023,WC,19,GB,48.0,DAL,32.0,-16.0
2023_19_LA_DET,2023,WC,19,LA,23.0,DET,24.0,1.0
2023_19_PIT_BUF,2023,WC,19,PIT,17.0,BUF,31.0,14.0
2023_19_PHI_TB,2023,WC,19,PHI,9.0,TB,32.0,23.0
2023_20_HOU_BAL,2023,DIV,20,HOU,10.0,BAL,34.0,24.0
2023_20_GB_SF,2023,DIV,20,GB,21.0,SF,24.0,3.0
2023_20_TB_DET,2023,DIV,20,TB,23.0,DET,31.0,8.0
2023_20_KC_BUF,2023,DIV,20,KC,27.0,BUF,24.0,-3.0
2023_21_KC_BAL,2023,CON,21,KC,17.0,BAL,10.0,-7.0
2023_21_DET_SF,2023,CON,21,DET,31.0,SF,34.0,3.0
2023_22_SF_KC,2023,SB,22,SF,22.0,KC,25.0,3.0
2024_01_BAL_KC,2024,REG,1,BAL,20.0,KC,27.0,7.0
2024_01_GB_PHI,2024,REG,1,GB,29.0,PHI,34.0,5.0
2024_01_PIT_ATL,2024,REG,1,PIT,18.0,ATL,10.0,-8.0
2024_01_ARI_BUF,2024,REG,1,ARI,28.0,BUF,34.0,6.0
2024_01_TEN_CHI,2024,REG,1,TEN,17.0,CHI,24.0,7.0
2024_01_NE_CIN,2024,REG,1,NE,16.0,CIN,10.0,-6.0
2024_01_HOU_IND,2024,REG,1,HOU,29.0,IND,27.0,-2.0
2024_01_JAX_MIA,2024,REG,1,JAX,17.0,MIA,20.0,3.0
2024_01_CAR_NO,2024,REG,1,CAR,10.0,NO,47.0,37.0
2024_01_MIN_NYG,2024,REG,1,MIN,28.0,NYG,6.0,-22.0
2024_01_LV_LAC,2024,REG,1,LV,10.0,LAC,22.0,12.0
2024_01_DEN_SEA,2024,REG,1,DEN,20.0,SEA,26.0,6.0
2024_01_DAL_CLE,2024,REG,1,DAL,33.0,CLE,17.0,-16.0
2024_01_WAS_TB,2024,REG,1,WAS,20.0,TB,37.0,17.0
2024_01_LA_DET,2024,REG,1,LA,20.0,DET,26.0,6.0
2024_01_NYJ_SF,2024,REG,1,NYJ,19.0,SF,32.0,13.0
2024_02_BUF_MIA,2024,REG,2,BUF,31.0,MIA,10.0,-21.0
2024_02_LV_BAL,2024,REG,2,LV,26.0,BAL,23.0,-3.0
2024_02_LAC_CAR,2024,REG,2,LAC,26.0,CAR,3.0,-23.0
2024_02_NO_DAL,2024,REG,2,NO,44.0,DAL,19.0,-25.0
2024_02_TB_DET,2024,REG,2,TB,20.0,DET,16.0,-4.0
2024_02_IND_GB,2024,REG,2,IND,10.0,GB,16.0,6.0
2024_02_CLE_JAX,2024,REG,2,CLE,18.0,JAX,13.0,-5.0
2024_02_SF_MIN,2024,REG,2,SF,17.0,MIN,23.0,6.0
2024_02_SEA_NE,2024,REG,2,SEA,23.0,NE,20.0,-3.0
2024_02_NYJ_TEN,2024,REG,2,NYJ,24.0,TEN,17.0,-7.0
2024_02_NYG_WAS,2024,REG,2,NYG,18.0,WAS,21.0,3.0
2024_02_LA_ARI,2024,REG,2,LA,10.0,ARI,41.0,31.0
2024_02_PIT_DEN,2024,REG,2,PIT,13.0,DEN,6.0,-7.0
2024_02_CIN_KC,2024,REG,2,CIN,25.0,KC,26.0,1.0
2024_02_CHI_HOU,2024,REG,2,CHI,13.0,HOU,19.0,6.0
2024_02_ATL_PHI,2024,REG,2,ATL,22.0,PHI,21.0,-1.0
2024_03_NE_NYJ,2024,REG,3,NE,3.0,NYJ,24.0,21.0
2024_03_NYG_CLE,2024,REG,3,NYG,21.0,CLE,15.0,-6.0
2024_03_CHI_IND,2024,REG,3,CHI,16.0,IND,21.0,5.0
2024_03_HOU_MIN,2024,REG,3,HOU,7.0,MIN,34.0,27.0
2024_03_PHI_NO,2024,REG,3,PHI,15.0,NO,12.0,-3.0
2024_03_LAC_PIT,2024,REG,3,LAC,10.0,PIT,20.0,10.0
2024_03_DEN_TB,2024,REG,3,DEN,26.0,TB,7.0,-19.0
2024_03_GB_TEN,2024,REG,3,GB,30.0,TEN,14.0,-16.0
2024_03_CAR_LV,2024,REG,3,CAR,36.0,LV,22.0,-14.0
2024_03_MIA_SEA,2024,REG,3,MIA,3.0,SEA,24.0,21.0
2024_03_DET_ARI,2024,REG,3,DET,20.0,ARI,13.0,-7.0
2024_03_BAL_DAL,2024,REG,3,BAL,28.0,DAL,25.0,-3.0
2024_03_SF_LA,2024,REG,3,SF,24.0,LA,27.0,3.0
2024_03_KC_ATL,2024,REG,3,KC,22.0,ATL,17.0,-5.0
2024_03_JAX_BUF,2024,REG,3,JAX,10.0,BUF,47.0,37.0
2024_03_WAS_CIN,2024,REG,3,WAS,38.0,CIN,33.0,-5.0
2024_04_DAL_NYG,2024,REG,4,DAL,20.0,NYG,15.0,-5.0
2024_04_NO_ATL,2024,REG,4,NO,24.0,ATL,26.0,2.0
2024_04_CIN_CAR,2024,REG,4,CIN,34.0,CAR,24.0,-10.0
2024_04_LA_CHI,2024,REG,4,LA,18.0,CHI,24.0,6.0
2024_04_MIN_GB,2024,REG,4,MIN,31.0,GB,29.0,-2.0
2024_04_JAX_HOU,2024,REG,4,JAX,20.0,HOU,24.0,4.0
2024_04_PIT_IND,2024,REG,4,PIT,24.0,IND,27.0,3.0
2024_04_DEN_NYJ,2024,REG,4,DEN,10.0,NYJ,9.0,-1.0
2024_04_PHI_TB,2024,REG,4,PHI,16.0,TB,33.0,17.0
2024_04_WAS_ARI,2024,REG,4,WAS,42.0,ARI,14.0,-28.0
2024_04_NE_SF,2024,REG,4,NE,13.0,SF,30.0,17.0
2024_04_KC_LAC,2024,REG,4,KC,17.0,LAC,10.0,-7.0
2024_04_CLE_LV,2024,REG,4,CLE,16.0,LV,20.0,4.0
2024_04_BUF_BAL,2024,REG,4,BUF,10.0,BAL,35.0,25.0
2024_04_TEN_MIA,2024,REG,4,TEN,31.0,MIA,12.0,-19.0
2024_04_SEA_DET,2024,REG,4,SEA,29.0,DET,42.0,13.0
2024_05_TB_ATL,2024,REG,5,TB,30.0,ATL,36.0,6.0
2024_05_NYJ_MIN,2024,REG,5,NYJ,17.0,MIN,23.0,6.0
2024_05_CAR_CHI,2024,REG,5,CAR,10.0,CHI,36.0,26.0
2024_05_BAL_CIN,2024,REG,5,BAL,41.0,CIN,38.0,-3.0
2024_05_BUF_HOU,2024,REG,5,BUF,20.0,HOU,23.0,3.0
2024_05_IND_JAX,2024,REG,5,IND,34.0,JAX,37.0,3.0
2024_05_MIA_NE,2024,REG,5,MIA,15.0,NE,10.0,-5.0
2024_05_CLE_WAS,2024,REG,5,CLE,13.0,WAS,34.0,21.0
2024_05_LV_DEN,2024,REG,5,LV,18.0,DEN,34.0,16.0
2024_05_ARI_SF,2024,REG,5,ARI,24.0,SF,23.0,-1.0
2024_05_GB_LA,2024,REG,5,GB,24.0,LA,19.0,-5.0
2024_05_NYG_SEA,2024,REG,5,NYG,29.0,SEA,20.0,-9.0
2024_05_DAL_PIT,2024,REG,5,DAL,20.0,PIT,17.0,-3.0
2024_05_NO_KC,2024,REG,5,NO,13.0,KC,26.0,13.0
2024_06_SF_SEA,2024,REG,6,SF,36.0,SEA,24.0,-12.0
2024_06_JAX_CHI,2024,REG,6,JAX,16.0,CHI,35.0,19.0
2024_06_WAS_BAL,2024,REG,6,WAS,23.0,BAL,30.0,7.0
2024_06_ARI_GB,2024,REG,6,ARI,13.0,GB,34.0,21.0
2024_06_HOU_NE,2024,REG,6,HOU,41.0,NE,21.0,-20.0
2024_06_TB_NO,2024,REG,6,TB,51.0,NO,27.0,-24.0
2024_06_CLE_PHI,2024,REG,6,CLE,16.0,PHI,20.0,4.0
2024_06_IND_TEN,2024,REG,6,IND,20.0,TEN,17.0,-3.0
2024_06_LAC_DEN,2024,REG,6,LAC,23.0,DEN,16.0,-7.0
2024_06_PIT_LV,2024,REG,6,PIT,32.0,LV,13.0,-19.0
2024_06_ATL_CAR,2024,REG,6,ATL,38.0,CAR,20.0,-18.0
2024_06_DET_DAL,2024,REG,6,DET,47.0,DAL,9.0,-38.0
2024_06_CIN_NYG,2024,REG,6,CIN,17.0,NYG,7.0,-10.0
2024_06_BUF_NYJ,2024,REG,6,BUF,23.0,NYJ,20.0,-3.0
2024_07_DEN_NO,2024,REG,7,DEN,33.0,NO,10.0,-23.0
2024_07_NE_JAX,2024,REG,7,NE,16.0,JAX,32.0,16.0
2024_07_SEA_ATL,2024,REG,7,SEA,34.0,ATL,14.0,-20.0
2024_07_TEN_BUF,2024,REG,7,TEN,10.0,BUF,34.0,24.0
2024_07_CIN_CLE,2024,REG,7,CIN,21.0,CLE,14.0,-7.0
2024_07_HOU_GB,2024,REG,7,HOU,22.0,GB,24.0,2.0
2024_07_MIA_IND,2024,REG,7,MIA,10.0,IND,16.0,6.0
2024_07_DET_MIN,2024,REG,7,DET,31.0,MIN,29.0,-2.0
2024_07_PHI_NYG,2024,REG,7,PHI,28.0,NYG,3.0,-25.0
2024_07_LV_LA,2024,REG,7,LV,15.0,LA,20.0,5.0
2024_07_CAR_WAS,2024,REG,7,CAR,7.0,WAS,40.0,33.0
2024_07_KC_SF,2024,REG,7,KC,28.0,SF,18.0,-10.0
2024_07_NYJ_PIT,2024,REG,7,NYJ,15.0,PIT,37.0,22.0
2024_07_BAL_TB,2024,REG,7,BAL,41.0,TB,31.0,-10.0
2024_07_LAC_ARI,2024,REG,7,LAC,15.0,ARI,17.0,2.0
2024_08_MIN_LA,2024,REG,8,MIN,20.0,LA,30.0,10.0
2024_08_PHI_CIN,2024,REG,8,PHI,37.0,CIN,17.0,-20.0
2024_08_BAL_CLE,2024,REG,8,BAL,24.0,CLE,29.0,5.0
2024_08_TEN_DET,2024,REG,8,TEN,14.0,DET,52.0,38.0
2024_08_IND_HOU,2024,REG,8,IND,20.0,HOU,23.0,3.0
2024_08_GB_JAX,2024,REG,8,GB,30.0,JAX,27.0,-3.0
2024_08_ARI_MIA,2024,REG,8,ARI,28.0,MIA,27.0,-1.0
2024_08_NYJ_NE,2024,REG,8,NYJ,22.0,NE,25.0,3.0
2024_08_ATL_TB,2024,REG,8,ATL,31.0,TB,26.0,-5.0
2024_08_NO_LAC,2024,REG,8,NO,8.0,LAC,26.0,18.0
2024_08_BUF_SEA,2024,REG,8,BUF,31.0,SEA,10.0,-21.0
2024_08_CAR_DEN,2024,REG,8,CAR,14.0,DEN,28.0,14.0
2024_08_KC_LV,2024,REG,8,KC,27.0,LV,20.0,-7.0
2024_08_CHI_WAS,2024,REG,8,CHI,15.0,WAS,18.0,3.0
2024_08_DAL_SF,2024,REG,8,DAL,24.0,SF,30.0,6.0
2024_08_NYG_PIT,2024,REG,8,NYG,18.0,PIT,26.0,8.0
2024_09_HOU_NYJ,2024,REG,9,HOU,13.0,NYJ,21.0,8.0
2024_09_DAL_ATL,2024,REG,9,DAL,21.0,ATL,27.0,6.0
2024_09_DEN_BAL,2024,REG,9,DEN,10.0,BAL,41.0,31.0
2024_09_MIA_BUF,2024,REG,9,MIA,27.0,BUF,30.0,3.0
2024_09_NO_CAR,2024,REG,9,NO,22.0,CAR,23.0,1.0
2024_09_LV_CIN,2024,REG,9,LV,24.0,CIN,41.0,17.0
2024_09_LAC_CLE,2024,REG,9,LAC,27.0,CLE,10.0,-17.0
2024_09_WAS_NYG,2024,REG,9,WAS,27.0,NYG,22.0,-5.0
2024_09_NE_TEN,2024,REG,9,NE,17.0,TEN,20.0,3.0
2024_09_CHI_ARI,2024,REG,9,CHI,9.0,ARI,29.0,20.0
2024_09_JAX_PHI,2024,REG,9,JAX,23.0,PHI,28.0,5.0
2024_09_DET_GB,2024,REG,9,DET,24.0,GB,14.0,-10.0
2024_09_LA_SEA,2024,REG,9,LA,26.0,SEA,20.0,-6.0
2024_09_IND_MIN,2024,REG,9,IND,13.0,MIN,21.0,8.0
2024_09_TB_KC,2024,REG,9,TB,24.0,KC,30.0,6.0
2024_10_CIN_BAL,2024,REG,10,CIN,34.0,BAL,35.0,1.0
2024_10_NYG_CAR,2024,REG,10,NYG,17.0,CAR,20.0,3.0
2024_10_NE_CHI,2024,REG,10,NE,19.0,CHI,3.0,-16.0
2024_10_BUF_IND,2024,REG,10,BUF,30.0,IND,20.0,-10.0
2024_10_MIN_JAX,2024,REG,10,MIN,12.0,JAX,7.0,-5.0
2024_10_DEN_KC,2024,REG,10,DEN,14.0,KC,16.0,2.0
2024_10_ATL_NO,2024,REG,10,ATL,17.0,NO,20.0,3.0
2024_10_SF_TB,2024,REG,10,SF,23.0,TB,20.0,-3.0
2024_10_PIT_WAS,2024,REG,10,PIT,28.0,WAS,27.0,-1.0
2024_10_TEN_LAC,2024,REG,10,TEN,17.0,LAC,27.0,10.0
2024_10_NYJ_ARI,2024,REG,10,NYJ,6.0,ARI,31.0,25.0
2024_10_PHI_DAL,2024,REG,10,PHI,34.0,DAL,6.0,-28.0
2024_10_DET_HOU,2024,REG,10,DET,26.0,HOU,23.0,-3.0
2024_10_MIA_LA,2024,REG,10,MIA,23.0,LA,15.0,-8.0
2024_11_WAS_PHI,2024,REG,11,WAS,18.0,PHI,26.0,8.0
2024_11_GB_CHI,2024,REG,11,GB,20.0,CHI,19.0,-1.0
2024_11_JAX_DET,2024,REG,11,JAX,6.0,DET,52.0,46.0
2024_11_LV_MIA,2024,REG,11,LV,19.0,MIA,34.0,15.0
2024_11_LA_NE,2024,REG,11,LA,28.0,NE,22.0,-6.0
2024_11_CLE_NO,2024,REG,11,CLE,14.0,NO,35.0,21.0
2024_11_IND_NYJ,2024,REG,11,IND,28.0,NYJ,27.0,-1.0
2024_11_BAL_PIT,2024,REG,11,BAL,16.0,PIT,18.0,2.0
2024_11_MIN_TEN,2024,REG,11,MIN,23.0,TEN,13.0,-10.0
2024_11_ATL_DEN,2024,REG,11,ATL,6.0,DEN,38.0,32.0
2024_11_SEA_SF,2024,REG,11,SEA,20.0,SF,17.0,-3.0
2024_11_KC_BUF,2024,REG,11,KC,21.0,BUF,30.0,9.0
2024_11_CIN_LAC,2024,REG,11,CIN,27.0,LAC,34.0,7.0
2024_11_HOU_DAL,2024,REG,11,HOU,34.0,DAL,10.0,-24.0
2024_12_PIT_CLE,2024,REG,12,PIT,19.0,CLE,24.0,5.0
2024_12_KC_CAR,2024,REG,12,KC,30.0,CAR,27.0,-3.0
2024_12_MIN_CHI,2024,REG,12,MIN,30.0,CHI,27.0,-3.0
2024_12_TEN_HOU,2024,REG,12,TEN,32.0,HOU,27.0,-5.0
2024_12_DET_IND,2024,REG,12,DET,24.0,IND,6.0,-18.0
2024_12_NE_MIA,2024,REG,12,NE,15.0,MIA,34.0,19.0
2024_12_TB_NYG,2024,REG,12,TB,30.0,NYG,7.0,-23.0
2024_12_DAL_WAS,2024,REG,12,DAL,34.0,WAS,26.0,-8.0
2024_12_DEN_LV,2024,REG,12,DEN,29.0,LV,19.0,-10.0
2024_12_SF_GB,2024,REG,12,SF,10.0,GB,38.0,28.0
2024_12_ARI_SEA,2024,REG,12,ARI,6.0,SEA,16.0,10.0
2024_12_PHI_LA,2024,REG,12,PHI,37.0,LA,20.0,-17.0
2024_12_BAL_LAC,2024,REG,12,BAL,30.0,LAC,23.0,-7.0
2024_13_CHI_DET,2024,REG,13,CHI,20.0,DET,23.0,3.0
2024_13_NYG_DAL,2024,REG,13,NYG,20.0,DAL,27.0,7.0
2024_13_MIA_GB,2024,REG,13,MIA,17.0,GB,30.0,13.0
2024_13_LV_KC,2024,REG,13,LV,17.0,KC,19.0,2.0
2024_13_LAC_ATL,2024,REG,13,LAC,17.0,ATL,13.0,-4.0
2024_13_PIT_CIN,2024,REG,13,PIT,44.0,CIN,38.0,-6.0
2024_13_HOU_JAX,2024,REG,13,HOU,23.0,JAX,20.0,-3.0
2024_13_ARI_MIN,2024,REG,13,ARI,22.0,MIN,23.0,1.0
2024_13_IND_NE,2024,REG,13,IND,25.0,NE,24.0,-1.0
2024_13_SEA_NYJ,2024,REG,13,SEA,26.0,NYJ,21.0,-5.0
2024_13_TEN_WAS,2024,REG,13,TEN,19.0,WAS,42.0,23.0
2024_13_TB_CAR,2024,REG,13,TB,26.0,CAR,23.0,-3.0
2024_13_LA_NO,2024,REG,13,LA,21.0,NO,14.0,-7.0
2024_13_PHI_BAL,2024,REG,13,PHI,24.0,BAL,19.0,-5.0
2024_13_SF_BUF,2024,REG,13,SF,10.0,BUF,35.0,25.0
2024_13_CLE_DEN,2024,REG,13,CLE,32.0,DEN,41.0,9.0
2024_14_GB_DET,2024,REG,14,GB,31.0,DET,34.0,3.0
2024_14_NYJ_MIA,2024,REG,14,NYJ,26.0,MIA,32.0,6.0
2024_14_ATL_MIN,2024,REG,14,ATL,21.0,MIN,42.0,21.0
2024_14_NO_NYG,2024,REG,14,NO,14.0,NYG,11.0,-3.0
2024_14_CAR_PHI,2024,REG,14,CAR,16.0,PHI,22.0,6.0
2024_14_CLE_PIT,2024,REG,14,CLE,14.0,PIT,27.0,13.0
2024_14_LV_TB,2024,REG,14,LV,13.0,TB,28.0,15.0
2024_14_JAX_TEN,2024,REG,14,JAX,10.0,TEN,6.0,-4.0
2024_14_SEA_ARI,2024,REG,14,SEA,30.0,ARI,18.0,-12.0
2024_14_BUF_LA,2024,REG,14,BUF,42.0,LA,44.0,2.0
2024_14_CHI_SF,2024,REG,14,CHI,13.0,SF,38.0,25.0
2024_14_LAC_KC,2024,REG,14,LAC,17.0,KC,19.0,2.0
2024_14_CIN_DAL,2024,REG,14,CIN,27.0,DAL,20.0,-7.0
2024_15_LA_SF,2024,REG,15,LA,12.0,SF,6.0,-6.0
2024_15_DAL_CAR,2024,REG,15,DAL,30.0,CAR,14.0,-16.0
2024_15_KC_CLE,2024,REG,15,KC,21.0,CLE,7.0,-14.0
2024_15_MIA_HOU,2024,REG,15,MIA,12.0,HOU,20.0,8.0
2024_15_NYJ_JAX,2024,REG,15,NYJ,32.0,JAX,25.0,-7.0
2024_15_WAS_NO,2024,REG,15,WAS,20.0,NO,19.0,-1.0
2024_15_BAL_NYG,2024,REG,15,BAL,35.0,NYG,14.0,-21.0
2024_15_CIN_TEN,2024,REG,15,CIN,37.0,TEN,27.0,-10.0
2024_15_NE_ARI,2024,REG,15,NE,17.0,ARI,30.0,13.0
2024_15_IND_DEN,2024,REG,15,IND,13.0,DEN,31.0,18.0
2024_15_BUF_DET,2024,REG,15,BUF,48.0,DET,42.0,-6.0
2024_15_TB_LAC,2024,REG,15,TB,40.0,LAC,17.0,-23.0
2024_15_PIT_PHI,2024,REG,15,PIT,13.0,PHI,27.0,14.0
2024_15_GB_SEA,2024,REG,15,GB,30.0,SEA,13.0,-17.0
2024_15_CHI_MIN,2024,REG,15,CHI,12.0,MIN,30.0,18.0
2024_15_ATL_LV,2024,REG,15,ATL,15.0,LV,9.0,-6.0
2024_16_DEN_LAC,2024,REG,16,DEN,27.0,LAC,34.0,7.0
2024_16_HOU_KC,2024,REG,16,HOU,19.0,KC,27.0,8.0
2024_16_PIT_BAL,2024,REG,16,PIT,17.0,BAL,34.0,17.0
2024_16_NYG_ATL,2024,REG,16,NYG,7.0,ATL,34.0,27.0
2024_16_ARI_CAR,2024,REG,16,ARI,30.0,CAR,36.0,6.0
2024_16_DET_CHI,2024,REG,16,DET,34.0,CHI,17.0,-17.0
2024_16_CLE_CIN,2024,REG,16,CLE,6.0,CIN,24.0,18.0
2024_16_TEN_IND,2024,REG,16,TEN,30.0,IND,38.0,8.0
2024_16_LA_NYJ,2024,REG,16,LA,19.0,NYJ,9.0,-10.0
2024_16_PHI_WAS,2024,REG,16,PHI,33.0,WAS,36.0,3.0
2024_16_MIN_SEA,2024,REG,16,MIN,27.0,SEA,24.0,-3.0
2024_16_NE_BUF,2024,REG,16,NE,21.0,BUF,24.0,3.0
2024_16_JAX_LV,2024,REG,16,JAX,14.0,LV,19.0,5.0
2024_16_SF_MIA,2024,REG,16,SF,17.0,MIA,29.0,12.0
2024_16_TB_DAL,2024,REG,16,TB,24.0,DAL,26.0,2.0
2024_16_NO_GB,2024,REG,16,NO,0.0,GB,34.0,34.0
2024_17_KC_PIT,2024,REG,17,KC,29.0,PIT,10.0,-19.0
2024_17_BAL_HOU,2024,REG,17,BAL,31.0,HOU,2.0,-29.0
2024_17_SEA_CHI,2024,REG,17,SEA,6.0,CHI,3.0,-3.0
2024_17_LAC_NE,2024,REG,17,LAC,40.0,NE,7.0,-33.0
2024_17_DEN_CIN,2024,REG,17,DEN,24.0,CIN,30.0,6.0
2024_17_ARI_LA,2024,REG,17,ARI,9.0,LA,13.0,4.0
2024_17_NYJ_BUF,2024,REG,17,NYJ,14.0,BUF,40.0,26.0
2024_17_TEN_JAX,2024,REG,17,TEN,13.0,JAX,20.0,7.0
2024_17_LV_NO,2024,REG,17,LV,25.0,NO,10.0,-15.0
2024_17_IND_NYG,2024,REG,17,IND,33.0,NYG,45.0,12.0
2024_17_DAL_PHI,2024,REG,17,DAL,7.0,PHI,41.0,34.0
2024_17_CAR_TB,2024,REG,17,CAR,14.0,TB,48.0,34.0
2024_17_MIA_CLE,2024,REG,17,MIA,20.0,CLE,3.0,-17.0
2024_17_GB_MIN,2024,REG,17,GB,25.0,MIN,27.0,2.0
2024_17_ATL_WAS,2024,REG,17,ATL,24.0,WAS,30.0,6.0
2024_17_DET_SF,2024,REG,17,DET,40.0,SF,34.0,-6.0
2024_18_CLE_BAL,2024,REG,18,CLE,10.0,BAL,35.0,25.0
2024_18_CIN_PIT,2024,REG,18,CIN,19.0,PIT,17.0,-2.0
2024_18_CAR_ATL,2024,REG,18,CAR,44.0,ATL,38.0,-6.0
2024_18_WAS_DAL,2024,REG,18,WAS,23.0,DAL,19.0,-4.0
2024_18_CHI_GB,2024,REG,18,CHI,24.0,GB,22.0,-2.0
2024_18_JAX_IND,2024,REG,18,JAX,23.0,IND,26.0,3.0
2024_18_BUF_NE,2024,REG,18,BUF,16.0,NE,23.0,7.0
2024_18_NYG_PHI,2024,REG,18,NYG,13.0,PHI,20.0,7.0
2024_18_NO_TB,2024,REG,18,NO,19.0,TB,27.0,8.0
2024_18_HOU_TEN,2024,REG,18,HOU,23.0,TEN,14.0,-9.0
2024_18_SF_ARI,2024,REG,18,SF,24.0,ARI,47.0,23.0
2024_18_KC_DEN,2024,REG,18,KC,0.0,DEN,38.0,38.0
2024_18_SEA_LA,2024,REG,18,SEA,30.0,LA,25.0,-5.0
2024_18_LAC_LV,2024,REG,18,LAC,34.0,LV,20.0,-14.0
2024_18_MIA_NYJ,2024,REG,18,MIA,20.0,NYJ,32.0,12.0
2024_18_MIN_DET,2024,REG,18,MIN,9.0,DET,31.0,22.0
2024_19_LAC_HOU,2024,WC,19,LAC,12.0,HOU,32.0,20.0
2024_19_PIT_BAL,2024,WC,19,PIT,14.0,BAL,28.0,14.0
2024_19_DEN_BUF,2024,WC,19,DEN,7.0,BUF,31.0,24.0
2024_19_GB_PHI,2024,WC,19,GB,10.0,PHI,22.0,12.0
2024_19_WAS_TB,2024,WC,19,WAS,23.0,TB,20.0,-3.0
2024_19_MIN_LA,2024,WC,19,MIN,9.0,LA,27.0,18.0
2024_20_HOU_KC,2024,DIV,20,HOU,14.0,KC,23.0,9.0
2024_20_WAS_DET,2024,DIV,20,WAS,45.0,DET,31.0,-14.0
2024_20_LA_PHI,2024,DIV,20,LA,22.0,PHI,28.0,6.0
2024_20_BAL_BUF,2024,DIV,20,BAL,25.0,BUF,27.0,2.0
2024_21_WAS_PHI,2024,CON,21,WAS,23.0,PHI,55.0,32.0
2024_21_BUF_KC,2024,CON,21,BUF,29.0,KC,32.0,3.0
2024_22_KC_PHI,2024,SB,22,KC,22.0,PHI,40.0,18.0
2025_01_DAL_PHI,2025,REG,1,DAL,20.0,PHI,24.0,4.0
2025_01_KC_LAC,2025,REG,1,KC,21.0,LAC,27.0,6.0
2025_01_TB_ATL,2025,REG,1,TB,23.0,ATL,20.0,-3.0
2025_01_CIN_CLE,2025,REG,1,CIN,17.0,CLE,16.0,-1.0
2025_01_MIA_IND,2025,REG,1,MIA,8.0,IND,33.0,25.0
2025_01_CAR_JAX,2025,REG,1,CAR,10.0,JAX,26.0,16.0
2025_01_LV_NE,2025,REG,1,LV,20.0,NE,13.0,-7.0
2025_01_ARI_NO,2025,REG,1,ARI,20.0,NO,13.0,-7.0
2025_01_PIT_NYJ,2025,REG,1,PIT,34.0,NYJ,32.0,-2.0
2025_01_NYG_WAS,2025,REG,1,NYG,6.0,WAS,21.0,15.0
2025_01_TEN_DEN,2025,REG,1,TEN,12.0,DEN,20.0,8.0
2025_01_SF_SEA,2025,REG,1,SF,17.0,SEA,13.0,-4.0
2025_01_DET_GB,2025,REG,1,DET,13.0,GB,27.0,14.0
2025_01_HOU_LA,2025,REG,1,HOU,9.0,LA,14.0,5.0
2025_01_BAL_BUF,2025,REG,1,BAL,40.0,BUF,41.0,1.0
2025_01_MIN_CHI,2025,REG,1,MIN,27.0,CHI,24.0,-3.0
2025_02_WAS_GB,2025,REG,2,WAS,18.0,GB,27.0,9.0
2025_02_CLE_BAL,2025,REG,2,CLE,17.0,BAL,41.0,24.0
2025_02_JAX_CIN,2025,REG,2,JAX,27.0,CIN,31.0,4.0
2025_02_NYG_DAL,2025,REG,2,NYG,37.0,DAL,40.0,3.0
2025_02_CHI_DET,2025,REG,2,CHI,21.0,DET,52.0,31.0
2025_02_NE_MIA,2025,REG,2,NE,33.0,MIA,27.0,-6.0
2025_02_SF_NO,2025,REG,2,SF,26.0,NO,21.0,-5.0
2025_02_BUF_NYJ,2025,REG,2,BUF,30.0,NYJ,10.0,-20.0
2025_02_SEA_PIT,2025,REG,2,SEA,31.0,PIT,17.0,-14.0
2025_02_LA_TEN,2025,REG,2,LA,33.0,TEN,19.0,-14.0
2025_02_CAR_ARI,2025,REG,2,CAR,22.0,ARI,27.0,5.0
2025_02_DEN_IND,2025,REG,2,DEN,28.0,IND,29.0,1.0
2025_02_PHI_KC,2025,REG,2,PHI,20.0,KC,17.0,-3.0
2025_02_ATL_MIN,2025,REG,2,ATL,22.0,MIN,6.0,-16.0
2025_02_TB_HOU,2025,REG,2,TB,20.0,HOU,19.0,-1.0
2025_02_LAC_LV,2025,REG,2,LAC,20.0,LV,9.0,-11.0
2025_03_MIA_BUF,2025,REG,3,MIA,21.0,BUF,31.0,10.0
2025_03_ATL_CAR,2025,REG,3,ATL,0.0,CAR,30.0,30.0
2025_03_GB_CLE,2025,REG,3,GB,10.0,CLE,13.0,3.0
2025_03_HOU_JAX,2025,REG,3,HOU,10.0,JAX,17.0,7.0
2025_03_CIN_MIN,2025,REG,3,CIN,10.0,MIN,48.0,38.0
2025_03_PIT_NE,2025,REG,3,PIT,21.0,NE,14.0,-7.0
2025_03_LA_PHI,2025,REG,3,LA,26.0,PHI,33.0,7.0
2025_03_NYJ_TB,2025,REG,3,NYJ,27.0,TB,29.0,2.0
2025_03_IND_TEN,2025,REG,3,IND,41.0,TEN,20.0,-21.0
2025_03_LV_WAS,2025,REG,3,LV,24.0,WAS,41.0,17.0
2025_03_DEN_LAC,2025,REG,3,DEN,20.0,LAC,23.0,3.0
2025_03_NO_SEA,2025,REG,3,NO,13.0,SEA,44.0,31.0
2025_03_DAL_CHI,2025,REG,3,DAL,14.0,CHI,31.0,17.0
2025_03_ARI_SF,2025,REG,3,ARI,15.0,SF,16.0,1.0
2025_03_KC_NYG,2025,REG,3,KC,22.0,NYG,9.0,-13.0
2025_03_DET_BAL,2025,REG,3,DET,38.0,BAL,30.0,-8.0
2025_04_SEA_ARI,2025,REG,4,SEA,23.0,ARI,20.0,-3.0
2025_04_MIN_PIT,2025,REG,4,MIN,21.0,PIT,24.0,3.0
2025_04_WAS_ATL,2025,REG,4,WAS,27.0,ATL,34.0,7.0
2025_04_NO_BUF,2025,REG,4,NO,19.0,BUF,31.0,12.0
2025_04_CLE_DET,2025,REG,4,CLE,10.0,DET,34.0,24.0
2025_04_TEN_HOU,2025,REG,4,TEN,0.0,HOU,26.0,26.0
2025_04_CAR_NE,2025,REG,4,CAR,13.0,NE,42.0,29.0
2025_04_LAC_NYG,2025,REG,4,LAC,18.0,NYG,21.0,3.0
2025_04_PHI_TB,2025,REG,4,PHI,31.0,TB,25.0,-6.0
2025_04_IND_LA,2025,REG,4,IND,20.0,LA,27.0,7.0
2025_04_JAX_SF,2025,REG,4,JAX,26.0,SF,21.0,-5.0
2025_04_BAL_KC,2025,REG,4,BAL,20.0,KC,37.0,17.0
2025_04_CHI_LV,2025,REG,4,CHI,25.0,LV,24.0,-1.0
2025_04_GB_DAL,2025,REG,4,GB,40.0,DAL,40.0,0.0
2025_04_NYJ_MIA,2025,REG,4,NYJ,21.0,MIA,27.0,6.0
2025_04_CIN_DEN,2025,REG,4,CIN,3.0,DEN,28.0,25.0
2025_05_SF_LA,2025,REG,5,SF,26.0,LA,23.0,-3.0
2025_05_MIN_CLE,2025,REG,5,MIN,21.0,CLE,17.0,-4.0
2025_05_HOU_BAL,2025,REG,5,HOU,44.0,BAL,10.0,-34.0
2025_05_MIA_CAR,2025,REG,5,MIA,24.0,CAR,27.0,3.0
2025_05_LV_IND,2025,REG,5,LV,6.0,IND,40.0,34.0
2025_05_NYG_NO,2025,REG,5,NYG,14.0,NO,26.0,12.0
2025_05_DAL_NYJ,2025,REG,5,DAL,37.0,NYJ,22.0,-15.0
2025_05_DEN_PHI,2025,REG,5,DEN,21.0,PHI,17.0,-4.0
2025_05_TEN_ARI,2025,REG,5,TEN,22.0,ARI,21.0,-1.0
2025_05_TB_SEA,2025,REG,5,TB,38.0,SEA,35.0,-3.0
2025_05_DET_CIN,2025,REG,5,DET,37.0,CIN,24.0,-13.0
2025_05_WAS_LAC,2025,REG,5,WAS,27.0,LAC,10.0,-17.0
2025_05_NE_BUF,2025,REG,5,NE,23.0,BUF,20.0,-3.0
2025_05_KC_JAX,2025,REG,5,KC,28.0,JAX,31.0,3.0
2025_06_PHI_NYG,2025,REG,6,PHI,17.0,NYG,34.0,17.0
2025_06_DEN_NYJ,2025,REG,6,DEN,13.0,NYJ,11.0,-2.0
2025_06_LA_BAL,2025,REG,6,LA,17.0,BAL,3.0,-14.0
2025_06_DAL_CAR,2025,REG,6,DAL,27.0,CAR,30.0,3.0
2025_06_ARI_IND,2025,REG,6,ARI,27.0,IND,31.0,4.0
2025_06_SEA_JAX,2025,REG,6,SEA,20.0,JAX,12.0,-8.0
2025_06_LAC_MIA,2025,REG,6,LAC,29.0,MIA,27.0,-2.0
2025_06_NE_NO,2025,REG,6,NE,25.0,NO,19.0,-6.0
2025_06_CLE_PIT,2025,REG,6,CLE,9.0,PIT,23.0,14.0
2025_06_TEN_LV,2025,REG,6,TEN,10.0,LV,20.0,10.0
2025_06_CIN_GB,2025,REG,6,CIN,18.0,GB,27.0,9.0
2025_06_SF_TB,2025,REG,6,SF,19.0,TB,30.0,11.0
2025_06_DET_KC,2025,REG,6,DET,17.0,KC,30.0,13.0
2025_06_BUF_ATL,2025,REG,6,BUF,14.0,ATL,24.0,10.0
2025_06_CHI_WAS,2025,REG,6,CHI,25.0,WAS,24.0,-1.0
2025_07_PIT_CIN,2025,REG,7,PIT,31.0,CIN,33.0,2.0
2025_07_LA_JAX,2025,REG,7,LA,35.0,JAX,7.0,-28.0
2025_07_NO_CHI,2025,REG,7,NO,14.0,CHI,26.0,12.0
2025_07_MIA_CLE,2025,REG,7,MIA,6.0,CLE,31.0,25.0
2025_07_LV_KC,2025,REG,7,LV,0.0,KC,31.0,31.0
2025_07_PHI_MIN,2025,REG,7,PHI,28.0,MIN,22.0,-6.0
2025_07_CAR_NYJ,2025,REG,7,CAR,13.0,NYJ,6.0,-7.0
2025_07_NE_TEN,2025,REG,7,NE,31.0,TEN,13.0,-18.0
2025_07_NYG_DEN,2025,REG,7,NYG,32.0,DEN,33.0,1.0
2025_07_IND_LAC,2025,REG,7,IND,38.0,LAC,24.0,-14.0
2025_07_GB_ARI,2025,REG,7,GB,27.0,ARI,23.0,-4.0
2025_07_WAS_DAL,2025,REG,7,WAS,22.0,DAL,44.0,22.0
2025_07_ATL_SF,2025,REG,7,ATL,10.0,SF,20.0,10.0
2025_07_TB_DET,2025,REG,7,TB,9.0,DET,24.0,15.0
2025_07_HOU_SEA,2025,REG,7,HOU,19.0,SEA,27.0,8.0
2025_08_MIN_LAC,2025,REG,8,MIN,10.0,LAC,37.0,27.0
2025_08_MIA_ATL,2025,REG,8,MIA,34.0,ATL,10.0,-24.0
2025_08_CHI_BAL,2025,REG,8,CHI,16.0,BAL,30.0,14.0
2025_08_BUF_CAR,2025,REG,8,BUF,40.0,CAR,9.0,-31.0
2025_08_NYJ_CIN,2025,REG,8,NYJ,39.0,CIN,38.0,-1.0
2025_08_SF_HOU,2025,REG,8,SF,15.0,HOU,26.0,11.0
2025_08_CLE_NE,2025,REG,8,CLE,13.0,NE,32.0,19.0
2025_08_NYG_PHI,2025,REG,8,NYG,20.0,PHI,38.0,18.0
2025_08_TB_NO,2025,REG,8,TB,23.0,NO,3.0,-20.0
2025_08_DAL_DEN,2025,REG,8,DAL,24.0,DEN,44.0,20.0
2025_08_TEN_IND,2025,REG,8,TEN,14.0,IND,38.0,24.0
2025_08_GB_PIT,2025,REG,8,GB,35.0,PIT,25.0,-10.0
2025_08_WAS_KC,2025,REG,8,WAS,7.0,KC,28.0,21.0
2025_09_BAL_MIA,2025,REG,9,BAL,28.0,MIA,6.0,-22.0
2025_09_CHI_CIN,2025,REG,9,CHI,47.0,CIN,42.0,-5.0
2025_09_MIN_DET,2025,REG,9,MIN,27.0,DET,24.0,-3.0
2025_09_CAR_GB,2025,REG,9,CAR,16.0,GB,13.0,-3.0
2025_09_DEN_HOU,2025,REG,9,DEN,18.0,HOU,15.0,-3.0
2025_09_ATL_NE,2025,REG,9,ATL,23.0,NE,24.0,1.0
2025_09_SF_NYG,2025,REG,9,SF,34.0,NYG,24.0,-10.0
2025_09_IND_PIT,2025,REG,9,IND,20.0,PIT,27.0,7.0
2025_09_LAC_TEN,2025,REG,9,LAC,27.0,TEN,20.0,-7.0
2025_09_NO_LA,2025,REG,9,NO,10.0,LA,34.0,24.0
2025_09_JAX_LV,2025,REG,9,JAX,30.0,LV,29.0,-1.0
2025_09_KC_BUF,2025,REG,9,KC,21.0,BUF,28.0,7.0
2025_09_SEA_WAS,2025,REG,9,SEA,38.0,WAS,14.0,-24.0
2025_09_ARI_DAL,2025,REG,9,ARI,27.0,DAL,17.0,-10.0
2025_10_LV_DEN,2025,REG,10,LV,7.0,DEN,10.0,3.0
2025_10_ATL_IND,2025,REG,10,ATL,25.0,IND,31.0,6.0
2025_10_NO_CAR,2025,REG,10,NO,17.0,CAR,7.0,-10.0
2025_10_NYG_CHI,2025,REG,10,NYG,20.0,CHI,24.0,4.0
2025_10_JAX_HOU,2025,REG,10,JAX,29.0,HOU,36.0,7.0
2025_10_BUF_MIA,2025,REG,10,BUF,13.0,MIA,30.0,17.0
2025_10_BAL_MIN,2025,REG,10,BAL,27.0,MIN,19.0,-8.0
2025_10_CLE_NYJ,2025,REG,10,CLE,20.0,NYJ,27.0,7.0
2025_10_NE_TB,2025,REG,10,NE,28.0,TB,23.0,-5.0
2025_10_ARI_SEA,2025,REG,10,ARI,22.0,SEA,44.0,22.0
2025_10_LA_SF,2025,REG,10,LA,42.0,SF,26.0,-16.0
2025_10_DET_WAS,2025,REG,10,DET,44.0,WAS,22.0,-22.0
2025_10_PIT_LAC,2025,REG,10,PIT,10.0,LAC,25.0,15.0
2025_10_PHI_GB,2025,REG,10,PHI,10.0,GB,7.0,-3.0
2025_11_NYJ_NE,2025,REG,11,NYJ,14.0,NE,27.0,13.0
2025_11_WAS_MIA,2025,REG,11,WAS,13.0,MIA,16.0,3.0
2025_11_CAR_ATL,2025,REG,11,CAR,30.0,ATL,27.0,-3.0
2025_11_TB_BUF,2025,REG,11,TB,32.0,BUF,44.0,12.0
2025_11_LAC_JAX,2025,REG,11,LAC,6.0,JAX,35.0,29.0
2025_11_CHI_MIN,2025,REG,11,CHI,19.0,MIN,17.0,-2.0
2025_11_GB_NYG,2025,REG,11,GB,27.0,NYG,20.0,-7.0
2025_11_CIN_PIT,2025,REG,11,CIN,12.0,PIT,34.0,22.0
2025_11_HOU_TEN,2025,REG,11,HOU,16.0,TEN,13.0,-3.0
2025_11_SF_ARI,2025,REG,11,SF,41.0,ARI,22.0,-19.0
2025_11_SEA_LA,2025,REG,11,SEA,19.0,LA,21.0,2.0
2025_11_BAL_CLE,2025,REG,11,BAL,23.0,CLE,16.0,-7.0
2025_11_KC_DEN,2025,REG,11,KC,19.0,DEN,22.0,3.0
2025_11_DET_PHI,2025,REG,11,DET,9.0,PHI,16.0,7.0
2025_11_DAL_LV,2025,REG,11,DAL,33.0,LV,16.0,-17.0
2025_12_BUF_HOU,2025,REG,12,BUF,19.0,HOU,23.0,4.0
2025_12_NYJ_BAL,2025,REG,12,NYJ,10.0,BAL,23.0,13.0
2025_12_PIT_CHI,2025,REG,12,PIT,28.0,CHI,31.0,3.0
2025_12_NE_CIN,2025,REG,12,NE,26.0,CIN,20.0,-6.0
2025_12_NYG_DET,2025,REG,12,NYG,27.0,DET,34.0,7.0
2025_12_MIN_GB,2025,REG,12,MIN,6.0,GB,23.0,17.0
2025_12_IND_KC,2025,REG,12,IND,20.0,KC,23.0,3.0
2025_12_SEA_TEN,2025,REG,12,SEA,30.0,TEN,24.0,-6.0
2025_12_JAX_ARI,2025,REG,12,JAX,27.0,ARI,24.0,-3.0
2025_12_CLE_LV,2025,REG,12,CLE,24.0,LV,10.0,-14.0
2025_12_PHI_DAL,2025,REG,12,PHI,21.0,DAL,24.0,3.0
2025_12_ATL_NO,2025,REG,12,ATL,24.0,NO,10.0,-14.0
2025_12_TB_LA,2025,REG,12,TB,7.0,LA,34.0,27.0
2025_12_CAR_SF,2025,REG,12,CAR,9.0,SF,20.0,11.0
2025_13_GB_DET,2025,REG,13,GB,31.0,DET,24.0,-7.0
2025_13_KC_DAL,2025,REG,13,KC,28.0,DAL,31.0,3.0
2025_13_CIN_BAL,2025,REG,13,CIN,32.0,BAL,14.0,-18.0
2025_13_CHI_PHI,2025,REG,13,CHI,24.0,PHI,15.0,-9.0
2025_13_LA_CAR,2025,REG,13,LA,28.0,CAR,31.0,3.0
2025_13_SF_CLE,2025,REG,13,SF,26.0,CLE,8.0,-18.0
2025_13_HOU_IND,2025,REG,13,HOU,20.0,IND,16.0,-4.0
2025_13_NO_MIA,2025,REG,13,NO,17.0,MIA,21.0,4.0
2025_13_ATL_NYJ,2025,REG,13,ATL,24.0,NYJ,27.0,3.0
2025_13_ARI_TB,2025,REG,13,ARI,17.0,TB,20.0,3.0
2025_13_JAX_TEN,2025,REG,13,JAX,25.0,TEN,3.0,-22.0
2025_13_MIN_SEA,2025,REG,13,MIN,0.0,SEA,26.0,26.0
2025_13_LV_LAC,2025,REG,13,LV,14.0,LAC,31.0,17.0
2025_13_BUF_PIT,2025,REG,13,BUF,26.0,PIT,7.0,-19.0
2025_13_DEN_WAS,2025,REG,13,DEN,27.0,WAS,26.0,-1.0
2025_13_NYG_NE,2025,REG,13,NYG,15.0,NE,33.0,18.0
2025_14_DAL_DET,2025,REG,14,DAL,30.0,DET,44.0,14.0
2025_14_SEA_ATL,2025,REG,14,SEA,37.0,ATL,9.0,-28.0
2025_14_PIT_BAL,2025,REG,14,PIT,27.0,BAL,22.0,-5.0
2025_14_CIN_BUF,2025,REG,14,CIN,34.0,BUF,39.0,5.0
2025_14_TEN_CLE,2025,REG,14,TEN,31.0,CLE,29.0,-2.0
2025_14_IND_JAX,2025,REG,14,IND,19.0,JAX,36.0,17.0
2025_14_WAS_MIN,2025,REG,14,WAS,0.0,MIN,31.0,31.0
2025_14_MIA_NYJ,2025,REG,14,MIA,34.0,NYJ,10.0,-24.0
2025_14_NO_TB,2025,REG,14,NO,24.0,TB,20.0,-4.0
2025_14_DEN_LV,2025,REG,14,DEN,24.0,LV,17.0,-7.0
2025_14_LA_ARI,2025,REG,14,LA,45.0,ARI,17.0,-28.0
2025_14_CHI_GB,2025,REG,14,CHI,21.0,GB,28.0,7.0
2025_14_HOU_KC,2025,REG,14,HOU,20.0,KC,10.0,-10.0
2025_14_PHI_LAC,2025,REG,14,PHI,19.0,LAC,22.0,3.0
2025_15_ATL_TB,2025,REG,15,ATL,29.0,TB,28.0,-1.0
2025_15_CLE_CHI,2025,REG,15,CLE,3.0,CHI,31.0,28.0
2025_15_BAL_CIN,2025,REG,15,BAL,24.0,CIN,0.0,-24.0
2025_15_ARI_HOU,2025,REG,15,ARI,20.0,HOU,40.0,20.0
2025_15_NYJ_JAX,2025,REG,15,NYJ,20.0,JAX,48.0,28.0
2025_15_LAC_KC,2025,REG,15,LAC,16.0,KC,13.0,-3.0
2025_15_BUF_NE,2025,REG,15,BUF,35.0,NE,31.0,-4.0
2025_15_WAS_NYG,2025,REG,15,WAS,29.0,NYG,21.0,-8.0
2025_15_LV_PHI,2025,REG,15,LV,0.0,PHI,31.0,31.0
2025_15_GB_DEN,2025,REG,15,GB,26.0,DEN,34.0,8.0
2025_15_DET_LA,2025,REG,15,DET,34.0,LA,41.0,7.0
2025_15_CAR_NO,2025,REG,15,CAR,17.0,NO,20.0,3.0
2025_15_IND_SEA,2025,REG,15,IND,16.0,SEA,18.0,2.0
2025_15_TEN_SF,2025,REG,15,TEN,24.0,SF,37.0,13.0
2025_15_MIN_DAL,2025,REG,15,MIN,34.0,DAL,26.0,-8.0
2025_15_MIA_PIT,2025,REG,15,MIA,15.0,PIT,28.0,13.0
2025_16_LA_SEA,2025,REG,16,LA,37.0,SEA,38.0,1.0
2025_16_PHI_WAS,2025,REG,16,PHI,29.0,WAS,18.0,-11.0
2025_16_GB_CHI,2025,REG,16,GB,16.0,CHI,22.0,6.0
2025_16_TB_CAR,2025,REG,16,TB,20.0,CAR,23.0,3.0
2025_16_BUF_CLE,2025,REG,16,BUF,23.0,CLE,20.0,-3.0
2025_16_LAC_DAL,2025,REG,16,LAC,34.0,DAL,17.0,-17.0
2025_16_CIN_MIA,2025,REG,16,CIN,45.0,MIA,21.0,-24.0
2025_16_NYJ_NO,2025,REG,16,NYJ,6.0,NO,29.0,23.0
2025_16_MIN_NYG,2025,REG,16,MIN,16.0,NYG,13.0,-3.0
2025_16_KC_TEN,2025,REG,16,KC,9.0,TEN,26.0,17.0
2025_16_ATL_ARI,2025,REG,16,ATL,26.0,ARI,19.0,-7.0
2025_16_JAX_DEN,2025,REG,16,JAX,34.0,DEN,20.0,-14.0
2025_16_PIT_DET,2025,REG,16,PIT,29.0,DET,24.0,-5.0
2025_16_LV_HOU,2025,REG,16,LV,21.0,HOU,23.0,2.0
2025_16_NE_BAL,2025,REG,16,NE,28.0,BAL,24.0,-4.0
2025_16_SF_IND,2025,REG,16,SF,48.0,IND,27.0,-21.0
2025_17_DAL_WAS,2025,REG,17,DAL,30.0,WAS,23.0,-7.0
2025_17_DET_MIN,2025,REG,17,DET,10.0,MIN,23.0,13.0
2025_17_DEN_KC,2025,REG,17,DEN,20.0,KC,13.0,-7.0
2025_17_HOU_LAC,2025,REG,17,HOU,20.0,LAC,16.0,-4.0
2025_17_BAL_GB,2025,REG,17,BAL,41.0,GB,24.0,-17.0
2025_17_SEA_CAR,2025,REG,17,SEA,27.0,CAR,10.0,-17.0
2025_17_ARI_CIN,2025,REG,17,ARI,14.0,CIN,37.0,23.0
2025_17_PIT_CLE,2025,REG,17,PIT,6.0,CLE,13.0,7.0
2025_17_JAX_IND,2025,REG,17,JAX,23.0,IND,17.0,-6.0
2025_17_TB_MIA,2025,REG,17,TB,17.0,MIA,20.0,3.0
2025_17_NE_NYJ,2025,REG,17,NE,42.0,NYJ,10.0,-32.0
2025_17_NO_TEN,2025,REG,17,NO,34.0,TEN,26.0,-8.0
2025_17_NYG_LV,2025,REG,17,NYG,34.0,LV,10.0,-24.0
2025_17_PHI_BUF,2025,REG,17,PHI,13.0,BUF,12.0,-1.0
2025_17_CHI_SF,2025,REG,17,CHI,38.0,SF,42.0,4.0
2025_17_LA_ATL,2025,REG,17,LA,24.0,ATL,27.0,3.0
2025_18_CAR_TB,2025,REG,18,CAR,14.0,TB,16.0,2.0
2025_18_SEA_SF,2025,REG,18,SEA,13.0,SF,3.0,-10.0
2025_18_NO_ATL,2025,REG,18,NO,17.0,ATL,19.0,2.0
2025_18_CLE_CIN,2025,REG,18,CLE,20.0,CIN,18.0,-2.0
2025_18_IND_HOU,2025,REG,18,IND,30.0,HOU,38.0,8.0
2025_18_TEN_JAX,2025,REG,18,TEN,7.0,JAX,41.0,34.0
2025_18_GB_MIN,2025,REG,18,GB,3.0,MIN,16.0,13.0
2025_18_DAL_NYG,2025,REG,18,DAL,17.0,NYG,34.0,17.0
2025_18_NYJ_BUF,2025,REG,18,NYJ,8.0,BUF,35.0,27.0
2025_18_DET_CHI,2025,REG,18,DET,19.0,CHI,16.0,-3.0
2025_18_LAC_DEN,2025,REG,18,LAC,3.0,DEN,19.0,16.0
2025_18_ARI_LA,2025,REG,18,ARI,20.0,LA,37.0,17.0
2025_18_KC_LV,2025,REG,18,KC,12.0,LV,14.0,2.0
2025_18_MIA_NE,2025,REG,18,MIA,10.0,NE,38.0,28.0
2025_18_WAS_PHI,2025,REG,18,WAS,24.0,PHI,17.0,-7.0
2025_18_BAL_PIT,2025,REG,18,BAL,24.0,PIT,26.0,2.0
2025_19_LA_CAR,2025,WC,19,LA,34.0,CAR,31.0,-3.0
2025_19_GB_CHI,2025,WC,19,GB,27.0,CHI,31.0,4.0
2025_19_BUF_JAX,2025,WC,19,BUF,27.0,JAX,24.0,-3.0
2025_19_SF_PHI,2025,WC,19,SF,23.0,PHI,19.0,-4.0
2025_19_LAC_NE,2025,WC,19,LAC,3.0,NE,16.0,13.0
2025_19_HOU_PIT,2025,WC,19,HOU,30.0,PIT,6.0,-24.0
2025_20_BUF_DEN,2025,DIV,20,BUF,30.0,DEN,33.0,3.0
2025_20_SF_SEA,2025,DIV,20,SF,6.0,SEA,41.0,35.0
2025_20_HOU_NE,2025,DIV,20,HOU,16.0,NE,28.0,12.0
2025_20_LA_CHI,2025,DIV,20,LA,20.0,CHI,17.0,-3.0
2025_21_NE_DEN,2025,CON,21,NE,10.0,DEN,7.0,-3.0
2025_21_LA_SEA,2025,CON,21,LA,27.0,SEA,31.0,4.0
2025_22_SEA_NE,2025,SB,22,SEA,29.0,NE,13.0,-16.0
