season,week,game_type,home_team,away_team,home_score,away_score,result,elo_local_pre,elo_visita_pre,prob_local,elo_local_post,elo_visita_post
2005,1,REG,NE,LV,30.0,20.0,10.0,1611.03,1415.66,0.8174,1614.68,1412.01
2005,1,REG,BUF,HOU,22.0,7.0,15.0,1496.63,1467.93,0.6317,1504.0,1460.56
2005,1,REG,CAR,NO,20.0,23.0,-3.0,1527.82,1485.42,0.6498,1514.82,1498.42
2005,1,REG,CLE,CIN,13.0,27.0,-14.0,1452.55,1552.67,0.4496,1443.56,1561.67
2005,1,REG,JAX,SEA,26.0,14.0,12.0,1400.86,1575.96,0.3466,1413.92,1562.89
2005,1,REG,KC,NYJ,27.0,7.0,20.0,1509.49,1466.15,0.6511,1516.47,1459.17
2005,1,REG,MIA,DEN,34.0,10.0,24.0,1503.76,1585.11,0.4765,1514.23,1574.64
2005,1,REG,MIN,TB,13.0,24.0,-11.0,1480.39,1413.45,0.6812,1466.77,1427.08
2005,1,REG,PIT,TEN,34.0,7.0,27.0,1524.92,1419.68,0.7271,1530.38,1414.23
2005,1,REG,WAS,CHI,9.0,7.0,2.0,1420.44,1448.0,0.5537,1429.37,1439.08
2005,1,REG,DET,GB,17.0,3.0,14.0,1496.59,1568.03,0.4907,1506.78,1557.84
2005,1,REG,NYG,ARI,42.0,19.0,23.0,1460.94,1545.71,0.4716,1471.51,1535.14
2005,1,REG,LAC,DAL,24.0,28.0,-4.0,1518.32,1549.58,0.5484,1507.35,1560.55
2005,1,REG,SF,LA,28.0,25.0,3.0,1541.26,1483.34,0.6699,1547.86,1476.74
2005,1,REG,BAL,IND,7.0,24.0,-17.0,1530.35,1545.78,0.5709,1518.93,1557.2
2005,1,REG,ATL,PHI,14.0,10.0,4.0,1493.55,1508.63,0.5714,1502.12,1500.05
2005,2,REG,CAR,NE,27.0,17.0,10.0,1514.82,1614.68,0.45,1525.82,1603.68
2005,2,REG,CHI,DET,38.0,6.0,32.0,1439.08,1506.78,0.4961,1449.15,1496.7
2005,2,REG,CIN,MIN,37.0,8.0,29.0,1561.67,1466.77,0.7151,1567.36,1461.07
2005,2,REG,HOU,PIT,7.0,27.0,-20.0,1460.56,1530.38,0.4931,1450.7,1540.24
2005,2,REG,IND,JAX,10.0,3.0,7.0,1557.2,1413.92,0.7683,1561.83,1409.29
2005,2,REG,PHI,SF,42.0,3.0,39.0,1500.05,1547.86,0.5247,1509.56,1538.36
2005,2,REG,TB,BUF,19.0,3.0,16.0,1427.08,1504.0,0.4829,1437.42,1493.65
2005,2,REG,TEN,BAL,25.0,10.0,15.0,1414.23,1518.93,0.4431,1425.36,1507.79
2005,2,REG,ARI,LA,12.0,17.0,-5.0,1535.14,1476.74,0.6705,1521.73,1490.15
2005,2,REG,SEA,ATL,21.0,18.0,3.0,1562.89,1502.12,0.6735,1569.42,1495.59
2005,2,REG,DEN,LAC,20.0,17.0,3.0,1574.64,1507.35,0.6817,1581.0,1500.99
2005,2,REG,GB,CLE,24.0,26.0,-2.0,1557.84,1443.56,0.7373,1543.09,1458.3
2005,2,REG,NYJ,MIA,17.0,7.0,10.0,1459.17,1514.23,0.5143,1468.88,1504.52
2005,2,REG,LV,KC,17.0,23.0,-6.0,1412.01,1516.47,0.4435,1403.14,1525.34
2005,2,REG,DAL,WAS,13.0,14.0,-1.0,1560.55,1429.37,0.7557,1545.44,1444.48
2005,2,REG,NO,NYG,10.0,27.0,-17.0,1498.42,1471.51,0.6293,1485.83,1484.09
2005,3,REG,BUF,ATL,16.0,24.0,-8.0,1493.65,1495.59,0.5898,1481.86,1507.39
2005,3,REG,CHI,CIN,7.0,24.0,-17.0,1449.15,1567.36,0.424,1440.67,1575.84
2005,3,REG,GB,TB,16.0,17.0,-1.0,1543.09,1437.42,0.7276,1528.54,1451.97
2005,3,REG,IND,CLE,13.0,6.0,7.0,1561.83,1458.3,0.7251,1567.33,1452.81
2005,3,REG,MIA,CAR,27.0,24.0,3.0,1504.52,1525.82,0.5626,1513.27,1517.07
2005,3,REG,MIN,NO,33.0,16.0,17.0,1461.07,1485.83,0.5576,1469.92,1476.99
2005,3,REG,NYJ,JAX,20.0,26.0,-6.0,1468.88,1409.29,0.672,1455.44,1422.73
2005,3,REG,PHI,LV,23.0,20.0,3.0,1509.56,1403.14,0.7284,1514.99,1397.71
2005,3,REG,LA,TEN,31.0,27.0,4.0,1490.15,1425.36,0.6785,1496.58,1418.93
2005,3,REG,SEA,ARI,37.0,12.0,25.0,1569.42,1521.73,0.6567,1576.29,1514.87
2005,3,REG,SF,DAL,31.0,34.0,-3.0,1538.36,1545.44,0.5826,1526.71,1557.09
2005,3,REG,PIT,NE,20.0,23.0,-3.0,1540.24,1603.68,0.5022,1530.2,1613.72
2005,3,REG,LAC,NYG,45.0,23.0,22.0,1500.99,1484.09,0.6157,1508.67,1476.41
2005,3,REG,DEN,KC,30.0,10.0,20.0,1581.0,1525.34,0.667,1587.66,1518.68
2005,4,REG,CIN,HOU,16.0,10.0,6.0,1575.84,1450.7,0.7492,1580.86,1445.68
2005,4,REG,JAX,DEN,7.0,20.0,-13.0,1422.73,1587.66,0.36,1415.53,1594.86
2005,4,REG,NE,LAC,17.0,41.0,-24.0,1613.72,1508.67,0.7269,1599.19,1523.21
2005,4,REG,NO,BUF,19.0,7.0,12.0,1476.99,1481.86,0.5857,1485.27,1473.57
2005,4,REG,NYG,LA,44.0,24.0,20.0,1476.41,1496.58,0.5642,1485.12,1487.86
2005,4,REG,TB,DET,17.0,13.0,4.0,1451.97,1496.7,0.5291,1461.39,1487.28
2005,4,REG,TEN,IND,10.0,31.0,-21.0,1418.93,1567.33,0.3822,1411.29,1574.97
2005,4,REG,WAS,SEA,20.0,17.0,3.0,1444.48,1576.29,0.405,1456.38,1564.39
2005,4,REG,BAL,NYJ,13.0,3.0,10.0,1507.79,1455.44,0.6627,1514.54,1448.7
2005,4,REG,ATL,MIN,30.0,10.0,20.0,1507.39,1469.92,0.6433,1514.52,1462.78
2005,4,REG,KC,PHI,31.0,37.0,-6.0,1518.68,1514.99,0.5976,1506.72,1526.94
2005,4,REG,LV,DAL,19.0,13.0,6.0,1397.71,1557.09,0.3674,1410.36,1544.44
2005,4,REG,ARI,SF,31.0,14.0,17.0,1514.87,1526.71,0.5759,1523.35,1518.22
2005,4,REG,CAR,GB,32.0,29.0,3.0,1517.07,1528.54,0.5764,1525.54,1520.07
2005,5,REG,ATL,NE,28.0,31.0,-3.0,1514.52,1599.19,0.4717,1505.09,1608.62
2005,5,REG,BUF,MIA,20.0,14.0,6.0,1473.57,1513.27,0.5363,1482.84,1503.99
2005,5,REG,CLE,CHI,20.0,10.0,10.0,1452.81,1440.67,0.6092,1460.62,1432.86
2005,5,REG,DET,BAL,35.0,17.0,18.0,1487.28,1514.54,0.5541,1496.2,1505.62
2005,5,REG,GB,NO,52.0,3.0,49.0,1520.07,1485.27,0.6398,1527.27,1478.07
2005,5,REG,HOU,TEN,20.0,34.0,-14.0,1445.68,1411.29,0.6393,1432.9,1424.08
2005,5,REG,NYJ,TB,14.0,12.0,2.0,1448.7,1461.39,0.5747,1457.2,1452.89
2005,5,REG,LA,SEA,31.0,37.0,-6.0,1487.86,1564.39,0.4834,1478.19,1574.06
2005,5,REG,SF,IND,3.0,28.0,-25.0,1518.22,1574.97,0.5119,1507.99,1585.21
2005,5,REG,ARI,CAR,20.0,24.0,-4.0,1523.35,1525.54,0.5894,1511.56,1537.33
2005,5,REG,DAL,PHI,33.0,10.0,23.0,1544.44,1526.94,0.6165,1552.11,1519.27
2005,5,REG,DEN,WAS,21.0,19.0,2.0,1594.86,1456.38,0.7634,1599.6,1451.65
2005,5,REG,JAX,CIN,23.0,20.0,3.0,1415.53,1580.86,0.3595,1428.34,1568.05
2005,5,REG,LAC,PIT,22.0,24.0,-2.0,1523.21,1530.2,0.5827,1511.56,1541.85
2005,6,REG,BAL,CLE,16.0,3.0,13.0,1505.62,1460.62,0.6532,1512.56,1453.69
2005,6,REG,CHI,MIN,28.0,3.0,25.0,1432.86,1462.78,0.5503,1441.85,1453.79
2005,6,REG,DAL,NYG,16.0,13.0,3.0,1552.11,1485.12,0.6813,1558.48,1478.75
2005,6,REG,DET,CAR,20.0,21.0,-1.0,1496.2,1537.33,0.5343,1485.51,1548.02
2005,6,REG,KC,WAS,28.0,21.0,7.0,1506.72,1451.65,0.6662,1513.4,1444.98
2005,6,REG,NO,ATL,31.0,34.0,-3.0,1478.07,1505.09,0.5544,1466.98,1516.17
2005,6,REG,PIT,JAX,17.0,23.0,-6.0,1541.85,1428.34,0.7364,1527.12,1443.07
2005,6,REG,TB,MIA,27.0,13.0,14.0,1452.89,1503.99,0.52,1462.49,1494.39
2005,6,REG,TEN,CIN,23.0,31.0,-8.0,1424.08,1568.05,0.3883,1416.31,1575.81
2005,6,REG,BUF,NYJ,27.0,17.0,10.0,1482.84,1457.2,0.6276,1490.29,1449.75
2005,6,REG,DEN,NE,28.0,20.0,8.0,1599.6,1608.62,0.5799,1608.0,1600.22
2005,6,REG,LV,LAC,14.0,27.0,-13.0,1410.36,1511.56,0.4481,1401.4,1520.52
2005,6,REG,SEA,HOU,42.0,10.0,32.0,1574.06,1432.9,0.7662,1578.73,1428.22
2005,6,REG,IND,LA,45.0,28.0,17.0,1585.21,1478.19,0.7291,1590.63,1472.77
2005,7,REG,MIA,KC,20.0,30.0,-10.0,1494.39,1513.4,0.5658,1483.08,1524.72
2005,7,REG,CIN,PIT,13.0,27.0,-14.0,1575.81,1527.12,0.658,1562.65,1540.28
2005,7,REG,CLE,DET,10.0,13.0,-3.0,1453.69,1485.51,0.5476,1442.74,1496.47
2005,7,REG,HOU,IND,20.0,38.0,-18.0,1428.22,1590.63,0.3634,1420.95,1597.89
2005,7,REG,MIN,GB,23.0,20.0,3.0,1453.79,1527.27,0.4878,1464.03,1517.03
2005,7,REG,PHI,LAC,20.0,17.0,3.0,1519.27,1520.52,0.5907,1527.46,1512.33
2005,7,REG,LA,NO,28.0,17.0,11.0,1472.77,1466.98,0.6005,1480.76,1458.99
2005,7,REG,WAS,SF,52.0,17.0,35.0,1444.98,1507.99,0.5029,1454.92,1498.04
2005,7,REG,SEA,DAL,13.0,10.0,3.0,1578.73,1558.48,0.6203,1586.33,1550.89
2005,7,REG,ARI,TEN,20.0,10.0,10.0,1511.56,1416.31,0.7155,1517.25,1410.62
2005,7,REG,CHI,BAL,10.0,6.0,4.0,1441.85,1512.56,0.4918,1452.02,1502.39
2005,7,REG,NYG,DEN,24.0,23.0,1.0,1478.75,1608.0,0.4086,1490.58,1596.17
2005,7,REG,LV,BUF,38.0,17.0,21.0,1401.4,1490.29,0.4657,1412.08,1479.61
2005,7,REG,ATL,NYJ,27.0,14.0,13.0,1516.17,1449.75,0.6806,1522.56,1443.37
2005,8,REG,CAR,MIN,38.0,13.0,25.0,1548.02,1464.03,0.7022,1553.98,1458.08
2005,8,REG,CIN,GB,21.0,14.0,7.0,1562.65,1517.03,0.654,1569.57,1510.11
2005,8,REG,DAL,ARI,34.0,13.0,21.0,1550.89,1517.25,0.6383,1558.12,1510.01
2005,8,REG,DET,CHI,13.0,19.0,-6.0,1496.47,1452.02,0.6525,1483.42,1465.07
2005,8,REG,HOU,CLE,19.0,16.0,3.0,1420.95,1442.74,0.5619,1429.72,1433.97
2005,8,REG,NYG,WAS,36.0,0.0,36.0,1490.58,1454.92,0.6409,1497.76,1447.74
2005,8,REG,LA,JAX,24.0,21.0,3.0,1480.76,1443.07,0.6436,1487.89,1435.94
2005,8,REG,TEN,LV,25.0,34.0,-9.0,1410.62,1412.08,0.5904,1398.81,1423.89
2005,8,REG,NO,MIA,6.0,21.0,-15.0,1458.99,1483.08,0.5586,1447.82,1494.25
2005,8,REG,LAC,KC,28.0,20.0,8.0,1512.33,1524.72,0.5751,1520.83,1516.22
2005,8,REG,DEN,PHI,49.0,21.0,28.0,1596.17,1527.46,0.6835,1602.5,1521.13
2005,8,REG,SF,TB,15.0,10.0,5.0,1498.04,1462.49,0.6408,1505.23,1455.3
2005,8,REG,NE,BUF,21.0,16.0,5.0,1600.22,1479.61,0.7443,1605.33,1474.49
2005,8,REG,PIT,BAL,20.0,19.0,1.0,1540.28,1502.39,0.6439,1547.4,1495.27
2005,9,REG,BAL,CIN,9.0,21.0,-12.0,1495.27,1569.57,0.4866,1485.54,1579.31
2005,9,REG,CLE,TEN,20.0,14.0,6.0,1433.97,1398.81,0.6403,1441.17,1391.62
2005,9,REG,JAX,HOU,21.0,14.0,7.0,1435.94,1429.72,0.6011,1443.92,1421.74
2005,9,REG,KC,LV,27.0,23.0,4.0,1516.22,1423.89,0.7121,1521.98,1418.14
2005,9,REG,MIA,ATL,10.0,17.0,-7.0,1494.25,1522.56,0.5526,1483.2,1533.61
2005,9,REG,MIN,DET,27.0,14.0,13.0,1458.08,1483.42,0.5568,1466.94,1474.55
2005,9,REG,NYJ,LAC,26.0,31.0,-5.0,1443.37,1520.83,0.4821,1433.72,1530.47
2005,9,REG,TB,CAR,14.0,34.0,-20.0,1455.3,1553.98,0.4517,1446.27,1563.01
2005,9,REG,ARI,SEA,19.0,33.0,-14.0,1510.01,1586.33,0.4837,1500.34,1596.0
2005,9,REG,NO,CHI,17.0,20.0,-3.0,1447.82,1465.07,0.5683,1436.45,1476.43
2005,9,REG,SF,NYG,6.0,24.0,-18.0,1505.23,1497.76,0.6028,1493.17,1509.82
2005,9,REG,GB,PIT,10.0,20.0,-10.0,1510.11,1547.4,0.5398,1499.32,1558.2
2005,9,REG,WAS,PHI,17.0,10.0,7.0,1447.74,1521.13,0.4879,1457.98,1510.88
2005,9,REG,NE,IND,21.0,40.0,-19.0,1605.33,1597.89,0.6028,1593.28,1609.95
2005,10,REG,BUF,KC,14.0,3.0,11.0,1474.49,1521.98,0.5252,1483.99,1512.48
2005,10,REG,CHI,SF,17.0,9.0,8.0,1476.43,1493.17,0.569,1485.05,1484.55
2005,10,REG,DET,ARI,29.0,21.0,8.0,1474.55,1500.34,0.5562,1483.43,1491.46
2005,10,REG,IND,HOU,31.0,17.0,14.0,1609.95,1421.74,0.8112,1613.73,1417.96
2005,10,REG,JAX,BAL,30.0,3.0,27.0,1443.92,1485.54,0.5336,1453.25,1476.21
2005,10,REG,MIA,NE,16.0,23.0,-7.0,1483.2,1593.28,0.4355,1474.49,1601.99
2005,10,REG,NYG,MIN,21.0,24.0,-3.0,1509.82,1466.94,0.6504,1496.81,1479.95
2005,10,REG,CAR,NYJ,30.0,3.0,27.0,1563.01,1433.72,0.7537,1567.94,1428.8
2005,10,REG,LV,DEN,17.0,31.0,-14.0,1418.14,1602.5,0.3347,1411.44,1609.19
2005,10,REG,ATL,GB,25.0,33.0,-8.0,1533.61,1499.32,0.6391,1520.83,1512.1
2005,10,REG,SEA,LA,31.0,16.0,15.0,1596.0,1487.89,0.7304,1601.4,1482.5
2005,10,REG,TB,WAS,36.0,35.0,1.0,1446.27,1457.98,0.5761,1454.75,1449.5
2005,10,REG,PIT,CLE,34.0,21.0,13.0,1558.2,1441.17,0.7404,1563.39,1435.97
2005,10,REG,PHI,DAL,20.0,21.0,-1.0,1510.88,1558.12,0.5255,1500.37,1568.63
2005,11,REG,ATL,TB,27.0,30.0,-3.0,1520.83,1454.75,0.6802,1507.23,1468.35
2005,11,REG,BAL,PIT,16.0,13.0,3.0,1476.21,1563.39,0.4681,1486.85,1552.75
2005,11,REG,CHI,CAR,13.0,3.0,10.0,1485.05,1567.94,0.4743,1495.57,1557.42
2005,11,REG,CLE,MIA,22.0,0.0,22.0,1435.97,1474.49,0.538,1445.21,1465.25
2005,11,REG,DAL,DET,20.0,7.0,13.0,1568.63,1483.43,0.7036,1574.56,1477.5
2005,11,REG,NE,NO,24.0,17.0,7.0,1601.99,1436.45,0.7904,1606.18,1432.26
2005,11,REG,NYG,PHI,27.0,17.0,10.0,1496.81,1500.37,0.5875,1505.06,1492.12
2005,11,REG,LA,ARI,28.0,38.0,-10.0,1482.5,1491.46,0.58,1470.9,1503.06
2005,11,REG,TEN,JAX,28.0,31.0,-3.0,1391.62,1453.25,0.5049,1381.52,1463.34
2005,11,REG,WAS,LV,13.0,16.0,-3.0,1449.5,1411.44,0.6441,1436.62,1424.32
2005,11,REG,SF,SEA,25.0,27.0,-2.0,1484.55,1601.4,0.4259,1476.03,1609.91
2005,11,REG,CIN,IND,37.0,45.0,-8.0,1579.31,1613.73,0.5439,1568.43,1624.6
2005,11,REG,DEN,NYJ,27.0,0.0,27.0,1609.19,1428.8,0.8042,1613.11,1424.88
2005,11,REG,LAC,BUF,48.0,10.0,38.0,1530.47,1483.99,0.6551,1537.37,1477.09
2005,11,REG,HOU,KC,17.0,45.0,-28.0,1417.96,1512.48,0.4576,1408.81,1521.63
2005,11,REG,GB,MIN,17.0,20.0,-3.0,1512.1,1479.95,0.6363,1499.37,1492.67
2005,12,REG,DET,ATL,7.0,27.0,-20.0,1477.5,1507.23,0.5506,1466.49,1518.24
2005,12,REG,DAL,DEN,21.0,24.0,-3.0,1574.56,1613.11,0.538,1563.8,1623.87
2005,12,REG,BUF,CAR,9.0,13.0,-4.0,1477.09,1557.42,0.478,1467.53,1566.98
2005,12,REG,CIN,BAL,42.0,29.0,13.0,1568.43,1486.85,0.6993,1574.44,1480.83
2005,12,REG,HOU,LA,27.0,33.0,-6.0,1408.81,1470.9,0.5042,1398.72,1480.98
2005,12,REG,KC,NE,26.0,16.0,10.0,1521.63,1606.18,0.4719,1532.19,1595.62
2005,12,REG,MIN,CLE,24.0,12.0,12.0,1492.67,1445.21,0.6564,1499.55,1438.34
2005,12,REG,TB,CHI,10.0,13.0,-3.0,1468.35,1495.57,0.5542,1457.27,1506.65
2005,12,REG,TEN,SF,33.0,22.0,11.0,1381.52,1476.03,0.4576,1392.37,1465.19
2005,12,REG,WAS,LAC,17.0,23.0,-6.0,1436.62,1537.37,0.4487,1427.64,1546.34
2005,12,REG,ARI,JAX,17.0,24.0,-7.0,1503.06,1463.34,0.6463,1490.14,1476.27
2005,12,REG,LV,MIA,21.0,33.0,-12.0,1424.32,1465.25,0.5346,1413.63,1475.94
2005,12,REG,PHI,GB,19.0,14.0,5.0,1492.12,1499.37,0.5824,1500.48,1491.02
2005,12,REG,SEA,NYG,24.0,21.0,3.0,1609.91,1505.06,0.7267,1615.38,1499.59
2005,12,REG,NYJ,NO,19.0,21.0,-2.0,1424.88,1432.26,0.5822,1413.24,1443.9
2005,12,REG,IND,PIT,26.0,7.0,19.0,1624.6,1552.75,0.6874,1630.86,1546.5
2005,13,REG,BAL,HOU,16.0,15.0,1.0,1480.83,1398.72,0.6999,1486.83,1392.72
2005,13,REG,CAR,ATL,24.0,6.0,18.0,1566.98,1518.24,0.6581,1573.82,1511.4
2005,13,REG,CHI,GB,19.0,7.0,12.0,1506.65,1491.02,0.614,1514.37,1483.3
2005,13,REG,CLE,JAX,14.0,20.0,-6.0,1438.34,1476.27,0.5389,1427.56,1487.05
2005,13,REG,DET,MIN,16.0,21.0,-5.0,1466.49,1499.55,0.5458,1455.57,1510.46
2005,13,REG,IND,TEN,35.0,3.0,32.0,1630.86,1392.37,0.8516,1633.83,1389.4
2005,13,REG,MIA,BUF,24.0,23.0,1.0,1475.94,1467.53,0.6041,1483.86,1459.61
2005,13,REG,NO,TB,3.0,10.0,-7.0,1443.9,1457.27,0.5738,1432.43,1468.74
2005,13,REG,NYG,DAL,17.0,10.0,7.0,1499.59,1563.8,0.5011,1509.57,1553.82
2005,13,REG,PIT,CIN,31.0,38.0,-7.0,1546.5,1574.44,0.5531,1535.44,1585.51
2005,13,REG,SF,ARI,10.0,17.0,-7.0,1465.19,1490.14,0.5574,1454.04,1501.28
2005,13,REG,LA,WAS,9.0,24.0,-15.0,1480.98,1427.64,0.664,1467.7,1440.92
2005,13,REG,KC,DEN,31.0,27.0,4.0,1532.19,1623.87,0.4617,1542.96,1613.1
2005,13,REG,NE,NYJ,16.0,3.0,13.0,1595.62,1413.24,0.806,1599.5,1409.36
2005,13,REG,LAC,LV,34.0,10.0,24.0,1546.34,1413.63,0.7573,1551.2,1408.78
2005,13,REG,PHI,SEA,0.0,42.0,-42.0,1500.48,1615.38,0.4287,1491.9,1623.95
2005,14,REG,BUF,NE,7.0,35.0,-28.0,1459.61,1599.5,0.3939,1451.74,1607.38
2005,14,REG,CAR,TB,10.0,20.0,-10.0,1573.82,1468.74,0.7269,1559.28,1483.28
2005,14,REG,CIN,CLE,23.0,20.0,3.0,1585.51,1427.56,0.783,1589.85,1423.22
2005,14,REG,JAX,IND,18.0,26.0,-8.0,1487.05,1633.83,0.3844,1479.36,1641.51
2005,14,REG,MIN,LA,27.0,13.0,14.0,1510.46,1467.7,0.6503,1517.46,1460.71
2005,14,REG,NYJ,LV,26.0,10.0,16.0,1409.36,1408.78,0.5933,1417.49,1400.64
2005,14,REG,PIT,CHI,21.0,9.0,12.0,1535.44,1514.37,0.6214,1543.01,1506.8
2005,14,REG,TEN,HOU,13.0,10.0,3.0,1389.4,1392.72,0.5878,1397.64,1384.48
2005,14,REG,ARI,WAS,13.0,17.0,-4.0,1501.28,1440.92,0.673,1487.82,1454.38
2005,14,REG,PHI,NYG,23.0,26.0,-3.0,1491.9,1509.57,0.5677,1480.55,1520.92
2005,14,REG,SEA,SF,41.0,3.0,38.0,1623.95,1454.04,0.7945,1628.06,1449.93
2005,14,REG,DAL,KC,31.0,28.0,3.0,1553.82,1542.96,0.6075,1561.67,1535.11
2005,14,REG,DEN,BAL,12.0,10.0,2.0,1613.1,1486.83,0.7505,1618.1,1481.84
2005,14,REG,LAC,MIA,21.0,23.0,-2.0,1551.2,1483.86,0.6817,1537.56,1497.49
2005,14,REG,GB,DET,16.0,13.0,3.0,1483.3,1455.57,0.6304,1490.69,1448.18
2005,14,REG,ATL,NO,36.0,17.0,19.0,1511.4,1432.43,0.6961,1517.48,1426.35
2005,15,REG,NE,TB,28.0,0.0,28.0,1607.38,1483.28,0.7481,1612.41,1478.24
2005,15,REG,NYG,KC,27.0,17.0,10.0,1520.92,1535.11,0.5726,1529.47,1526.56
2005,15,REG,BUF,DEN,17.0,28.0,-11.0,1451.74,1618.1,0.3581,1444.57,1625.26
2005,15,REG,HOU,ARI,30.0,19.0,11.0,1384.48,1487.82,0.445,1395.58,1476.72
2005,15,REG,IND,LAC,17.0,26.0,-9.0,1641.51,1537.56,0.7256,1627.0,1552.07
2005,15,REG,JAX,SF,10.0,9.0,1.0,1479.36,1449.93,0.6326,1486.71,1442.58
2005,15,REG,MIA,NYJ,24.0,20.0,4.0,1497.49,1417.49,0.6973,1503.55,1411.44
2005,15,REG,MIN,PIT,3.0,18.0,-15.0,1517.46,1543.01,0.5565,1506.33,1554.14
2005,15,REG,NO,CAR,10.0,27.0,-17.0,1426.35,1559.28,0.4035,1418.28,1567.35
2005,15,REG,LA,PHI,16.0,17.0,-1.0,1460.71,1480.55,0.5646,1449.42,1491.84
2005,15,REG,TEN,SEA,24.0,28.0,-4.0,1397.64,1628.06,0.2784,1392.07,1633.63
2005,15,REG,DET,CIN,17.0,41.0,-24.0,1448.18,1589.85,0.3914,1440.35,1597.67
2005,15,REG,LV,CLE,7.0,9.0,-2.0,1400.64,1423.22,0.5607,1389.43,1434.44
2005,15,REG,WAS,DAL,35.0,7.0,28.0,1454.38,1561.67,0.4394,1465.59,1550.46
2005,15,REG,CHI,ATL,16.0,3.0,13.0,1506.8,1517.48,0.5775,1515.25,1509.03
2005,15,REG,BAL,GB,48.0,3.0,45.0,1481.84,1490.69,0.5801,1490.24,1482.29
2005,16,REG,CAR,DAL,20.0,24.0,-4.0,1567.35,1550.46,0.6157,1555.04,1562.78
2005,16,REG,CIN,BUF,27.0,37.0,-10.0,1597.67,1444.57,0.7782,1582.11,1460.14
2005,16,REG,CLE,PIT,0.0,41.0,-41.0,1434.44,1554.14,0.4219,1426.0,1562.58
2005,16,REG,HOU,JAX,20.0,38.0,-18.0,1395.58,1486.71,0.4625,1386.33,1495.96
2005,16,REG,KC,LAC,20.0,7.0,13.0,1526.56,1552.07,0.5566,1535.43,1543.21
2005,16,REG,MIA,TEN,24.0,10.0,14.0,1503.55,1392.07,0.7342,1508.86,1386.76
2005,16,REG,NO,DET,12.0,13.0,-1.0,1418.28,1440.35,0.5615,1407.05,1451.58
2005,16,REG,LA,SF,20.0,24.0,-4.0,1449.42,1442.58,0.6019,1437.38,1454.62
2005,16,REG,TB,ATL,27.0,24.0,3.0,1478.24,1509.03,0.5491,1487.26,1500.01
2005,16,REG,WAS,NYG,35.0,20.0,15.0,1465.59,1529.47,0.5016,1475.56,1519.5
2005,16,REG,ARI,PHI,27.0,21.0,6.0,1476.72,1491.84,0.5713,1485.3,1483.27
2005,16,REG,DEN,LV,22.0,3.0,19.0,1625.26,1389.43,0.8496,1628.27,1386.42
2005,16,REG,SEA,IND,28.0,13.0,15.0,1633.63,1627.0,0.6016,1641.6,1619.03
2005,16,REG,GB,CHI,17.0,24.0,-7.0,1482.29,1515.25,0.546,1471.37,1526.17
2005,16,REG,BAL,MIN,30.0,23.0,7.0,1490.24,1506.33,0.5699,1498.84,1497.72
2005,16,REG,NYJ,NE,21.0,31.0,-10.0,1411.44,1612.41,0.3137,1405.16,1618.69
2005,17,REG,LAC,DEN,7.0,23.0,-16.0,1543.21,1628.27,0.4712,1533.78,1637.69
2005,17,REG,LV,NYG,21.0,30.0,-9.0,1386.42,1519.5,0.4033,1378.36,1527.57
2005,17,REG,ATL,CAR,11.0,44.0,-33.0,1500.01,1555.04,0.5144,1489.73,1565.32
2005,17,REG,CLE,BAL,20.0,16.0,4.0,1426.0,1498.84,0.4887,1436.23,1488.62
2005,17,REG,GB,SEA,23.0,17.0,6.0,1471.37,1641.6,0.353,1484.31,1628.66
2005,17,REG,IND,ARI,17.0,13.0,4.0,1619.03,1485.3,0.7584,1623.87,1480.47
2005,17,REG,KC,CIN,37.0,3.0,34.0,1535.43,1582.11,0.5263,1544.9,1572.64
2005,17,REG,NE,MIA,26.0,28.0,-2.0,1618.69,1508.86,0.7323,1604.04,1523.51
2005,17,REG,NYJ,BUF,30.0,26.0,4.0,1405.16,1460.14,0.5144,1414.88,1450.43
2005,17,REG,PIT,DET,35.0,21.0,14.0,1562.58,1451.58,0.7336,1567.91,1446.25
2005,17,REG,TB,NO,27.0,13.0,14.0,1487.26,1407.05,0.6976,1493.31,1401.0
2005,17,REG,JAX,TEN,40.0,13.0,27.0,1495.96,1386.76,0.7316,1501.32,1381.39
2005,17,REG,SF,HOU,20.0,17.0,3.0,1454.62,1386.33,0.6829,1460.96,1379.99
2005,17,REG,MIN,CHI,34.0,10.0,24.0,1497.72,1526.17,0.5524,1506.68,1517.21
2005,17,REG,PHI,WAS,20.0,31.0,-11.0,1483.27,1475.56,0.6031,1471.21,1487.62
2005,17,REG,DAL,LA,10.0,20.0,-10.0,1562.78,1437.38,0.7495,1547.79,1452.37
2005,18,WC,TB,WAS,10.0,17.0,-7.0,1493.31,1487.62,0.6003,1481.3,1499.63
2005,18,WC,NE,JAX,28.0,3.0,25.0,1604.04,1501.32,0.7242,1609.56,1495.81
2005,18,WC,NYG,CAR,0.0,23.0,-23.0,1527.57,1565.32,0.5391,1516.78,1576.1
2005,18,WC,CIN,PIT,17.0,31.0,-14.0,1572.64,1567.91,0.599,1560.66,1579.89
2005,19,DIV,SEA,WAS,20.0,10.0,10.0,1628.66,1499.63,0.7534,1633.59,1494.7
2005,19,DIV,DEN,NE,27.0,13.0,14.0,1637.69,1609.56,0.6309,1645.07,1602.18
2005,19,DIV,IND,PIT,18.0,21.0,-3.0,1623.87,1579.89,0.6519,1610.83,1592.93
2005,19,DIV,CHI,CAR,21.0,29.0,-8.0,1517.21,1576.1,0.5088,1507.04,1586.28
2005,20,CON,DEN,PIT,17.0,34.0,-17.0,1645.07,1592.93,0.6625,1631.82,1606.18
2005,20,CON,SEA,CAR,34.0,14.0,20.0,1633.59,1586.28,0.6562,1640.47,1579.41
2005,21,SB,PIT,SEA,21.0,10.0,11.0,1606.18,1640.47,0.5441,1615.29,1631.35
2006,1,REG,PIT,MIA,28.0,17.0,11.0,1576.86,1515.67,0.674,1583.38,1509.15
2006,1,REG,CAR,ATL,6.0,20.0,-14.0,1552.94,1493.15,0.6722,1539.49,1506.59
2006,1,REG,CLE,NO,14.0,19.0,-5.0,1457.48,1434.0,0.6247,1444.99,1446.49
2006,1,REG,DET,SEA,6.0,9.0,-3.0,1464.17,1587.57,0.4167,1455.83,1595.9
2006,1,REG,HOU,PHI,10.0,24.0,-14.0,1419.99,1480.8,0.506,1409.87,1490.92
2006,1,REG,KC,CIN,10.0,23.0,-13.0,1529.94,1540.44,0.5778,1518.38,1551.99
2006,1,REG,NE,BUF,19.0,17.0,2.0,1568.12,1466.95,0.7224,1573.67,1461.4
2006,1,REG,LA,DEN,18.0,10.0,8.0,1468.25,1587.88,0.422,1479.81,1576.32
2006,1,REG,TB,BAL,0.0,27.0,-27.0,1487.53,1492.41,0.5857,1475.82,1504.12
2006,1,REG,TEN,NYJ,16.0,23.0,-7.0,1420.93,1443.25,0.5611,1409.7,1454.47
2006,1,REG,ARI,SF,34.0,27.0,7.0,1486.98,1473.97,0.6104,1494.77,1466.18
2006,1,REG,GB,CHI,0.0,26.0,-26.0,1489.54,1504.69,0.5713,1478.12,1516.12
2006,1,REG,JAX,DAL,24.0,17.0,7.0,1497.21,1531.86,0.5436,1506.33,1522.73
2006,1,REG,NYG,IND,21.0,26.0,-5.0,1511.19,1573.89,0.5033,1501.12,1583.95
2006,1,REG,WAS,MIN,16.0,19.0,-3.0,1496.47,1504.45,0.5813,1484.84,1516.08
2006,1,REG,LV,LAC,0.0,27.0,-27.0,1418.9,1522.52,0.4447,1410.01,1531.42
2006,2,REG,ATL,TB,14.0,3.0,11.0,1506.59,1475.82,0.6344,1513.91,1468.51
2006,2,REG,BAL,LV,28.0,6.0,22.0,1504.12,1410.01,0.7142,1509.84,1404.3
2006,2,REG,CHI,DET,34.0,7.0,27.0,1516.12,1455.83,0.6729,1522.66,1449.29
2006,2,REG,CIN,CLE,34.0,17.0,17.0,1551.99,1444.99,0.7291,1557.41,1439.57
2006,2,REG,GB,NO,27.0,34.0,-7.0,1478.12,1446.49,0.6356,1465.41,1459.21
2006,2,REG,IND,HOU,43.0,24.0,19.0,1583.95,1409.87,0.7984,1587.98,1405.84
2006,2,REG,MIA,BUF,6.0,16.0,-10.0,1509.15,1461.4,0.6568,1496.02,1474.54
2006,2,REG,MIN,CAR,16.0,13.0,3.0,1516.08,1539.49,0.5596,1524.89,1530.68
2006,2,REG,PHI,NYG,24.0,30.0,-6.0,1490.92,1501.12,0.5782,1479.36,1512.69
2006,2,REG,SEA,ARI,21.0,10.0,11.0,1595.9,1494.77,0.7224,1601.45,1489.22
2006,2,REG,SF,LA,20.0,13.0,7.0,1466.18,1479.81,0.5734,1474.71,1471.27
2006,2,REG,DEN,KC,9.0,6.0,3.0,1576.32,1518.38,0.6699,1582.92,1511.78
2006,2,REG,NYJ,NE,17.0,24.0,-7.0,1454.47,1573.67,0.4226,1446.02,1582.12
2006,2,REG,LAC,TEN,40.0,7.0,33.0,1531.42,1409.7,0.7455,1536.5,1404.61
2006,2,REG,DAL,WAS,27.0,10.0,17.0,1522.73,1484.84,0.6439,1529.85,1477.72
2006,2,REG,JAX,PIT,9.0,0.0,9.0,1506.33,1583.38,0.4827,1516.68,1573.04
2006,3,REG,BUF,NYJ,20.0,28.0,-8.0,1474.54,1446.02,0.6314,1461.91,1458.65
2006,3,REG,DET,GB,24.0,31.0,-7.0,1449.29,1465.41,0.5699,1437.89,1476.8
2006,3,REG,HOU,WAS,15.0,31.0,-16.0,1405.84,1477.72,0.4901,1396.04,1487.52
2006,3,REG,IND,JAX,21.0,14.0,7.0,1587.98,1516.68,0.6867,1594.25,1510.41
2006,3,REG,MIA,TEN,13.0,10.0,3.0,1496.02,1404.61,0.711,1501.8,1398.83
2006,3,REG,MIN,CHI,16.0,19.0,-3.0,1524.89,1522.66,0.5956,1512.97,1534.57
2006,3,REG,PIT,CIN,20.0,28.0,-8.0,1573.04,1557.41,0.614,1560.76,1569.69
2006,3,REG,TB,CAR,24.0,26.0,-2.0,1468.51,1530.68,0.5041,1458.43,1540.76
2006,3,REG,CLE,BAL,14.0,15.0,-1.0,1439.57,1509.84,0.4924,1429.73,1519.69
2006,3,REG,ARI,LA,14.0,16.0,-2.0,1489.22,1471.27,0.6171,1476.87,1483.62
2006,3,REG,SEA,NYG,42.0,30.0,12.0,1601.45,1512.69,0.7079,1607.3,1506.85
2006,3,REG,SF,PHI,24.0,38.0,-14.0,1474.71,1479.36,0.586,1462.99,1491.08
2006,3,REG,NE,DEN,7.0,17.0,-10.0,1582.12,1582.92,0.5914,1570.29,1594.75
2006,3,REG,NO,ATL,23.0,3.0,20.0,1459.21,1513.91,0.5148,1468.91,1504.2
2006,4,REG,ATL,ARI,32.0,10.0,22.0,1504.2,1476.87,0.6298,1511.61,1469.47
2006,4,REG,BAL,LAC,16.0,13.0,3.0,1519.69,1536.5,0.5689,1528.31,1527.88
2006,4,REG,BUF,MIN,17.0,12.0,5.0,1461.91,1512.97,0.52,1471.51,1503.38
2006,4,REG,CAR,NO,21.0,18.0,3.0,1540.76,1468.91,0.6874,1547.02,1462.66
2006,4,REG,HOU,MIA,17.0,15.0,2.0,1396.04,1501.8,0.4416,1407.21,1490.63
2006,4,REG,KC,SF,41.0,0.0,41.0,1511.78,1462.99,0.6581,1518.62,1456.16
2006,4,REG,NYJ,IND,28.0,31.0,-3.0,1458.65,1594.25,0.3998,1450.65,1602.25
2006,4,REG,TEN,DAL,14.0,45.0,-31.0,1398.83,1529.85,0.4061,1390.71,1537.97
2006,4,REG,LA,DET,41.0,34.0,7.0,1483.62,1437.89,0.6542,1490.53,1430.98
2006,4,REG,CIN,NE,13.0,38.0,-25.0,1569.69,1570.29,0.5916,1557.86,1582.13
2006,4,REG,LV,CLE,21.0,24.0,-3.0,1404.3,1429.73,0.5567,1393.16,1440.86
2006,4,REG,WAS,JAX,36.0,30.0,6.0,1487.52,1510.41,0.5603,1496.31,1501.62
2006,4,REG,CHI,SEA,37.0,6.0,31.0,1534.57,1607.3,0.4889,1544.79,1597.07
2006,4,REG,PHI,GB,31.0,9.0,22.0,1491.08,1476.8,0.6121,1498.84,1469.05
2006,5,REG,CAR,CLE,20.0,12.0,8.0,1547.02,1440.86,0.7282,1552.45,1435.42
2006,5,REG,CHI,BUF,40.0,7.0,33.0,1544.79,1471.51,0.6891,1551.01,1465.29
2006,5,REG,GB,LA,20.0,23.0,-3.0,1469.05,1490.53,0.5623,1457.8,1501.78
2006,5,REG,IND,TEN,14.0,13.0,1.0,1602.25,1390.71,0.8309,1605.63,1387.33
2006,5,REG,MIN,DET,26.0,17.0,9.0,1503.38,1430.98,0.688,1509.62,1424.74
2006,5,REG,NE,MIA,20.0,10.0,10.0,1582.13,1490.63,0.7111,1587.9,1484.85
2006,5,REG,NO,TB,24.0,21.0,3.0,1462.66,1458.43,0.5983,1470.69,1450.4
2006,5,REG,NYG,WAS,19.0,3.0,16.0,1506.85,1496.31,0.607,1514.71,1488.45
2006,5,REG,ARI,KC,20.0,23.0,-3.0,1469.47,1518.62,0.5228,1459.02,1529.07
2006,5,REG,JAX,NYJ,41.0,0.0,41.0,1501.62,1450.65,0.661,1508.4,1443.87
2006,5,REG,SF,LV,34.0,20.0,14.0,1456.16,1393.16,0.6763,1462.63,1386.69
2006,5,REG,PHI,DAL,38.0,24.0,14.0,1498.84,1537.97,0.5372,1508.09,1528.72
2006,5,REG,LAC,PIT,23.0,13.0,10.0,1527.88,1560.76,0.5461,1536.96,1551.68
2006,5,REG,DEN,BAL,13.0,3.0,10.0,1594.75,1528.31,0.6806,1601.14,1521.92
2006,6,REG,ATL,NYG,14.0,27.0,-13.0,1511.61,1514.71,0.5882,1499.84,1526.47
2006,6,REG,BAL,CAR,21.0,23.0,-2.0,1521.92,1552.45,0.5494,1510.93,1563.44
2006,6,REG,DAL,HOU,34.0,6.0,28.0,1528.72,1407.21,0.7453,1533.81,1402.11
2006,6,REG,DET,BUF,20.0,17.0,3.0,1424.74,1465.29,0.5351,1434.04,1455.99
2006,6,REG,NO,PHI,27.0,24.0,3.0,1470.69,1508.09,0.5396,1479.9,1498.89
2006,6,REG,LA,SEA,28.0,30.0,-2.0,1501.78,1597.07,0.4565,1492.65,1606.2
2006,6,REG,TB,CIN,14.0,13.0,1.0,1450.4,1557.86,0.4392,1461.61,1546.64
2006,6,REG,WAS,TEN,22.0,25.0,-3.0,1488.45,1387.33,0.7224,1474.01,1401.78
2006,6,REG,NYJ,MIA,20.0,17.0,3.0,1443.87,1484.85,0.5345,1453.18,1475.54
2006,6,REG,PIT,KC,45.0,7.0,38.0,1551.68,1529.07,0.6235,1559.21,1521.54
2006,6,REG,SF,LAC,19.0,48.0,-29.0,1462.63,1536.96,0.4866,1452.9,1546.69
2006,6,REG,DEN,LV,13.0,3.0,10.0,1601.14,1386.69,0.8332,1604.47,1383.35
2006,6,REG,ARI,CHI,23.0,24.0,-1.0,1459.02,1551.01,0.4612,1449.79,1560.24
2006,7,REG,ATL,PIT,41.0,38.0,3.0,1499.84,1559.21,0.5081,1509.68,1549.37
2006,7,REG,BUF,NE,6.0,28.0,-22.0,1455.99,1587.9,0.4049,1447.89,1596.0
2006,7,REG,CIN,CAR,17.0,14.0,3.0,1546.64,1563.44,0.5689,1555.26,1554.82
2006,7,REG,HOU,JAX,27.0,7.0,20.0,1402.11,1508.4,0.4409,1413.29,1497.22
2006,7,REG,KC,LAC,30.0,27.0,3.0,1521.54,1546.69,0.5571,1530.4,1537.83
2006,7,REG,MIA,GB,24.0,34.0,-10.0,1475.54,1457.8,0.6169,1463.2,1470.14
2006,7,REG,NYJ,DET,31.0,24.0,7.0,1453.18,1434.04,0.6188,1460.81,1426.41
2006,7,REG,TB,PHI,23.0,21.0,2.0,1461.61,1498.89,0.5398,1470.82,1489.68
2006,7,REG,CLE,DEN,7.0,17.0,-10.0,1435.42,1604.47,0.3546,1428.33,1611.57
2006,7,REG,IND,WAS,36.0,22.0,14.0,1605.63,1474.01,0.7562,1610.5,1469.13
2006,7,REG,LV,ARI,22.0,9.0,13.0,1383.35,1449.79,0.4979,1393.39,1439.75
2006,7,REG,SEA,MIN,13.0,31.0,-18.0,1606.2,1509.62,0.7171,1591.86,1523.96
2006,7,REG,DAL,NYG,22.0,36.0,-14.0,1533.81,1526.47,0.6026,1521.76,1538.52
2006,8,REG,CHI,SF,41.0,10.0,31.0,1560.24,1452.9,0.7295,1565.65,1447.49
2006,8,REG,CIN,ATL,27.0,29.0,-2.0,1555.26,1509.68,0.654,1542.18,1522.76
2006,8,REG,GB,ARI,31.0,14.0,17.0,1470.14,1439.75,0.6339,1477.46,1432.43
2006,8,REG,KC,SEA,35.0,28.0,7.0,1530.4,1591.86,0.5051,1540.3,1581.96
2006,8,REG,NO,BAL,22.0,35.0,-13.0,1479.9,1510.93,0.5487,1468.92,1521.91
2006,8,REG,NYG,TB,17.0,3.0,14.0,1538.52,1470.82,0.6822,1544.88,1464.46
2006,8,REG,PHI,JAX,6.0,13.0,-7.0,1489.68,1497.22,0.582,1478.04,1508.86
2006,8,REG,TEN,HOU,28.0,22.0,6.0,1401.78,1413.29,0.5764,1410.25,1404.82
2006,8,REG,LAC,LA,38.0,24.0,14.0,1537.83,1492.65,0.6535,1544.77,1485.72
2006,8,REG,CLE,NYJ,20.0,13.0,7.0,1428.33,1460.81,0.5467,1437.4,1451.74
2006,8,REG,DEN,IND,31.0,34.0,-3.0,1611.57,1610.5,0.5939,1599.69,1622.38
2006,8,REG,LV,PIT,20.0,13.0,7.0,1393.39,1549.37,0.372,1405.95,1536.81
2006,8,REG,CAR,DAL,14.0,35.0,-21.0,1554.82,1521.76,0.6375,1542.07,1534.51
2006,8,REG,MIN,NE,7.0,31.0,-24.0,1523.96,1596.0,0.4899,1514.16,1605.8
2006,9,REG,BAL,CIN,26.0,20.0,6.0,1521.91,1542.18,0.564,1530.63,1533.46
2006,9,REG,BUF,GB,24.0,10.0,14.0,1447.89,1477.46,0.5508,1456.88,1468.48
2006,9,REG,CHI,MIA,13.0,31.0,-18.0,1565.65,1463.2,0.7239,1551.17,1477.68
2006,9,REG,DET,ATL,30.0,14.0,16.0,1426.41,1522.76,0.455,1437.31,1511.86
2006,9,REG,JAX,TEN,37.0,7.0,30.0,1508.86,1410.25,0.7195,1514.47,1404.64
2006,9,REG,NYG,HOU,14.0,10.0,4.0,1544.88,1404.82,0.765,1549.58,1400.12
2006,9,REG,LA,KC,17.0,31.0,-14.0,1485.72,1540.3,0.515,1475.42,1550.6
2006,9,REG,TB,NO,14.0,31.0,-17.0,1464.46,1468.92,0.5862,1452.73,1480.65
2006,9,REG,WAS,DAL,22.0,19.0,3.0,1469.13,1534.51,0.4995,1479.14,1524.5
2006,9,REG,SF,MIN,9.0,3.0,6.0,1447.49,1514.16,0.4976,1457.54,1504.11
2006,9,REG,PIT,DEN,20.0,31.0,-11.0,1536.81,1599.69,0.5031,1526.75,1609.75
2006,9,REG,LAC,CLE,32.0,25.0,7.0,1544.77,1437.4,0.7295,1550.17,1431.99
2006,9,REG,NE,IND,20.0,27.0,-7.0,1605.8,1622.38,0.5692,1594.41,1633.77
2006,9,REG,SEA,LV,16.0,0.0,16.0,1581.96,1405.95,0.8002,1585.96,1401.96
2006,10,REG,ATL,CLE,13.0,17.0,-4.0,1511.86,1431.99,0.6972,1497.92,1445.93
2006,10,REG,CIN,LAC,41.0,49.0,-8.0,1533.46,1550.17,0.569,1522.08,1561.56
2006,10,REG,DET,SF,13.0,19.0,-6.0,1437.31,1457.54,0.5641,1426.03,1468.82
2006,10,REG,IND,BUF,17.0,16.0,1.0,1633.77,1456.88,0.801,1637.75,1452.9
2006,10,REG,JAX,HOU,10.0,13.0,-3.0,1514.47,1400.12,0.7374,1499.72,1414.87
2006,10,REG,MIA,KC,13.0,10.0,3.0,1477.68,1550.6,0.4886,1487.91,1540.37
2006,10,REG,MIN,GB,17.0,23.0,-6.0,1504.11,1468.48,0.6409,1491.29,1481.29
2006,10,REG,NE,NYJ,14.0,17.0,-3.0,1594.41,1451.74,0.7677,1579.06,1467.09
2006,10,REG,PHI,WAS,27.0,3.0,24.0,1478.04,1479.14,0.5909,1486.22,1470.96
2006,10,REG,TEN,BAL,26.0,27.0,-1.0,1404.64,1530.63,0.4131,1396.38,1538.89
2006,10,REG,LV,DEN,13.0,17.0,-4.0,1401.96,1609.75,0.3053,1395.85,1615.85
2006,10,REG,ARI,DAL,10.0,27.0,-17.0,1432.43,1524.5,0.4611,1423.21,1533.72
2006,10,REG,PIT,NO,38.0,31.0,7.0,1526.75,1480.65,0.6547,1533.66,1473.74
2006,10,REG,SEA,LA,24.0,22.0,2.0,1585.96,1475.42,0.7331,1591.3,1470.08
2006,10,REG,NYG,CHI,20.0,38.0,-18.0,1549.58,1551.17,0.5903,1537.77,1562.97
2006,10,REG,CAR,TB,24.0,10.0,14.0,1542.07,1452.73,0.7086,1547.9,1446.91
2006,11,REG,BAL,ATL,24.0,10.0,14.0,1538.89,1497.92,0.6479,1545.93,1490.88
2006,11,REG,CAR,LA,15.0,0.0,15.0,1547.9,1470.08,0.6947,1554.01,1463.97
2006,11,REG,CLE,PIT,20.0,24.0,-4.0,1445.93,1533.66,0.4673,1436.58,1543.0
2006,11,REG,GB,NE,0.0,35.0,-35.0,1481.29,1579.06,0.453,1472.23,1588.12
2006,11,REG,HOU,BUF,21.0,24.0,-3.0,1414.87,1452.9,0.5387,1404.09,1463.67
2006,11,REG,KC,LV,17.0,13.0,4.0,1540.37,1395.85,0.7696,1544.98,1391.24
2006,11,REG,MIA,MIN,24.0,20.0,4.0,1487.91,1491.29,0.5878,1496.16,1483.05
2006,11,REG,NO,CIN,16.0,31.0,-15.0,1473.74,1522.08,0.524,1463.26,1532.56
2006,11,REG,NYJ,CHI,0.0,10.0,-10.0,1467.09,1562.97,0.4557,1457.98,1572.09
2006,11,REG,PHI,TEN,13.0,31.0,-18.0,1486.22,1396.38,0.7092,1472.04,1410.56
2006,11,REG,TB,WAS,20.0,17.0,3.0,1446.91,1470.96,0.5587,1455.73,1462.13
2006,11,REG,ARI,DET,17.0,10.0,7.0,1423.21,1426.03,0.5885,1431.43,1417.8
2006,11,REG,SF,SEA,20.0,14.0,6.0,1468.82,1591.3,0.418,1480.46,1579.66
2006,11,REG,DAL,IND,21.0,14.0,7.0,1533.72,1637.75,0.4441,1544.84,1626.63
2006,11,REG,DEN,LAC,27.0,35.0,-8.0,1615.85,1561.56,0.6652,1602.55,1574.86
2006,11,REG,JAX,NYG,26.0,10.0,16.0,1499.72,1537.77,0.5387,1508.95,1528.55
2006,12,REG,DET,MIA,10.0,27.0,-17.0,1417.8,1496.16,0.4808,1408.18,1505.77
2006,12,REG,DAL,TB,38.0,10.0,28.0,1544.84,1455.73,0.7083,1550.67,1449.9
2006,12,REG,KC,DEN,19.0,10.0,9.0,1544.98,1602.55,0.5107,1554.76,1592.76
2006,12,REG,ATL,NO,13.0,31.0,-18.0,1490.88,1463.26,0.6302,1478.27,1475.87
2006,12,REG,BAL,PIT,27.0,0.0,27.0,1545.93,1543.0,0.5965,1554.0,1534.93
2006,12,REG,BUF,JAX,27.0,24.0,3.0,1463.67,1508.95,0.5284,1473.11,1499.51
2006,12,REG,CLE,CIN,0.0,30.0,-30.0,1436.58,1532.56,0.4555,1427.47,1541.67
2006,12,REG,MIN,ARI,31.0,26.0,5.0,1483.05,1431.43,0.6618,1489.81,1424.67
2006,12,REG,NYJ,HOU,26.0,11.0,15.0,1457.98,1404.09,0.6647,1464.69,1397.39
2006,12,REG,LA,SF,20.0,17.0,3.0,1463.97,1480.46,0.5694,1472.59,1471.85
2006,12,REG,WAS,CAR,17.0,13.0,4.0,1462.13,1554.01,0.4614,1472.9,1543.23
2006,12,REG,LAC,LV,21.0,14.0,7.0,1574.86,1391.24,0.8071,1578.72,1387.38
2006,12,REG,NE,CHI,17.0,13.0,4.0,1588.12,1572.09,0.6145,1595.83,1564.38
2006,12,REG,TEN,NYG,24.0,21.0,3.0,1410.56,1528.55,0.4243,1422.07,1517.03
2006,12,REG,IND,PHI,45.0,21.0,24.0,1626.63,1472.04,0.7797,1631.04,1467.64
2006,12,REG,SEA,GB,34.0,24.0,10.0,1579.66,1472.23,0.7296,1585.07,1466.83
2006,13,REG,CIN,BAL,13.0,7.0,6.0,1541.67,1554.0,0.5752,1550.17,1545.51
2006,13,REG,BUF,LAC,21.0,24.0,-3.0,1473.11,1578.72,0.4418,1464.27,1587.56
2006,13,REG,CHI,MIN,23.0,13.0,10.0,1564.38,1489.81,0.6907,1570.56,1483.63
2006,13,REG,CLE,KC,31.0,28.0,3.0,1427.47,1554.76,0.4113,1439.25,1542.99
2006,13,REG,GB,NYJ,10.0,38.0,-28.0,1466.83,1464.69,0.5954,1454.92,1476.59
2006,13,REG,NE,DET,28.0,21.0,7.0,1595.83,1408.18,0.8107,1599.62,1404.4
2006,13,REG,NO,SF,34.0,10.0,24.0,1475.87,1471.85,0.598,1483.91,1463.81
2006,13,REG,LA,ARI,20.0,34.0,-14.0,1472.59,1424.67,0.657,1459.45,1437.81
2006,13,REG,TEN,IND,20.0,17.0,3.0,1422.07,1631.04,0.3039,1436.0,1617.11
2006,13,REG,WAS,ATL,14.0,24.0,-10.0,1472.9,1478.27,0.585,1461.21,1489.97
2006,13,REG,MIA,JAX,10.0,24.0,-14.0,1505.77,1499.51,0.6011,1493.75,1511.54
2006,13,REG,LV,HOU,14.0,23.0,-9.0,1387.38,1397.39,0.5785,1375.81,1408.96
2006,13,REG,NYG,DAL,20.0,23.0,-3.0,1517.03,1550.67,0.545,1506.13,1561.57
2006,13,REG,PIT,TB,20.0,3.0,17.0,1534.93,1449.9,0.7034,1540.87,1443.97
2006,13,REG,DEN,SEA,20.0,23.0,-3.0,1592.76,1585.07,0.6031,1580.7,1597.13
2006,13,REG,PHI,CAR,27.0,24.0,3.0,1467.64,1543.23,0.4848,1477.94,1532.93
2006,14,REG,PIT,CLE,27.0,7.0,20.0,1540.87,1439.25,0.7229,1546.41,1433.71
2006,14,REG,CAR,NYG,13.0,27.0,-14.0,1532.93,1506.13,0.6291,1520.35,1518.71
2006,14,REG,CIN,LV,27.0,10.0,17.0,1550.17,1375.81,0.7986,1554.2,1371.79
2006,14,REG,DET,MIN,20.0,30.0,-10.0,1404.4,1483.63,0.4795,1394.81,1493.22
2006,14,REG,HOU,TEN,20.0,26.0,-6.0,1408.96,1436.0,0.5544,1397.87,1447.08
2006,14,REG,JAX,IND,44.0,17.0,27.0,1511.54,1617.11,0.4419,1522.7,1605.95
2006,14,REG,KC,BAL,10.0,20.0,-10.0,1542.99,1545.51,0.589,1531.21,1557.29
2006,14,REG,MIA,NE,21.0,0.0,21.0,1493.75,1599.62,0.4415,1504.92,1588.44
2006,14,REG,TB,ATL,6.0,17.0,-11.0,1443.97,1489.97,0.5273,1433.42,1500.52
2006,14,REG,WAS,PHI,19.0,21.0,-2.0,1461.21,1477.94,0.569,1449.82,1489.32
2006,14,REG,ARI,SEA,27.0,21.0,6.0,1437.81,1597.13,0.3675,1450.46,1584.48
2006,14,REG,SF,GB,19.0,30.0,-11.0,1463.81,1454.92,0.6048,1451.71,1467.01
2006,14,REG,NYJ,BUF,13.0,31.0,-18.0,1476.59,1464.27,0.6095,1464.41,1476.46
2006,14,REG,LAC,DEN,48.0,20.0,28.0,1587.56,1580.7,0.602,1595.52,1572.74
2006,14,REG,DAL,NO,17.0,42.0,-25.0,1561.57,1483.91,0.6945,1547.68,1497.8
2006,14,REG,LA,CHI,27.0,42.0,-15.0,1459.45,1570.56,0.434,1450.77,1579.24
2006,15,REG,SEA,SF,14.0,24.0,-10.0,1584.48,1451.71,0.7574,1569.33,1466.86
2006,15,REG,ATL,DAL,28.0,38.0,-10.0,1500.52,1547.68,0.5256,1490.0,1558.2
2006,15,REG,BAL,CLE,27.0,17.0,10.0,1557.29,1433.71,0.7475,1562.33,1428.66
2006,15,REG,BUF,MIA,21.0,0.0,21.0,1476.46,1504.92,0.5524,1485.41,1495.97
2006,15,REG,CAR,PIT,3.0,37.0,-34.0,1520.35,1546.41,0.5558,1509.23,1557.52
2006,15,REG,CHI,TB,34.0,31.0,3.0,1579.24,1433.42,0.7709,1583.83,1428.84
2006,15,REG,GB,DET,17.0,9.0,8.0,1467.01,1394.81,0.6878,1473.26,1388.56
2006,15,REG,MIN,NYJ,13.0,26.0,-13.0,1493.22,1464.41,0.6318,1480.58,1477.04
2006,15,REG,NE,HOU,40.0,7.0,33.0,1588.44,1397.87,0.8132,1592.18,1394.13
2006,15,REG,NO,WAS,10.0,16.0,-6.0,1497.8,1449.82,0.6571,1484.65,1462.97
2006,15,REG,TEN,JAX,24.0,17.0,7.0,1447.08,1522.7,0.4847,1457.39,1512.39
2006,15,REG,ARI,DEN,20.0,37.0,-17.0,1450.46,1572.74,0.4183,1442.09,1581.11
2006,15,REG,NYG,PHI,22.0,36.0,-14.0,1518.71,1489.32,0.6326,1506.06,1501.97
2006,15,REG,LV,LA,0.0,20.0,-20.0,1371.79,1450.77,0.4799,1362.19,1460.36
2006,15,REG,LAC,KC,20.0,9.0,11.0,1595.52,1531.21,0.6779,1601.96,1524.77
2006,15,REG,IND,CIN,34.0,16.0,18.0,1605.95,1554.2,0.662,1612.71,1547.43
2006,16,REG,GB,MIN,9.0,7.0,2.0,1473.26,1480.58,0.5822,1481.61,1472.23
2006,16,REG,LV,KC,9.0,20.0,-11.0,1362.19,1524.77,0.3632,1354.93,1532.03
2006,16,REG,ATL,CAR,3.0,10.0,-7.0,1490.0,1509.23,0.5655,1478.69,1520.54
2006,16,REG,BUF,TEN,29.0,30.0,-1.0,1485.41,1457.39,0.6308,1472.8,1470.0
2006,16,REG,CLE,TB,7.0,22.0,-15.0,1428.66,1428.84,0.5922,1416.81,1440.68
2006,16,REG,DET,CHI,21.0,26.0,-5.0,1388.56,1583.83,0.3209,1382.15,1590.24
2006,16,REG,HOU,IND,27.0,24.0,3.0,1394.13,1612.71,0.2923,1408.29,1598.56
2006,16,REG,JAX,NE,21.0,24.0,-3.0,1512.39,1592.18,0.4787,1502.82,1601.75
2006,16,REG,NYG,NO,7.0,30.0,-23.0,1506.06,1484.65,0.6218,1493.63,1497.09
2006,16,REG,PIT,BAL,7.0,31.0,-24.0,1557.52,1562.33,0.5858,1545.81,1574.05
2006,16,REG,LA,WAS,37.0,31.0,6.0,1460.36,1462.97,0.5888,1468.59,1454.74
2006,16,REG,SF,ARI,20.0,26.0,-6.0,1466.86,1442.09,0.6264,1454.33,1454.62
2006,16,REG,DEN,CIN,24.0,23.0,1.0,1581.11,1547.43,0.6383,1588.34,1540.2
2006,16,REG,SEA,LAC,17.0,20.0,-3.0,1569.33,1601.96,0.5465,1558.4,1612.89
2006,16,REG,DAL,PHI,7.0,23.0,-16.0,1558.2,1501.97,0.6677,1544.84,1515.33
2006,16,REG,MIA,NYJ,10.0,13.0,-3.0,1495.97,1477.04,0.6185,1483.6,1489.41
2006,17,REG,WAS,NYG,28.0,34.0,-6.0,1454.74,1493.63,0.5375,1443.99,1504.38
2006,17,REG,CIN,PIT,17.0,23.0,-6.0,1540.2,1545.81,0.5847,1528.51,1557.5
2006,17,REG,DAL,DET,31.0,39.0,-8.0,1544.84,1382.15,0.7876,1529.09,1397.9
2006,17,REG,HOU,CLE,14.0,6.0,8.0,1408.29,1416.81,0.5806,1416.68,1408.42
2006,17,REG,KC,JAX,35.0,30.0,5.0,1532.03,1502.82,0.6324,1539.38,1495.47
2006,17,REG,MIN,LA,21.0,41.0,-20.0,1472.23,1468.59,0.5975,1460.28,1480.54
2006,17,REG,NO,CAR,21.0,31.0,-10.0,1497.09,1520.54,0.5595,1485.9,1531.73
2006,17,REG,NYJ,LV,23.0,3.0,20.0,1489.41,1354.93,0.7592,1494.23,1350.11
2006,17,REG,TB,SEA,7.0,23.0,-16.0,1440.68,1558.4,0.4247,1432.19,1566.9
2006,17,REG,TEN,NE,23.0,40.0,-17.0,1470.0,1601.75,0.4051,1461.9,1609.86
2006,17,REG,BAL,BUF,19.0,7.0,12.0,1574.05,1472.8,0.7225,1579.6,1467.25
2006,17,REG,DEN,SF,23.0,26.0,-3.0,1588.34,1454.33,0.7587,1573.17,1469.51
2006,17,REG,IND,MIA,27.0,22.0,5.0,1598.56,1483.6,0.7381,1603.8,1478.36
2006,17,REG,PHI,ATL,24.0,17.0,7.0,1515.33,1478.69,0.6422,1522.48,1471.54
2006,17,REG,LAC,ARI,27.0,20.0,7.0,1612.89,1454.62,0.7833,1617.22,1450.29
2006,17,REG,CHI,GB,7.0,26.0,-19.0,1590.24,1481.61,0.731,1575.62,1496.23
2006,18,WC,IND,KC,23.0,8.0,15.0,1603.8,1539.38,0.6781,1610.24,1532.95
2006,18,WC,SEA,DAL,21.0,20.0,1.0,1566.9,1529.09,0.6438,1574.02,1521.96
2006,18,WC,NE,NYJ,37.0,16.0,21.0,1609.86,1494.23,0.7388,1615.08,1489.0
2006,18,WC,PHI,NYG,23.0,20.0,3.0,1522.48,1504.38,0.6174,1530.13,1496.72
2006,19,DIV,BAL,IND,6.0,15.0,-9.0,1579.6,1610.24,0.5493,1568.61,1621.22
2006,19,DIV,NO,PHI,27.0,24.0,3.0,1485.9,1530.13,0.5298,1495.3,1520.73
2006,19,DIV,CHI,SEA,27.0,24.0,3.0,1575.62,1574.02,0.5947,1583.73,1565.91
2006,19,DIV,LAC,NE,21.0,24.0,-3.0,1617.22,1615.08,0.5954,1605.31,1626.99
2006,20,CON,CHI,NO,39.0,14.0,25.0,1583.73,1495.3,0.7075,1589.58,1489.45
2006,20,CON,IND,NE,38.0,34.0,4.0,1621.22,1626.99,0.5844,1629.53,1618.68
2006,21,SB,CHI,IND,17.0,29.0,-12.0,1589.58,1629.53,0.536,1578.86,1640.25
2007,1,REG,IND,NO,41.0,10.0,31.0,1593.5,1492.97,0.7217,1599.07,1487.4
2007,1,REG,BUF,DEN,14.0,15.0,-1.0,1478.16,1548.78,0.4919,1468.33,1558.62
2007,1,REG,CLE,PIT,7.0,34.0,-27.0,1438.95,1538.33,0.4507,1429.94,1547.35
2007,1,REG,GB,PHI,16.0,13.0,3.0,1497.49,1513.82,0.5696,1506.1,1505.21
2007,1,REG,HOU,KC,20.0,3.0,17.0,1444.45,1521.96,0.482,1454.81,1511.6
2007,1,REG,JAX,TEN,10.0,13.0,-3.0,1496.98,1474.6,0.6232,1484.51,1487.06
2007,1,REG,MIN,ATL,24.0,3.0,21.0,1473.52,1481.03,0.582,1481.88,1472.67
2007,1,REG,NYJ,NE,14.0,38.0,-24.0,1492.67,1579.12,0.4692,1483.29,1588.5
2007,1,REG,LA,CAR,13.0,27.0,-14.0,1487.03,1521.15,0.5443,1476.14,1532.04
2007,1,REG,WAS,MIA,16.0,13.0,3.0,1462.66,1485.57,0.5603,1471.46,1476.78
2007,1,REG,LV,DET,21.0,36.0,-15.0,1400.07,1431.93,0.5476,1389.12,1442.88
2007,1,REG,LAC,CHI,14.0,3.0,11.0,1570.21,1552.57,0.6167,1577.87,1544.91
2007,1,REG,SEA,TB,20.0,6.0,14.0,1543.94,1454.79,0.7083,1549.78,1448.96
2007,1,REG,DAL,NYG,45.0,35.0,10.0,1514.64,1497.82,0.6156,1522.33,1490.13
2007,1,REG,CIN,BAL,27.0,20.0,7.0,1519.01,1545.74,0.5548,1527.91,1536.84
2007,1,REG,SF,ARI,20.0,17.0,3.0,1479.67,1466.86,0.6101,1487.47,1459.06
2007,2,REG,CAR,HOU,21.0,34.0,-13.0,1532.04,1454.81,0.694,1518.16,1468.69
2007,2,REG,CLE,CIN,51.0,45.0,6.0,1429.94,1527.91,0.4527,1440.88,1516.96
2007,2,REG,JAX,ATL,13.0,7.0,6.0,1484.51,1472.67,0.6088,1492.34,1464.84
2007,2,REG,NYG,GB,13.0,35.0,-22.0,1490.13,1506.1,0.5701,1478.73,1517.5
2007,2,REG,PIT,BUF,26.0,3.0,23.0,1547.35,1468.33,0.6962,1553.42,1462.25
2007,2,REG,LA,SF,16.0,17.0,-1.0,1476.14,1487.47,0.5766,1464.61,1499.0
2007,2,REG,TB,NO,31.0,14.0,17.0,1448.96,1487.4,0.5381,1458.2,1478.17
2007,2,REG,TEN,IND,20.0,22.0,-2.0,1487.06,1599.07,0.4328,1478.41,1607.72
2007,2,REG,ARI,SEA,23.0,20.0,3.0,1459.06,1549.78,0.4631,1469.8,1539.04
2007,2,REG,DET,MIN,20.0,17.0,3.0,1442.88,1481.88,0.5374,1452.14,1472.62
2007,2,REG,MIA,DAL,20.0,37.0,-17.0,1476.78,1522.33,0.528,1466.22,1532.89
2007,2,REG,BAL,NYJ,20.0,13.0,7.0,1536.84,1483.29,0.6643,1543.55,1476.57
2007,2,REG,CHI,KC,20.0,10.0,10.0,1544.91,1511.6,0.6378,1552.15,1504.36
2007,2,REG,DEN,LV,23.0,20.0,3.0,1558.62,1389.12,0.7941,1562.73,1385.0
2007,2,REG,NE,LAC,38.0,14.0,24.0,1588.5,1577.87,0.6072,1596.36,1570.02
2007,2,REG,PHI,WAS,12.0,20.0,-8.0,1505.21,1471.46,0.6384,1492.44,1484.22
2007,3,REG,BAL,ARI,26.0,23.0,3.0,1543.55,1469.8,0.6897,1549.76,1463.59
2007,3,REG,GB,LAC,31.0,24.0,7.0,1517.5,1570.02,0.518,1527.14,1560.37
2007,3,REG,HOU,IND,24.0,30.0,-6.0,1468.69,1607.72,0.395,1460.79,1615.62
2007,3,REG,KC,MIN,13.0,10.0,3.0,1504.36,1472.62,0.6357,1511.65,1465.34
2007,3,REG,NE,BUF,38.0,7.0,31.0,1596.36,1462.25,0.7588,1601.18,1457.42
2007,3,REG,NYJ,MIA,31.0,28.0,3.0,1476.57,1466.22,0.6068,1484.44,1458.35
2007,3,REG,PHI,DET,56.0,21.0,35.0,1492.44,1452.14,0.6471,1499.5,1445.08
2007,3,REG,PIT,SF,37.0,16.0,21.0,1553.42,1499.0,0.6654,1560.12,1492.31
2007,3,REG,TB,LA,24.0,3.0,21.0,1458.2,1464.61,0.5835,1466.53,1456.28
2007,3,REG,DEN,JAX,14.0,23.0,-9.0,1562.73,1492.34,0.6856,1549.02,1506.05
2007,3,REG,LV,CLE,26.0,24.0,2.0,1385.0,1440.88,0.5131,1394.74,1431.14
2007,3,REG,SEA,CIN,24.0,21.0,3.0,1539.04,1516.96,0.6228,1546.58,1509.42
2007,3,REG,ATL,CAR,20.0,27.0,-7.0,1464.84,1518.16,0.5168,1454.51,1528.5
2007,3,REG,WAS,NYG,17.0,24.0,-7.0,1484.22,1478.73,0.6001,1472.22,1490.73
2007,3,REG,CHI,DAL,10.0,34.0,-24.0,1552.15,1532.89,0.6189,1539.77,1545.27
2007,3,REG,NO,TEN,14.0,31.0,-17.0,1478.17,1478.41,0.5921,1466.32,1490.25
2007,4,REG,ATL,HOU,26.0,16.0,10.0,1454.51,1460.79,0.5837,1462.83,1452.46
2007,4,REG,BUF,NYJ,17.0,14.0,3.0,1457.42,1484.44,0.5545,1466.34,1475.52
2007,4,REG,CLE,BAL,27.0,13.0,14.0,1431.14,1549.76,0.4234,1442.68,1538.23
2007,4,REG,DAL,LA,35.0,7.0,28.0,1545.27,1456.28,0.7082,1551.1,1450.44
2007,4,REG,DET,CHI,37.0,27.0,10.0,1445.08,1539.77,0.4574,1455.93,1528.92
2007,4,REG,MIA,LV,17.0,35.0,-18.0,1458.35,1394.74,0.6771,1444.81,1408.28
2007,4,REG,MIN,GB,16.0,23.0,-7.0,1465.34,1527.14,0.5046,1455.25,1537.23
2007,4,REG,CAR,TB,7.0,20.0,-13.0,1528.5,1466.53,0.675,1515.0,1480.03
2007,4,REG,SF,SEA,3.0,23.0,-20.0,1492.31,1546.58,0.5154,1482.0,1556.89
2007,4,REG,ARI,PIT,21.0,14.0,7.0,1463.59,1560.12,0.4548,1474.5,1549.21
2007,4,REG,IND,DEN,38.0,20.0,18.0,1615.62,1549.02,0.6808,1622.01,1542.64
2007,4,REG,LAC,KC,16.0,30.0,-14.0,1560.37,1511.65,0.6581,1547.21,1524.81
2007,4,REG,NYG,PHI,16.0,3.0,13.0,1490.73,1499.5,0.5802,1499.12,1491.11
2007,4,REG,CIN,NE,13.0,34.0,-21.0,1509.42,1601.18,0.4616,1500.19,1610.41
2007,5,REG,HOU,MIA,22.0,19.0,3.0,1452.46,1444.81,0.6031,1460.4,1436.87
2007,5,REG,KC,JAX,7.0,17.0,-10.0,1524.81,1506.05,0.6183,1512.44,1518.41
2007,5,REG,NE,CLE,34.0,17.0,17.0,1610.41,1442.68,0.7924,1614.56,1438.52
2007,5,REG,NO,CAR,13.0,16.0,-3.0,1466.32,1515.0,0.5235,1455.85,1525.47
2007,5,REG,NYG,NYJ,35.0,24.0,11.0,1499.12,1475.52,0.6248,1506.63,1468.02
2007,5,REG,PIT,SEA,21.0,0.0,21.0,1549.21,1556.89,0.5818,1557.58,1548.53
2007,5,REG,LA,ARI,31.0,34.0,-3.0,1450.44,1474.5,0.5586,1439.27,1485.67
2007,5,REG,TEN,ATL,20.0,13.0,7.0,1490.25,1462.83,0.63,1497.65,1455.43
2007,5,REG,WAS,DET,34.0,3.0,31.0,1472.22,1455.93,0.6149,1479.93,1448.23
2007,5,REG,IND,TB,33.0,14.0,19.0,1622.01,1480.03,0.767,1626.67,1475.37
2007,5,REG,DEN,LAC,3.0,41.0,-38.0,1542.64,1547.21,0.5861,1530.92,1558.94
2007,5,REG,SF,BAL,7.0,9.0,-2.0,1482.0,1538.23,0.5126,1471.75,1548.48
2007,5,REG,GB,CHI,20.0,27.0,-7.0,1537.23,1528.92,0.604,1525.15,1541.0
2007,5,REG,BUF,DAL,24.0,25.0,-1.0,1466.34,1551.1,0.4716,1456.9,1560.54
2007,6,REG,BAL,LA,22.0,3.0,19.0,1548.48,1439.27,0.7316,1553.85,1433.9
2007,6,REG,CHI,MIN,31.0,34.0,-3.0,1541.0,1455.25,0.7043,1526.91,1469.33
2007,6,REG,CLE,MIA,41.0,31.0,10.0,1438.52,1436.87,0.5948,1446.63,1428.77
2007,6,REG,GB,WAS,17.0,14.0,3.0,1525.15,1479.93,0.6535,1532.08,1473.0
2007,6,REG,JAX,HOU,37.0,17.0,20.0,1518.41,1460.4,0.67,1525.01,1453.8
2007,6,REG,KC,CIN,27.0,20.0,7.0,1512.44,1500.19,0.6094,1520.25,1492.37
2007,6,REG,NYJ,PHI,9.0,16.0,-7.0,1468.02,1491.11,0.56,1456.82,1502.31
2007,6,REG,TB,TEN,13.0,10.0,3.0,1475.37,1497.65,0.5612,1484.14,1488.88
2007,6,REG,ARI,CAR,10.0,25.0,-15.0,1485.67,1525.47,0.5362,1474.95,1536.19
2007,6,REG,DAL,NE,27.0,48.0,-21.0,1560.54,1614.56,0.5158,1550.22,1624.88
2007,6,REG,LAC,LV,28.0,14.0,14.0,1558.94,1408.28,0.7758,1563.42,1403.8
2007,6,REG,SEA,NO,17.0,28.0,-11.0,1548.53,1455.85,0.7125,1534.28,1470.1
2007,6,REG,ATL,NYG,10.0,31.0,-21.0,1455.43,1506.63,0.5199,1445.03,1517.02
2007,7,REG,BUF,BAL,19.0,14.0,5.0,1456.9,1553.85,0.4542,1467.82,1542.93
2007,7,REG,DET,TB,23.0,16.0,7.0,1448.23,1484.14,0.5418,1457.39,1474.98
2007,7,REG,HOU,TEN,36.0,38.0,-2.0,1453.8,1488.88,0.543,1442.94,1499.74
2007,7,REG,MIA,NE,28.0,49.0,-21.0,1428.77,1624.88,0.3198,1422.37,1631.28
2007,7,REG,NO,ATL,22.0,16.0,6.0,1470.1,1445.03,0.6268,1477.57,1437.57
2007,7,REG,NYG,SF,33.0,15.0,18.0,1517.02,1471.75,0.6536,1523.95,1464.82
2007,7,REG,WAS,ARI,21.0,19.0,2.0,1473.0,1474.95,0.5897,1481.2,1466.74
2007,7,REG,CIN,NYJ,38.0,31.0,7.0,1492.37,1456.82,0.6408,1499.56,1449.64
2007,7,REG,LV,KC,10.0,12.0,-2.0,1403.8,1520.25,0.4265,1395.27,1528.78
2007,7,REG,DAL,MIN,24.0,14.0,10.0,1550.22,1469.33,0.6984,1556.25,1463.3
2007,7,REG,PHI,CHI,16.0,19.0,-3.0,1502.31,1526.91,0.5579,1491.15,1538.07
2007,7,REG,SEA,LA,33.0,6.0,27.0,1534.28,1433.9,0.7215,1539.85,1428.33
2007,7,REG,DEN,PIT,31.0,28.0,3.0,1530.92,1557.58,0.555,1539.82,1548.68
2007,7,REG,JAX,IND,7.0,29.0,-22.0,1525.01,1626.67,0.4474,1516.07,1635.62
2007,8,REG,CAR,IND,7.0,31.0,-24.0,1536.19,1635.62,0.4506,1527.18,1644.63
2007,8,REG,CHI,DET,7.0,16.0,-9.0,1538.07,1457.39,0.6982,1524.11,1471.36
2007,8,REG,CIN,PIT,13.0,24.0,-11.0,1499.56,1548.68,0.5228,1489.1,1559.13
2007,8,REG,MIA,NYG,10.0,13.0,-3.0,1422.37,1523.95,0.4476,1413.42,1532.9
2007,8,REG,MIN,PHI,16.0,23.0,-7.0,1463.3,1491.15,0.5533,1452.24,1502.22
2007,8,REG,LA,CLE,20.0,27.0,-7.0,1428.33,1446.63,0.5668,1416.99,1457.97
2007,8,REG,TEN,LV,13.0,9.0,4.0,1499.74,1395.27,0.7262,1505.21,1389.79
2007,8,REG,NYJ,BUF,3.0,13.0,-10.0,1449.64,1467.82,0.567,1438.3,1479.16
2007,8,REG,LAC,HOU,35.0,10.0,25.0,1563.42,1442.94,0.7442,1568.54,1437.83
2007,8,REG,TB,JAX,23.0,24.0,-1.0,1474.98,1516.07,0.5344,1464.29,1526.75
2007,8,REG,NE,WAS,52.0,7.0,45.0,1631.28,1481.2,0.7752,1635.77,1476.7
2007,8,REG,SF,NO,10.0,31.0,-21.0,1464.82,1477.57,0.5746,1453.33,1489.06
2007,8,REG,DEN,GB,13.0,19.0,-6.0,1539.82,1532.08,0.6032,1527.75,1544.14
2007,9,REG,ATL,SF,20.0,16.0,4.0,1437.57,1453.33,0.5704,1446.16,1444.73
2007,9,REG,BUF,CIN,33.0,21.0,12.0,1479.16,1489.1,0.5786,1487.59,1480.67
2007,9,REG,DET,DEN,44.0,7.0,37.0,1471.36,1527.75,0.5124,1481.11,1518.0
2007,9,REG,KC,GB,22.0,33.0,-11.0,1528.78,1544.14,0.571,1517.37,1555.56
2007,9,REG,MIN,LAC,35.0,17.0,18.0,1452.24,1568.54,0.4267,1463.7,1557.07
2007,9,REG,NO,JAX,41.0,24.0,17.0,1489.06,1526.75,0.5392,1498.28,1517.54
2007,9,REG,NYJ,WAS,20.0,23.0,-3.0,1438.3,1476.7,0.5382,1427.53,1487.47
2007,9,REG,TB,ARI,17.0,10.0,7.0,1464.29,1466.74,0.5891,1472.51,1458.52
2007,9,REG,TEN,CAR,20.0,7.0,13.0,1505.21,1527.18,0.5616,1513.98,1518.41
2007,9,REG,CLE,SEA,33.0,30.0,3.0,1457.97,1539.85,0.4757,1468.45,1529.36
2007,9,REG,IND,NE,20.0,24.0,-4.0,1644.63,1635.77,0.6047,1632.53,1647.87
2007,9,REG,LV,HOU,17.0,24.0,-7.0,1389.79,1437.83,0.5244,1379.31,1448.31
2007,9,REG,PHI,DAL,17.0,38.0,-21.0,1502.22,1556.25,0.5158,1491.9,1566.57
2007,9,REG,PIT,BAL,38.0,7.0,31.0,1559.13,1542.93,0.6148,1566.84,1535.23
2007,10,REG,CAR,ATL,13.0,20.0,-7.0,1518.41,1446.16,0.6878,1504.65,1459.92
2007,10,REG,GB,MIN,34.0,0.0,34.0,1555.56,1463.7,0.7116,1561.33,1457.93
2007,10,REG,KC,DEN,11.0,27.0,-16.0,1517.37,1518.0,0.5916,1505.53,1529.83
2007,10,REG,MIA,BUF,10.0,13.0,-3.0,1413.42,1487.59,0.4868,1403.69,1497.33
2007,10,REG,NO,LA,29.0,37.0,-8.0,1498.28,1416.99,0.6989,1484.3,1430.97
2007,10,REG,PIT,CLE,31.0,28.0,3.0,1566.84,1468.45,0.7192,1572.45,1462.84
2007,10,REG,TEN,JAX,13.0,28.0,-15.0,1513.98,1517.54,0.5875,1502.23,1529.29
2007,10,REG,WAS,PHI,25.0,33.0,-8.0,1487.47,1491.9,0.5863,1475.74,1503.63
2007,10,REG,BAL,CIN,7.0,21.0,-14.0,1535.23,1480.67,0.6656,1521.92,1493.98
2007,10,REG,ARI,DET,31.0,21.0,10.0,1458.52,1481.11,0.5607,1467.31,1472.32
2007,10,REG,NYG,DAL,20.0,31.0,-11.0,1532.9,1566.57,0.545,1522.0,1577.47
2007,10,REG,LV,CHI,6.0,17.0,-11.0,1379.31,1524.11,0.3871,1371.56,1531.85
2007,10,REG,LAC,IND,23.0,21.0,2.0,1557.07,1632.53,0.4849,1567.37,1622.23
2007,10,REG,SEA,SF,24.0,0.0,24.0,1529.36,1444.73,0.7029,1535.3,1438.79
2007,11,REG,ATL,TB,7.0,31.0,-24.0,1459.92,1472.51,0.5749,1448.42,1484.01
2007,11,REG,BAL,CLE,30.0,33.0,-3.0,1521.92,1462.84,0.6713,1508.49,1476.26
2007,11,REG,CIN,ARI,27.0,35.0,-8.0,1493.98,1467.31,0.629,1481.4,1479.89
2007,11,REG,DET,NYG,10.0,16.0,-6.0,1472.32,1522.0,0.522,1461.88,1532.44
2007,11,REG,GB,CAR,31.0,17.0,14.0,1561.33,1504.65,0.6683,1567.97,1498.02
2007,11,REG,HOU,NO,23.0,10.0,13.0,1448.31,1484.3,0.5417,1457.48,1475.13
2007,11,REG,IND,KC,13.0,10.0,3.0,1622.23,1505.53,0.74,1627.43,1500.33
2007,11,REG,JAX,LAC,24.0,17.0,7.0,1529.29,1567.37,0.5387,1538.51,1558.14
2007,11,REG,MIN,LV,29.0,22.0,7.0,1457.93,1371.56,0.705,1463.83,1365.66
2007,11,REG,PHI,MIA,17.0,7.0,10.0,1503.63,1403.69,0.721,1509.21,1398.11
2007,11,REG,NYJ,PIT,19.0,16.0,3.0,1427.53,1572.45,0.387,1439.79,1560.19
2007,11,REG,DAL,WAS,28.0,23.0,5.0,1577.47,1475.74,0.7231,1583.01,1470.2
2007,11,REG,SEA,CHI,30.0,23.0,7.0,1535.3,1531.85,0.5973,1543.36,1523.8
2007,11,REG,SF,LA,9.0,13.0,-4.0,1438.79,1430.97,0.6033,1426.73,1443.04
2007,11,REG,BUF,NE,10.0,56.0,-46.0,1497.33,1647.87,0.3793,1489.74,1655.45
2007,11,REG,DEN,TEN,34.0,20.0,14.0,1529.83,1502.23,0.6302,1537.23,1494.83
2007,12,REG,DET,GB,26.0,37.0,-11.0,1461.88,1567.97,0.4411,1453.06,1576.79
2007,12,REG,DAL,NYJ,34.0,3.0,31.0,1583.01,1439.79,0.7683,1587.64,1435.16
2007,12,REG,ATL,IND,13.0,31.0,-18.0,1448.42,1627.43,0.3416,1441.59,1634.26
2007,12,REG,CAR,NO,6.0,31.0,-25.0,1498.02,1475.13,0.6239,1485.54,1487.61
2007,12,REG,CIN,TEN,35.0,6.0,29.0,1481.4,1494.83,0.5737,1489.93,1486.31
2007,12,REG,CLE,HOU,27.0,17.0,10.0,1476.26,1457.48,0.6183,1483.9,1449.85
2007,12,REG,JAX,BUF,36.0,14.0,22.0,1538.51,1489.74,0.6581,1545.35,1482.9
2007,12,REG,KC,LV,17.0,20.0,-3.0,1500.33,1365.66,0.7594,1485.15,1380.85
2007,12,REG,NYG,MIN,17.0,41.0,-24.0,1532.44,1463.83,0.6833,1518.78,1477.5
2007,12,REG,LA,SEA,19.0,24.0,-5.0,1443.04,1543.36,0.4493,1434.05,1552.34
2007,12,REG,TB,WAS,19.0,13.0,6.0,1484.01,1470.2,0.6115,1491.78,1462.43
2007,12,REG,ARI,SF,31.0,37.0,-6.0,1479.89,1426.73,0.6638,1466.61,1440.0
2007,12,REG,CHI,DEN,37.0,34.0,3.0,1523.8,1537.23,0.5737,1532.32,1528.7
2007,12,REG,LAC,BAL,32.0,14.0,18.0,1558.14,1508.49,0.6593,1564.96,1501.67
2007,12,REG,NE,PHI,31.0,28.0,3.0,1655.45,1509.21,0.7714,1660.03,1504.63
2007,12,REG,PIT,MIA,3.0,0.0,3.0,1560.19,1398.11,0.787,1564.45,1393.85
2007,13,REG,DAL,GB,37.0,27.0,10.0,1587.64,1576.79,0.6075,1595.49,1568.94
2007,13,REG,CAR,SF,31.0,14.0,17.0,1485.54,1440.0,0.6539,1492.46,1433.08
2007,13,REG,IND,JAX,28.0,25.0,3.0,1634.26,1545.35,0.7081,1640.1,1539.51
2007,13,REG,KC,LAC,10.0,24.0,-14.0,1485.15,1564.96,0.4787,1475.57,1574.53
2007,13,REG,MIA,NYJ,13.0,40.0,-27.0,1393.85,1435.16,0.534,1383.17,1445.84
2007,13,REG,MIN,DET,42.0,10.0,32.0,1477.5,1453.06,0.6259,1484.98,1445.58
2007,13,REG,PHI,SEA,24.0,28.0,-4.0,1504.63,1552.34,0.5249,1494.14,1562.84
2007,13,REG,LA,ATL,28.0,16.0,12.0,1434.05,1441.59,0.5819,1442.41,1433.23
2007,13,REG,TEN,HOU,28.0,20.0,8.0,1486.31,1449.85,0.642,1493.47,1442.69
2007,13,REG,WAS,BUF,16.0,17.0,-1.0,1462.43,1482.9,0.5637,1451.16,1494.18
2007,13,REG,ARI,CLE,27.0,21.0,6.0,1466.61,1483.9,0.5682,1475.25,1475.26
2007,13,REG,LV,DEN,34.0,20.0,14.0,1380.85,1528.7,0.383,1393.19,1516.36
2007,13,REG,CHI,NYG,16.0,21.0,-5.0,1532.32,1518.78,0.6111,1520.1,1531.0
2007,13,REG,NO,TB,23.0,27.0,-4.0,1487.61,1491.78,0.5867,1475.88,1503.51
2007,13,REG,PIT,CIN,24.0,10.0,14.0,1564.45,1489.93,0.6906,1570.64,1483.74
2007,13,REG,BAL,NE,24.0,27.0,-3.0,1501.67,1660.03,0.3688,1494.3,1667.4
2007,14,REG,WAS,CHI,24.0,16.0,8.0,1451.16,1520.1,0.4943,1461.27,1509.99
2007,14,REG,BUF,MIA,38.0,17.0,21.0,1494.18,1383.17,0.7336,1499.5,1377.84
2007,14,REG,CIN,LA,19.0,10.0,9.0,1483.74,1442.41,0.6484,1490.78,1435.38
2007,14,REG,DET,DAL,27.0,28.0,-1.0,1445.58,1595.49,0.3802,1437.98,1603.1
2007,14,REG,GB,LV,38.0,7.0,31.0,1568.94,1393.19,0.7999,1572.94,1389.19
2007,14,REG,HOU,TB,28.0,14.0,14.0,1442.69,1503.51,0.506,1452.57,1493.63
2007,14,REG,JAX,CAR,37.0,6.0,31.0,1539.51,1492.46,0.6559,1546.39,1485.58
2007,14,REG,PHI,NYG,13.0,16.0,-3.0,1494.14,1531.0,0.5404,1483.33,1541.81
2007,14,REG,TEN,LAC,17.0,23.0,-6.0,1493.47,1574.53,0.4769,1483.93,1584.07
2007,14,REG,SEA,ARI,42.0,21.0,21.0,1562.84,1475.25,0.7065,1568.71,1469.38
2007,14,REG,SF,MIN,7.0,27.0,-20.0,1433.08,1484.98,0.5188,1422.7,1495.36
2007,14,REG,DEN,KC,41.0,7.0,34.0,1516.36,1475.57,0.6477,1523.41,1468.53
2007,14,REG,NE,PIT,34.0,13.0,21.0,1667.4,1570.64,0.7173,1673.05,1564.98
2007,14,REG,NYJ,CLE,18.0,24.0,-6.0,1445.84,1475.26,0.551,1434.82,1486.28
2007,14,REG,BAL,IND,20.0,44.0,-24.0,1494.3,1640.1,0.3858,1486.58,1647.82
2007,14,REG,ATL,NO,14.0,34.0,-20.0,1433.23,1475.88,0.5321,1422.59,1486.52
2007,15,REG,HOU,DEN,31.0,13.0,18.0,1452.57,1523.41,0.4916,1462.73,1513.24
2007,15,REG,SF,CIN,20.0,13.0,7.0,1422.7,1490.78,0.4956,1432.79,1480.69
2007,15,REG,CAR,SEA,13.0,10.0,3.0,1485.58,1568.71,0.4739,1496.1,1558.19
2007,15,REG,CLE,BUF,8.0,0.0,8.0,1486.28,1499.5,0.574,1494.8,1490.98
2007,15,REG,KC,TEN,17.0,26.0,-9.0,1468.53,1483.93,0.5709,1457.11,1495.35
2007,15,REG,MIA,BAL,22.0,16.0,6.0,1377.84,1486.58,0.4374,1389.09,1475.33
2007,15,REG,NE,NYJ,20.0,10.0,10.0,1673.05,1434.82,0.8514,1676.03,1431.85
2007,15,REG,NO,ARI,31.0,24.0,7.0,1486.52,1469.38,0.6161,1494.2,1461.7
2007,15,REG,PIT,JAX,22.0,29.0,-7.0,1564.98,1546.39,0.618,1552.62,1558.76
2007,15,REG,LA,GB,14.0,33.0,-19.0,1435.38,1572.94,0.3971,1427.44,1580.88
2007,15,REG,TB,ATL,37.0,3.0,34.0,1493.63,1422.59,0.6864,1499.9,1416.31
2007,15,REG,LV,IND,14.0,21.0,-7.0,1389.19,1647.82,0.247,1384.25,1652.76
2007,15,REG,DAL,PHI,6.0,10.0,-4.0,1603.1,1483.33,0.7434,1588.23,1498.2
2007,15,REG,LAC,DET,51.0,14.0,37.0,1584.07,1437.98,0.7712,1588.65,1433.4
2007,15,REG,NYG,WAS,10.0,22.0,-12.0,1541.81,1461.27,0.698,1527.85,1475.23
2007,15,REG,MIN,CHI,20.0,13.0,7.0,1495.36,1509.99,0.572,1503.92,1501.43
2007,16,REG,LA,PIT,24.0,41.0,-17.0,1427.44,1552.62,0.4142,1419.15,1560.91
2007,16,REG,CAR,DAL,13.0,20.0,-7.0,1496.1,1588.23,0.461,1486.88,1597.45
2007,16,REG,BUF,NYG,21.0,38.0,-17.0,1490.98,1527.85,0.5404,1480.17,1538.66
2007,16,REG,CHI,GB,35.0,7.0,28.0,1501.43,1580.88,0.4792,1511.84,1570.47
2007,16,REG,CIN,CLE,19.0,14.0,5.0,1480.69,1494.8,0.5727,1489.23,1486.26
2007,16,REG,DET,KC,25.0,20.0,5.0,1433.4,1457.11,0.5591,1442.22,1448.29
2007,16,REG,IND,HOU,38.0,15.0,23.0,1652.76,1462.73,0.8128,1656.5,1458.99
2007,16,REG,JAX,LV,49.0,11.0,38.0,1558.76,1384.25,0.7988,1562.78,1380.23
2007,16,REG,NO,PHI,23.0,38.0,-15.0,1494.2,1498.2,0.5869,1482.46,1509.93
2007,16,REG,ARI,ATL,30.0,27.0,3.0,1461.7,1416.31,0.6537,1468.62,1409.39
2007,16,REG,SF,TB,21.0,19.0,2.0,1432.79,1499.9,0.497,1442.85,1489.84
2007,16,REG,NE,MIA,28.0,7.0,21.0,1676.03,1389.09,0.8835,1678.36,1386.76
2007,16,REG,SEA,BAL,27.0,6.0,21.0,1558.19,1475.33,0.7008,1564.17,1469.35
2007,16,REG,TEN,NYJ,10.0,6.0,4.0,1495.35,1431.85,0.6769,1501.81,1425.39
2007,16,REG,MIN,WAS,21.0,32.0,-11.0,1503.92,1475.23,0.6316,1491.28,1487.87
2007,16,REG,LAC,DEN,23.0,3.0,20.0,1588.65,1513.24,0.6917,1594.81,1507.08
2007,17,REG,NYG,NE,35.0,38.0,-3.0,1538.66,1678.36,0.3941,1530.77,1686.24
2007,17,REG,ATL,SEA,44.0,41.0,3.0,1409.39,1564.17,0.3736,1421.92,1551.64
2007,17,REG,CHI,NO,33.0,25.0,8.0,1511.84,1482.46,0.6326,1519.19,1475.11
2007,17,REG,CLE,SF,20.0,7.0,13.0,1486.26,1442.85,0.6511,1493.23,1435.88
2007,17,REG,GB,DET,34.0,13.0,21.0,1570.47,1442.22,0.7526,1575.41,1437.27
2007,17,REG,HOU,JAX,42.0,28.0,14.0,1458.99,1562.78,0.4444,1470.1,1551.67
2007,17,REG,MIA,CIN,25.0,38.0,-13.0,1386.76,1489.23,0.4463,1377.84,1498.16
2007,17,REG,PHI,BUF,17.0,9.0,8.0,1509.93,1480.17,0.6331,1517.27,1472.84
2007,17,REG,TB,CAR,23.0,31.0,-8.0,1489.84,1486.88,0.5966,1477.91,1498.81
2007,17,REG,ARI,LA,48.0,19.0,29.0,1468.62,1419.15,0.659,1475.44,1412.33
2007,17,REG,BAL,PIT,27.0,21.0,6.0,1469.35,1560.91,0.4618,1480.11,1550.15
2007,17,REG,DEN,MIN,22.0,19.0,3.0,1507.08,1491.28,0.6142,1514.79,1483.57
2007,17,REG,NYJ,KC,13.0,10.0,3.0,1425.39,1448.29,0.5603,1434.18,1439.5
2007,17,REG,LV,LAC,17.0,30.0,-13.0,1380.23,1594.81,0.2971,1374.28,1600.75
2007,17,REG,WAS,DAL,27.0,6.0,21.0,1487.87,1597.45,0.4362,1499.14,1586.17
2007,17,REG,IND,TEN,10.0,16.0,-6.0,1656.5,1501.81,0.7798,1640.91,1517.4
2007,18,WC,SEA,WAS,35.0,14.0,21.0,1551.64,1499.14,0.6629,1558.39,1492.4
2007,18,WC,PIT,JAX,29.0,31.0,-2.0,1550.15,1551.67,0.5903,1538.34,1563.47
2007,18,WC,TB,NYG,14.0,24.0,-10.0,1477.91,1530.77,0.5175,1467.56,1541.12
2007,18,WC,LAC,TEN,17.0,6.0,11.0,1600.75,1517.4,0.7014,1606.73,1511.43
2007,19,DIV,GB,SEA,42.0,20.0,22.0,1575.41,1558.39,0.6159,1583.1,1550.7
2007,19,DIV,NE,JAX,31.0,20.0,11.0,1686.24,1563.47,0.7467,1691.31,1558.41
2007,19,DIV,IND,LAC,24.0,28.0,-4.0,1640.91,1606.73,0.639,1628.13,1619.51
2007,19,DIV,DAL,NYG,17.0,21.0,-4.0,1586.17,1541.12,0.6533,1573.11,1554.19
2007,20,CON,NE,LAC,21.0,12.0,9.0,1691.31,1619.51,0.6873,1697.56,1613.25
2007,20,CON,GB,NYG,20.0,23.0,-3.0,1583.1,1554.19,0.6319,1570.46,1566.83
2007,21,SB,NE,NYG,14.0,17.0,-3.0,1697.56,1566.83,0.7552,1682.46,1581.93
2008,1,REG,NYG,WAS,16.0,7.0,9.0,1554.62,1494.93,0.6721,1561.18,1488.38
2008,1,REG,ATL,DET,34.0,21.0,13.0,1447.94,1458.18,0.5782,1456.38,1449.74
2008,1,REG,BAL,CIN,17.0,10.0,7.0,1486.74,1498.77,0.5756,1495.23,1490.29
2008,1,REG,BUF,SEA,34.0,10.0,24.0,1481.89,1533.8,0.5188,1491.51,1524.18
2008,1,REG,MIA,NYJ,14.0,20.0,-6.0,1418.56,1456.12,0.5394,1407.77,1466.91
2008,1,REG,NE,KC,17.0,10.0,7.0,1621.64,1459.66,0.7869,1625.9,1455.4
2008,1,REG,NO,TB,24.0,20.0,4.0,1483.41,1478.37,0.5994,1491.42,1470.36
2008,1,REG,PHI,LA,38.0,3.0,35.0,1511.51,1441.56,0.685,1517.81,1435.26
2008,1,REG,PIT,HOU,38.0,17.0,21.0,1525.56,1480.07,0.6539,1532.48,1473.14
2008,1,REG,TEN,JAX,17.0,10.0,7.0,1507.62,1538.94,0.5483,1516.65,1529.91
2008,1,REG,CLE,DAL,10.0,28.0,-18.0,1495.49,1548.74,0.5169,1485.15,1559.08
2008,1,REG,LAC,CAR,24.0,26.0,-2.0,1575.5,1499.21,0.6928,1561.64,1513.07
2008,1,REG,SF,ARI,13.0,23.0,-10.0,1457.25,1483.63,0.5554,1446.14,1494.74
2008,1,REG,IND,CHI,13.0,29.0,-16.0,1585.42,1512.79,0.6883,1571.65,1526.56
2008,1,REG,GB,MIN,24.0,19.0,5.0,1546.97,1489.05,0.6699,1553.57,1482.44
2008,1,REG,LV,DEN,14.0,41.0,-27.0,1416.19,1509.86,0.4588,1407.01,1519.04
2008,2,REG,CAR,CHI,20.0,17.0,3.0,1513.07,1526.56,0.5736,1521.59,1518.03
2008,2,REG,CIN,TEN,7.0,24.0,-17.0,1490.29,1516.65,0.5554,1479.18,1527.76
2008,2,REG,DET,GB,25.0,48.0,-23.0,1449.74,1553.57,0.4443,1440.86,1562.46
2008,2,REG,JAX,BUF,16.0,20.0,-4.0,1529.91,1491.51,0.6445,1517.01,1504.41
2008,2,REG,KC,LV,8.0,23.0,-15.0,1455.4,1407.01,0.6576,1442.25,1420.17
2008,2,REG,MIN,IND,15.0,18.0,-3.0,1482.44,1571.65,0.4652,1473.14,1580.96
2008,2,REG,LA,NYG,13.0,41.0,-28.0,1435.26,1561.18,0.4132,1426.99,1569.44
2008,2,REG,WAS,NO,29.0,24.0,5.0,1488.38,1491.42,0.5882,1496.61,1483.18
2008,2,REG,SEA,SF,30.0,33.0,-3.0,1524.18,1446.14,0.695,1510.28,1460.04
2008,2,REG,TB,ATL,24.0,9.0,15.0,1470.36,1456.38,0.6117,1478.13,1448.62
2008,2,REG,ARI,MIA,31.0,10.0,21.0,1494.74,1407.77,0.7057,1500.62,1401.88
2008,2,REG,DEN,LAC,39.0,38.0,1.0,1519.04,1561.64,0.5322,1528.39,1552.29
2008,2,REG,NYJ,NE,10.0,19.0,-9.0,1466.91,1625.9,0.3679,1459.55,1633.26
2008,2,REG,CLE,PIT,6.0,10.0,-4.0,1485.15,1532.48,0.5254,1474.64,1542.99
2008,2,REG,DAL,PHI,41.0,37.0,4.0,1559.08,1517.81,0.6483,1566.11,1510.78
2008,3,REG,ATL,KC,38.0,14.0,24.0,1448.62,1442.25,0.6013,1456.59,1434.28
2008,3,REG,BUF,LV,24.0,23.0,1.0,1504.41,1420.17,0.7025,1510.36,1414.21
2008,3,REG,CHI,TB,24.0,27.0,-3.0,1518.03,1478.13,0.6465,1505.1,1491.06
2008,3,REG,MIN,CAR,20.0,10.0,10.0,1473.14,1521.59,0.5238,1482.66,1512.07
2008,3,REG,NE,MIA,13.0,38.0,-25.0,1633.26,1401.88,0.8463,1616.33,1418.81
2008,3,REG,NYG,CIN,26.0,23.0,3.0,1569.44,1479.18,0.7097,1575.25,1473.37
2008,3,REG,TEN,HOU,31.0,12.0,19.0,1527.76,1473.14,0.6656,1534.45,1466.46
2008,3,REG,WAS,ARI,24.0,17.0,7.0,1496.61,1500.62,0.5869,1504.87,1492.36
2008,3,REG,DEN,NO,34.0,32.0,2.0,1528.39,1483.18,0.6535,1535.32,1476.25
2008,3,REG,SEA,LA,37.0,13.0,24.0,1510.28,1426.99,0.7013,1516.25,1421.02
2008,3,REG,SF,DET,31.0,13.0,18.0,1460.04,1440.86,0.6188,1467.67,1433.23
2008,3,REG,BAL,CLE,28.0,10.0,18.0,1495.23,1474.64,0.6207,1502.81,1467.06
2008,3,REG,IND,JAX,21.0,23.0,-2.0,1580.96,1517.01,0.6775,1567.41,1530.56
2008,3,REG,PHI,PIT,15.0,6.0,9.0,1510.78,1542.99,0.5471,1519.84,1533.93
2008,3,REG,GB,DAL,16.0,27.0,-11.0,1562.46,1566.11,0.5874,1550.71,1577.86
2008,3,REG,LAC,NYJ,48.0,29.0,19.0,1552.29,1459.55,0.7126,1558.04,1453.8
2008,4,REG,CAR,ATL,24.0,9.0,15.0,1512.07,1456.59,0.6668,1518.73,1449.93
2008,4,REG,CIN,CLE,12.0,20.0,-8.0,1473.37,1467.06,0.6012,1461.35,1479.08
2008,4,REG,JAX,HOU,30.0,27.0,3.0,1530.56,1466.46,0.6777,1537.01,1460.01
2008,4,REG,KC,DEN,33.0,19.0,14.0,1434.28,1535.32,0.4483,1445.31,1524.29
2008,4,REG,NO,SF,31.0,17.0,14.0,1476.25,1467.67,0.6043,1484.17,1459.75
2008,4,REG,NYJ,ARI,56.0,35.0,21.0,1453.8,1492.36,0.538,1463.04,1483.12
2008,4,REG,TB,GB,30.0,21.0,9.0,1491.06,1550.71,0.5077,1500.91,1540.87
2008,4,REG,TEN,MIN,30.0,17.0,13.0,1534.45,1482.66,0.662,1541.21,1475.9
2008,4,REG,LV,LAC,18.0,28.0,-10.0,1414.21,1558.04,0.3885,1406.45,1565.81
2008,4,REG,LA,BUF,14.0,31.0,-17.0,1421.02,1510.36,0.465,1411.72,1519.66
2008,4,REG,DAL,WAS,24.0,26.0,-2.0,1577.86,1504.87,0.6888,1564.08,1518.65
2008,4,REG,CHI,PHI,24.0,20.0,4.0,1505.1,1519.84,0.5718,1513.66,1511.28
2008,4,REG,PIT,BAL,23.0,20.0,3.0,1533.93,1502.81,0.6349,1541.23,1495.51
2008,5,REG,BAL,TEN,10.0,13.0,-3.0,1495.51,1541.21,0.5277,1484.96,1551.76
2008,5,REG,CAR,KC,34.0,0.0,34.0,1518.73,1445.31,0.6893,1524.95,1439.1
2008,5,REG,DET,CHI,7.0,34.0,-27.0,1433.23,1513.66,0.4778,1423.68,1523.22
2008,5,REG,GB,ATL,24.0,27.0,-3.0,1540.87,1449.93,0.7105,1526.66,1464.13
2008,5,REG,HOU,IND,27.0,31.0,-4.0,1460.01,1567.41,0.4393,1451.23,1576.19
2008,5,REG,MIA,LAC,17.0,10.0,7.0,1418.81,1565.81,0.3841,1431.13,1553.49
2008,5,REG,NYG,SEA,44.0,6.0,38.0,1575.25,1516.25,0.6712,1581.83,1509.68
2008,5,REG,PHI,WAS,17.0,23.0,-6.0,1511.28,1518.65,0.5822,1499.63,1530.29
2008,5,REG,DEN,TB,16.0,13.0,3.0,1524.29,1500.91,0.6245,1531.8,1493.4
2008,5,REG,ARI,BUF,41.0,17.0,24.0,1483.12,1519.66,0.5409,1492.3,1510.47
2008,5,REG,DAL,CIN,31.0,22.0,9.0,1564.08,1461.35,0.7242,1569.6,1455.83
2008,5,REG,SF,NE,21.0,30.0,-9.0,1459.75,1616.33,0.3712,1452.33,1623.75
2008,5,REG,JAX,PIT,21.0,26.0,-5.0,1537.01,1541.23,0.5866,1525.28,1552.96
2008,5,REG,NO,MIN,27.0,30.0,-3.0,1484.17,1475.9,0.6039,1472.09,1487.98
2008,6,REG,ATL,CHI,22.0,20.0,2.0,1464.13,1523.22,0.5085,1473.96,1513.39
2008,6,REG,HOU,MIA,29.0,28.0,1.0,1451.23,1431.13,0.6201,1458.82,1423.53
2008,6,REG,IND,BAL,31.0,3.0,28.0,1576.19,1484.96,0.7108,1581.98,1479.17
2008,6,REG,MIN,DET,12.0,10.0,2.0,1487.98,1423.68,0.6779,1494.42,1417.23
2008,6,REG,NO,LV,34.0,3.0,31.0,1472.09,1406.45,0.6796,1478.5,1400.04
2008,6,REG,NYJ,CIN,26.0,14.0,12.0,1463.04,1455.83,0.6024,1470.99,1447.88
2008,6,REG,TB,CAR,27.0,3.0,24.0,1493.4,1524.95,0.548,1502.44,1515.91
2008,6,REG,WAS,LA,17.0,19.0,-2.0,1530.29,1411.72,0.7421,1515.45,1426.56
2008,6,REG,DEN,JAX,17.0,24.0,-7.0,1531.8,1525.28,0.6015,1519.77,1537.31
2008,6,REG,ARI,DAL,30.0,24.0,6.0,1492.3,1569.6,0.4823,1502.66,1559.24
2008,6,REG,SEA,GB,17.0,27.0,-10.0,1509.68,1526.66,0.5687,1498.3,1538.03
2008,6,REG,SF,PHI,26.0,40.0,-14.0,1452.33,1499.63,0.5254,1441.82,1510.14
2008,6,REG,LAC,NE,30.0,10.0,20.0,1553.49,1623.75,0.4924,1563.64,1613.6
2008,6,REG,CLE,NYG,35.0,14.0,21.0,1479.08,1581.83,0.4459,1490.16,1570.74
2008,7,REG,BUF,LAC,23.0,14.0,9.0,1510.47,1563.64,0.517,1520.13,1553.98
2008,7,REG,CAR,NO,30.0,7.0,23.0,1515.91,1478.5,0.6433,1523.04,1471.36
2008,7,REG,CHI,MIN,48.0,41.0,7.0,1513.39,1494.42,0.6185,1521.02,1486.79
2008,7,REG,CIN,PIT,10.0,38.0,-28.0,1447.88,1552.96,0.4426,1439.03,1561.82
2008,7,REG,KC,TEN,10.0,34.0,-24.0,1439.1,1551.76,0.4318,1430.46,1560.4
2008,7,REG,MIA,BAL,13.0,27.0,-14.0,1423.53,1479.17,0.5135,1413.26,1489.44
2008,7,REG,NYG,SF,29.0,17.0,12.0,1570.74,1441.82,0.7533,1575.68,1436.89
2008,7,REG,LA,DAL,34.0,14.0,20.0,1426.56,1559.24,0.4038,1438.48,1547.32
2008,7,REG,HOU,DET,28.0,21.0,7.0,1458.82,1417.23,0.6488,1465.85,1410.21
2008,7,REG,GB,IND,34.0,14.0,20.0,1538.03,1581.98,0.5303,1547.43,1572.58
2008,7,REG,LV,NYJ,16.0,13.0,3.0,1400.04,1470.99,0.4914,1410.21,1460.82
2008,7,REG,WAS,CLE,14.0,11.0,3.0,1515.45,1490.16,0.6271,1522.91,1482.71
2008,7,REG,TB,SEA,20.0,10.0,10.0,1502.44,1498.3,0.5982,1510.47,1490.27
2008,7,REG,NE,DEN,41.0,7.0,34.0,1613.6,1519.77,0.7139,1619.33,1514.05
2008,8,REG,BAL,LV,29.0,10.0,19.0,1489.44,1410.21,0.6964,1495.51,1404.14
2008,8,REG,CAR,ARI,27.0,23.0,4.0,1523.04,1502.66,0.6205,1530.63,1495.06
2008,8,REG,DAL,TB,13.0,9.0,4.0,1547.32,1510.47,0.6425,1554.47,1503.32
2008,8,REG,DET,WAS,17.0,25.0,-8.0,1410.21,1522.91,0.4318,1401.57,1531.55
2008,8,REG,MIA,BUF,25.0,16.0,9.0,1413.26,1520.13,0.44,1424.46,1508.93
2008,8,REG,NE,LA,23.0,16.0,7.0,1619.33,1438.48,0.8046,1623.23,1434.57
2008,8,REG,NO,LAC,37.0,32.0,5.0,1471.36,1553.98,0.4747,1481.87,1543.47
2008,8,REG,NYJ,KC,28.0,24.0,4.0,1460.82,1430.46,0.6339,1468.14,1423.14
2008,8,REG,PHI,ATL,27.0,14.0,13.0,1510.14,1473.96,0.6416,1517.31,1466.8
2008,8,REG,HOU,CIN,35.0,6.0,29.0,1465.85,1439.03,0.6291,1473.27,1431.61
2008,8,REG,JAX,CLE,17.0,23.0,-6.0,1537.31,1482.71,0.6656,1524.0,1496.02
2008,8,REG,PIT,NYG,14.0,21.0,-7.0,1561.82,1575.68,0.5731,1550.35,1587.14
2008,8,REG,SF,SEA,13.0,34.0,-21.0,1436.89,1490.27,0.5167,1426.55,1500.6
2008,8,REG,TEN,IND,31.0,21.0,10.0,1560.4,1572.58,0.5754,1568.89,1564.09
2008,9,REG,BUF,NYJ,17.0,26.0,-9.0,1508.93,1468.14,0.6477,1495.98,1481.1
2008,9,REG,CHI,DET,27.0,23.0,4.0,1521.02,1401.57,0.743,1526.16,1396.43
2008,9,REG,CIN,JAX,21.0,19.0,2.0,1431.61,1524.0,0.4607,1442.4,1513.21
2008,9,REG,CLE,BAL,27.0,37.0,-10.0,1496.02,1495.51,0.5932,1484.15,1507.38
2008,9,REG,KC,TB,27.0,30.0,-3.0,1423.14,1503.32,0.4782,1413.57,1512.89
2008,9,REG,MIN,HOU,28.0,21.0,7.0,1486.79,1473.27,0.6111,1494.57,1465.49
2008,9,REG,LA,ARI,13.0,34.0,-21.0,1434.57,1495.06,0.5065,1424.44,1505.19
2008,9,REG,TEN,GB,19.0,16.0,3.0,1568.89,1547.43,0.6219,1576.45,1539.86
2008,9,REG,DEN,MIA,17.0,26.0,-9.0,1514.05,1424.46,0.7089,1499.87,1438.64
2008,9,REG,NYG,DAL,35.0,14.0,21.0,1587.14,1554.47,0.637,1594.4,1547.21
2008,9,REG,LV,ATL,0.0,24.0,-24.0,1404.14,1466.8,0.5034,1394.07,1476.86
2008,9,REG,SEA,PHI,7.0,26.0,-19.0,1500.6,1517.31,0.5691,1489.22,1528.69
2008,9,REG,IND,NE,18.0,15.0,3.0,1564.09,1623.23,0.5084,1573.92,1613.4
2008,9,REG,WAS,PIT,6.0,23.0,-17.0,1531.55,1550.35,0.5661,1520.22,1561.68
2008,10,REG,CLE,DEN,30.0,34.0,-4.0,1484.15,1499.87,0.5705,1472.75,1511.28
2008,10,REG,ATL,NO,34.0,20.0,14.0,1476.86,1481.87,0.5855,1485.15,1473.58
2008,10,REG,CHI,TEN,14.0,21.0,-7.0,1526.16,1576.45,0.5212,1515.74,1586.88
2008,10,REG,DET,JAX,14.0,38.0,-24.0,1396.43,1513.21,0.426,1387.91,1521.73
2008,10,REG,HOU,BAL,13.0,41.0,-28.0,1465.49,1507.38,0.5332,1454.82,1518.04
2008,10,REG,MIA,SEA,21.0,19.0,2.0,1438.64,1489.22,0.5207,1448.22,1479.64
2008,10,REG,MIN,GB,28.0,27.0,1.0,1494.57,1539.86,0.5283,1504.0,1530.43
2008,10,REG,NE,BUF,20.0,10.0,10.0,1613.4,1495.98,0.7408,1618.59,1490.8
2008,10,REG,NYJ,LA,47.0,3.0,44.0,1481.1,1424.44,0.6683,1487.73,1417.81
2008,10,REG,LV,CAR,6.0,17.0,-11.0,1394.07,1530.63,0.3984,1386.1,1538.6
2008,10,REG,PIT,IND,20.0,24.0,-4.0,1561.68,1573.92,0.5753,1550.17,1585.43
2008,10,REG,LAC,KC,20.0,19.0,1.0,1543.47,1413.57,0.7543,1548.39,1408.66
2008,10,REG,PHI,NYG,31.0,36.0,-5.0,1528.69,1594.4,0.499,1518.71,1604.38
2008,10,REG,ARI,SF,29.0,24.0,5.0,1505.19,1426.55,0.6957,1511.28,1420.47
2008,11,REG,NE,NYJ,31.0,34.0,-3.0,1618.59,1487.73,0.7554,1603.48,1502.84
2008,11,REG,ATL,DEN,20.0,24.0,-4.0,1485.15,1511.28,0.5557,1474.04,1522.39
2008,11,REG,CAR,DET,31.0,22.0,9.0,1538.6,1387.91,0.7758,1543.09,1383.43
2008,11,REG,CIN,PHI,13.0,13.0,0.0,1442.4,1518.71,0.4837,1442.72,1518.39
2008,11,REG,GB,CHI,37.0,3.0,34.0,1530.43,1515.74,0.6127,1538.18,1507.99
2008,11,REG,IND,HOU,33.0,27.0,6.0,1585.43,1454.82,0.7551,1590.33,1449.93
2008,11,REG,KC,NO,20.0,30.0,-10.0,1408.66,1473.58,0.5001,1398.66,1483.58
2008,11,REG,MIA,LV,17.0,15.0,2.0,1448.22,1386.1,0.6752,1454.72,1379.61
2008,11,REG,NYG,BAL,30.0,10.0,20.0,1604.38,1518.04,0.705,1610.28,1512.14
2008,11,REG,TB,MIN,19.0,13.0,6.0,1512.89,1504.0,0.6047,1520.79,1496.1
2008,11,REG,SEA,ARI,20.0,26.0,-6.0,1479.64,1511.28,0.5479,1468.68,1522.24
2008,11,REG,SF,LA,35.0,16.0,19.0,1420.47,1417.81,0.5962,1428.54,1409.73
2008,11,REG,JAX,TEN,14.0,24.0,-10.0,1521.73,1586.88,0.4998,1511.73,1596.87
2008,11,REG,PIT,LAC,11.0,10.0,1.0,1550.17,1548.39,0.5949,1558.27,1540.29
2008,11,REG,WAS,DAL,10.0,14.0,-4.0,1520.22,1547.21,0.5545,1509.13,1558.3
2008,11,REG,BUF,CLE,27.0,29.0,-2.0,1490.8,1472.75,0.6173,1478.45,1485.09
2008,12,REG,PIT,CIN,27.0,10.0,17.0,1558.27,1442.72,0.7387,1563.5,1437.5
2008,12,REG,BAL,PHI,36.0,7.0,29.0,1512.14,1518.39,0.5838,1520.47,1510.06
2008,12,REG,CLE,HOU,6.0,16.0,-10.0,1485.09,1449.93,0.6403,1472.29,1462.73
2008,12,REG,DAL,SF,35.0,22.0,13.0,1558.3,1428.54,0.7542,1563.21,1423.63
2008,12,REG,DET,TB,20.0,38.0,-18.0,1383.43,1520.79,0.3973,1375.48,1528.74
2008,12,REG,JAX,MIN,12.0,30.0,-18.0,1511.73,1496.1,0.614,1499.45,1508.38
2008,12,REG,KC,BUF,31.0,54.0,-23.0,1398.66,1478.45,0.4787,1389.08,1488.02
2008,12,REG,MIA,NE,28.0,48.0,-20.0,1454.72,1603.48,0.3817,1447.08,1611.11
2008,12,REG,LA,CHI,3.0,27.0,-24.0,1409.73,1507.99,0.4523,1400.69,1517.04
2008,12,REG,TEN,NYJ,13.0,34.0,-21.0,1596.87,1502.84,0.7141,1582.59,1517.12
2008,12,REG,DEN,LV,10.0,31.0,-21.0,1522.39,1379.61,0.7678,1507.04,1394.96
2008,12,REG,ARI,NYG,29.0,37.0,-8.0,1522.24,1610.28,0.4669,1512.9,1619.62
2008,12,REG,ATL,CAR,45.0,28.0,17.0,1474.04,1543.09,0.4942,1484.16,1532.97
2008,12,REG,SEA,WAS,17.0,20.0,-3.0,1468.68,1509.13,0.5353,1457.97,1519.84
2008,12,REG,LAC,IND,20.0,23.0,-3.0,1540.29,1590.33,0.5215,1529.86,1600.76
2008,12,REG,NO,GB,51.0,29.0,22.0,1483.58,1538.18,0.515,1493.28,1528.48
2008,13,REG,DET,TEN,10.0,47.0,-37.0,1375.48,1582.59,0.3062,1369.36,1588.71
2008,13,REG,DAL,SEA,34.0,9.0,25.0,1563.21,1457.97,0.7271,1568.67,1452.52
2008,13,REG,PHI,ARI,48.0,20.0,28.0,1510.06,1512.9,0.5885,1518.29,1504.67
2008,13,REG,BUF,SF,3.0,10.0,-7.0,1488.02,1423.63,0.6781,1474.46,1437.19
2008,13,REG,CIN,BAL,3.0,34.0,-31.0,1437.5,1520.47,0.4742,1428.02,1529.95
2008,13,REG,CLE,IND,6.0,10.0,-4.0,1472.29,1600.76,0.4097,1464.09,1608.95
2008,13,REG,GB,CAR,31.0,35.0,-4.0,1528.48,1532.97,0.5862,1516.75,1544.69
2008,13,REG,LA,MIA,12.0,16.0,-4.0,1400.69,1447.08,0.5267,1390.15,1457.62
2008,13,REG,TB,NO,23.0,20.0,3.0,1528.74,1493.28,0.6407,1535.92,1486.09
2008,13,REG,WAS,NYG,7.0,23.0,-16.0,1519.84,1619.62,0.4501,1510.84,1628.62
2008,13,REG,LAC,ATL,16.0,22.0,-6.0,1529.86,1484.16,0.6541,1516.77,1497.24
2008,13,REG,NE,PIT,10.0,33.0,-23.0,1611.11,1563.5,0.6566,1597.98,1576.63
2008,13,REG,NYJ,DEN,17.0,34.0,-17.0,1517.12,1507.04,0.6064,1504.99,1519.16
2008,13,REG,LV,KC,13.0,20.0,-7.0,1394.96,1389.08,0.6006,1382.95,1401.1
2008,13,REG,MIN,CHI,34.0,14.0,20.0,1508.38,1517.04,0.5804,1516.77,1508.64
2008,13,REG,HOU,JAX,30.0,17.0,13.0,1462.73,1499.45,0.5406,1471.92,1490.27
2008,14,REG,LAC,LV,34.0,7.0,27.0,1516.77,1382.95,0.7585,1521.6,1378.12
2008,14,REG,CHI,JAX,23.0,10.0,13.0,1508.64,1490.27,0.6177,1516.29,1482.62
2008,14,REG,DET,MIN,16.0,20.0,-4.0,1369.36,1516.77,0.3836,1361.69,1524.44
2008,14,REG,GB,HOU,21.0,24.0,-3.0,1516.75,1471.92,0.653,1503.69,1484.98
2008,14,REG,IND,CIN,35.0,3.0,32.0,1608.95,1428.02,0.8047,1612.86,1424.11
2008,14,REG,NO,ATL,29.0,25.0,4.0,1486.09,1497.24,0.5769,1494.56,1488.78
2008,14,REG,NYG,PHI,14.0,20.0,-6.0,1628.62,1518.29,0.7329,1613.96,1532.95
2008,14,REG,TEN,CLE,28.0,9.0,19.0,1588.71,1464.09,0.7487,1593.74,1459.07
2008,14,REG,BUF,MIA,3.0,16.0,-13.0,1474.46,1457.62,0.6157,1462.15,1469.93
2008,14,REG,DEN,KC,24.0,17.0,7.0,1519.16,1401.1,0.7415,1524.33,1395.93
2008,14,REG,SEA,NE,21.0,24.0,-3.0,1452.52,1597.98,0.3862,1444.79,1605.71
2008,14,REG,SF,NYJ,24.0,14.0,10.0,1437.19,1504.99,0.496,1447.27,1494.91
2008,14,REG,ARI,LA,34.0,10.0,24.0,1504.67,1390.15,0.7376,1509.92,1384.9
2008,14,REG,PIT,DAL,20.0,13.0,7.0,1576.63,1568.67,0.6035,1584.56,1560.74
2008,14,REG,BAL,WAS,24.0,10.0,14.0,1529.95,1510.84,0.6187,1537.57,1503.21
2008,14,REG,CAR,TB,38.0,23.0,15.0,1544.69,1535.92,0.6046,1552.6,1528.02
2008,15,REG,CHI,NO,27.0,24.0,3.0,1516.29,1494.56,0.6223,1523.84,1487.0
2008,15,REG,ATL,TB,13.0,10.0,3.0,1488.78,1528.02,0.537,1498.04,1518.76
2008,15,REG,CIN,WAS,20.0,13.0,7.0,1424.11,1503.21,0.4797,1434.51,1492.81
2008,15,REG,HOU,TEN,13.0,12.0,1.0,1484.98,1593.74,0.4374,1496.23,1582.49
2008,15,REG,IND,DET,31.0,21.0,10.0,1612.86,1361.69,0.8606,1615.65,1358.9
2008,15,REG,JAX,GB,20.0,16.0,4.0,1482.62,1503.69,0.5629,1491.36,1494.95
2008,15,REG,KC,LAC,21.0,22.0,-1.0,1395.93,1521.6,0.4136,1387.66,1529.87
2008,15,REG,MIA,SF,14.0,9.0,5.0,1469.93,1447.27,0.6235,1477.46,1439.74
2008,15,REG,NYJ,BUF,31.0,27.0,4.0,1494.91,1462.15,0.6371,1502.17,1454.89
2008,15,REG,LA,SEA,20.0,23.0,-3.0,1384.9,1444.79,0.5074,1374.76,1454.94
2008,15,REG,ARI,MIN,14.0,35.0,-21.0,1509.92,1524.44,0.5721,1498.48,1535.89
2008,15,REG,BAL,PIT,9.0,13.0,-4.0,1537.57,1584.56,0.5259,1527.06,1595.08
2008,15,REG,CAR,DEN,30.0,10.0,20.0,1552.6,1524.33,0.6311,1559.98,1516.96
2008,15,REG,LV,NE,26.0,49.0,-23.0,1378.12,1605.71,0.2817,1372.49,1611.34
2008,15,REG,DAL,NYG,20.0,8.0,12.0,1560.74,1613.96,0.5169,1570.4,1604.3
2008,15,REG,PHI,CLE,30.0,10.0,20.0,1532.95,1459.07,0.6899,1539.15,1452.86
2008,16,REG,JAX,IND,24.0,31.0,-7.0,1491.36,1615.65,0.4155,1483.05,1623.96
2008,16,REG,DAL,BAL,24.0,33.0,-9.0,1570.4,1527.06,0.6511,1557.38,1540.08
2008,16,REG,CLE,CIN,0.0,14.0,-14.0,1452.86,1434.51,0.6177,1440.51,1446.87
2008,16,REG,DET,NO,7.0,42.0,-35.0,1358.9,1487.0,0.4102,1350.7,1495.21
2008,16,REG,KC,MIA,31.0,38.0,-7.0,1387.66,1477.46,0.4644,1378.37,1486.75
2008,16,REG,NE,ARI,47.0,7.0,40.0,1611.34,1498.48,0.7357,1616.63,1493.19
2008,16,REG,LA,SF,16.0,17.0,-1.0,1374.76,1439.74,0.5,1364.76,1449.74
2008,16,REG,TB,LAC,24.0,41.0,-17.0,1518.76,1529.87,0.5769,1507.22,1541.41
2008,16,REG,TEN,PIT,31.0,14.0,17.0,1582.49,1595.08,0.5749,1590.99,1586.57
2008,16,REG,DEN,BUF,23.0,30.0,-7.0,1516.96,1454.89,0.6751,1503.45,1468.39
2008,16,REG,LV,HOU,27.0,16.0,11.0,1372.49,1496.23,0.4163,1384.16,1484.56
2008,16,REG,SEA,NYJ,13.0,3.0,10.0,1454.94,1502.17,0.5255,1464.43,1492.68
2008,16,REG,MIN,ATL,17.0,24.0,-7.0,1535.89,1498.04,0.6438,1523.01,1510.91
2008,16,REG,WAS,PHI,10.0,3.0,7.0,1492.81,1539.15,0.5268,1502.27,1529.69
2008,16,REG,NYG,CAR,34.0,28.0,6.0,1604.3,1559.98,0.6523,1611.25,1553.03
2008,16,REG,CHI,GB,20.0,17.0,3.0,1523.84,1494.95,0.6319,1531.2,1487.59
2008,17,REG,ATL,LA,31.0,27.0,4.0,1510.91,1364.76,0.7713,1515.49,1360.18
2008,17,REG,BUF,NE,0.0,13.0,-13.0,1468.39,1616.63,0.3825,1460.75,1624.28
2008,17,REG,CIN,KC,16.0,6.0,10.0,1446.87,1378.37,0.6832,1453.2,1372.03
2008,17,REG,GB,DET,31.0,21.0,10.0,1487.59,1350.7,0.7617,1492.35,1345.93
2008,17,REG,HOU,CHI,31.0,24.0,7.0,1484.56,1531.2,0.5264,1494.03,1521.73
2008,17,REG,IND,TEN,23.0,0.0,23.0,1623.96,1590.99,0.6374,1631.21,1583.74
2008,17,REG,MIN,NYG,20.0,19.0,1.0,1523.01,1611.25,0.4666,1533.68,1600.59
2008,17,REG,NO,CAR,31.0,33.0,-2.0,1495.21,1553.03,0.5103,1485.0,1563.23
2008,17,REG,PIT,CLE,31.0,0.0,31.0,1586.57,1440.51,0.7712,1591.15,1435.93
2008,17,REG,TB,LV,24.0,31.0,-7.0,1507.22,1384.16,0.747,1492.28,1399.1
2008,17,REG,ARI,SEA,34.0,21.0,13.0,1493.19,1464.43,0.6318,1500.56,1457.06
2008,17,REG,BAL,JAX,27.0,7.0,20.0,1540.08,1483.05,0.6687,1546.7,1476.43
2008,17,REG,NYJ,MIA,17.0,24.0,-7.0,1492.68,1486.75,0.6007,1480.67,1498.76
2008,17,REG,PHI,DAL,44.0,6.0,38.0,1529.69,1557.38,0.5535,1538.62,1548.45
2008,17,REG,SF,WAS,27.0,24.0,3.0,1449.74,1502.27,0.5179,1459.38,1492.63
2008,17,REG,LAC,DEN,52.0,21.0,31.0,1541.41,1503.45,0.644,1548.53,1496.33
2008,18,WC,ARI,ATL,30.0,24.0,6.0,1500.56,1515.49,0.5716,1509.12,1506.92
2008,18,WC,LAC,IND,23.0,17.0,6.0,1548.53,1631.21,0.4746,1559.04,1620.7
2008,18,WC,MIA,BAL,9.0,27.0,-18.0,1498.76,1546.7,0.5245,1488.27,1557.19
2008,18,WC,MIN,PHI,14.0,26.0,-12.0,1533.68,1538.62,0.5856,1521.97,1550.33
2008,19,DIV,TEN,BAL,10.0,13.0,-3.0,1583.74,1557.19,0.6288,1571.16,1569.77
2008,19,DIV,CAR,ARI,13.0,33.0,-20.0,1563.23,1509.12,0.665,1549.93,1522.42
2008,19,DIV,NYG,PHI,11.0,23.0,-12.0,1600.59,1550.33,0.66,1587.39,1563.53
2008,19,DIV,PIT,LAC,35.0,24.0,11.0,1591.15,1559.04,0.6362,1598.43,1551.77
2008,20,CON,ARI,PHI,32.0,25.0,7.0,1522.42,1563.53,0.5343,1531.74,1554.22
2008,20,CON,PIT,BAL,23.0,14.0,9.0,1598.43,1569.77,0.6316,1605.79,1562.4
2008,21,SB,ARI,PIT,23.0,27.0,-4.0,1531.74,1605.79,0.487,1522.0,1615.53
2009,1,REG,PIT,TEN,13.0,10.0,3.0,1577.02,1547.44,0.6328,1584.37,1540.1
2009,1,REG,ATL,MIA,19.0,7.0,12.0,1504.61,1492.18,0.6096,1512.42,1484.37
2009,1,REG,BAL,KC,38.0,24.0,14.0,1541.6,1414.69,0.7511,1546.58,1409.71
2009,1,REG,CAR,PHI,10.0,38.0,-28.0,1533.29,1536.14,0.5885,1521.52,1547.91
2009,1,REG,CIN,DEN,7.0,12.0,-5.0,1468.8,1497.56,0.552,1457.76,1508.6
2009,1,REG,CLE,MIN,20.0,34.0,-14.0,1457.29,1514.64,0.511,1447.07,1524.86
2009,1,REG,HOU,NYJ,7.0,24.0,-17.0,1496.02,1487.11,0.6048,1483.92,1499.21
2009,1,REG,IND,JAX,14.0,12.0,2.0,1580.47,1484.29,0.7166,1586.13,1478.62
2009,1,REG,NO,DET,45.0,27.0,18.0,1490.0,1397.29,0.7126,1495.75,1391.54
2009,1,REG,TB,DAL,21.0,34.0,-13.0,1494.85,1532.3,0.5396,1484.06,1543.09
2009,1,REG,ARI,SF,16.0,20.0,-4.0,1514.67,1472.92,0.649,1501.69,1485.9
2009,1,REG,NYG,WAS,23.0,17.0,6.0,1558.26,1495.09,0.6765,1564.73,1488.62
2009,1,REG,SEA,LA,28.0,0.0,28.0,1471.38,1406.79,0.6783,1477.81,1400.35
2009,1,REG,GB,CHI,21.0,15.0,6.0,1494.9,1514.49,0.565,1503.6,1505.79
2009,1,REG,NE,BUF,25.0,24.0,1.0,1582.85,1473.83,0.7314,1588.22,1468.46
2009,1,REG,LV,LAC,20.0,24.0,-4.0,1432.73,1534.51,0.4473,1423.79,1543.46
2009,2,REG,ATL,CAR,28.0,20.0,8.0,1512.42,1521.52,0.5798,1520.83,1513.11
2009,2,REG,DET,MIN,13.0,27.0,-14.0,1391.54,1524.86,0.4029,1383.48,1532.92
2009,2,REG,GB,CIN,24.0,31.0,-7.0,1503.6,1457.76,0.6543,1490.52,1470.85
2009,2,REG,JAX,ARI,17.0,31.0,-14.0,1478.62,1501.69,0.5601,1467.42,1512.89
2009,2,REG,KC,LV,10.0,13.0,-3.0,1409.71,1423.79,0.5728,1398.26,1435.24
2009,2,REG,NYJ,NE,16.0,9.0,7.0,1499.21,1588.22,0.4655,1509.9,1577.53
2009,2,REG,PHI,NO,22.0,48.0,-26.0,1547.91,1495.75,0.6625,1534.66,1509.0
2009,2,REG,TEN,HOU,31.0,34.0,-3.0,1540.1,1483.92,0.6676,1526.75,1497.28
2009,2,REG,WAS,LA,9.0,7.0,2.0,1488.62,1400.35,0.7073,1494.47,1394.5
2009,2,REG,BUF,TB,33.0,20.0,13.0,1468.46,1484.06,0.5706,1477.05,1475.47
2009,2,REG,SF,SEA,23.0,10.0,13.0,1485.9,1477.81,0.6037,1493.83,1469.88
2009,2,REG,CHI,PIT,17.0,14.0,3.0,1505.79,1584.37,0.4805,1516.18,1573.97
2009,2,REG,DEN,CLE,27.0,6.0,21.0,1508.6,1447.07,0.6744,1515.11,1440.56
2009,2,REG,LAC,BAL,26.0,31.0,-5.0,1543.46,1546.58,0.5881,1531.69,1558.34
2009,2,REG,DAL,NYG,31.0,33.0,-2.0,1543.09,1564.73,0.5621,1531.85,1575.97
2009,2,REG,MIA,IND,23.0,27.0,-4.0,1484.37,1586.13,0.4473,1475.43,1595.08
2009,3,REG,BAL,CLE,34.0,3.0,31.0,1558.34,1440.56,0.7412,1563.52,1435.38
2009,3,REG,DET,WAS,19.0,14.0,5.0,1383.48,1494.47,0.4342,1394.8,1483.15
2009,3,REG,HOU,JAX,24.0,31.0,-7.0,1497.28,1467.42,0.6332,1484.61,1480.08
2009,3,REG,MIN,SF,27.0,24.0,3.0,1532.92,1493.83,0.6455,1540.01,1486.74
2009,3,REG,NE,ATL,26.0,10.0,16.0,1577.53,1520.83,0.6683,1584.17,1514.19
2009,3,REG,NYJ,TEN,24.0,17.0,7.0,1509.9,1526.75,0.5689,1518.52,1518.12
2009,3,REG,PHI,KC,34.0,14.0,20.0,1534.66,1398.26,0.7612,1539.44,1393.48
2009,3,REG,LA,GB,17.0,36.0,-19.0,1394.5,1490.52,0.4555,1385.39,1499.63
2009,3,REG,TB,NYG,0.0,24.0,-24.0,1475.47,1575.97,0.4491,1466.49,1584.95
2009,3,REG,BUF,NO,7.0,27.0,-20.0,1477.05,1509.0,0.5474,1466.1,1519.95
2009,3,REG,SEA,CHI,19.0,25.0,-6.0,1469.88,1516.18,0.5269,1459.34,1526.72
2009,3,REG,CIN,PIT,23.0,20.0,3.0,1470.85,1573.97,0.4454,1481.94,1562.88
2009,3,REG,LV,DEN,3.0,23.0,-20.0,1435.24,1515.11,0.4786,1425.67,1524.68
2009,3,REG,LAC,MIA,23.0,13.0,10.0,1531.69,1475.43,0.6678,1538.34,1468.78
2009,3,REG,ARI,IND,10.0,31.0,-21.0,1512.89,1595.08,0.4753,1503.38,1604.59
2009,3,REG,DAL,CAR,21.0,7.0,14.0,1531.85,1513.11,0.6182,1539.49,1505.48
2009,4,REG,CHI,DET,48.0,24.0,24.0,1526.72,1394.8,0.7565,1531.59,1389.93
2009,4,REG,CLE,CIN,20.0,23.0,-3.0,1435.38,1481.94,0.5265,1424.85,1492.47
2009,4,REG,HOU,LV,29.0,6.0,23.0,1484.61,1425.67,0.6712,1491.19,1419.09
2009,4,REG,IND,SEA,34.0,17.0,17.0,1604.59,1459.34,0.7703,1609.18,1454.75
2009,4,REG,JAX,TEN,37.0,17.0,20.0,1480.08,1518.12,0.5387,1489.31,1508.9
2009,4,REG,KC,NYG,16.0,27.0,-11.0,1393.48,1584.95,0.3256,1386.97,1591.46
2009,4,REG,NE,BAL,27.0,21.0,6.0,1584.17,1563.52,0.6208,1591.75,1555.93
2009,4,REG,WAS,TB,16.0,13.0,3.0,1483.15,1466.49,0.6154,1490.85,1458.8
2009,4,REG,MIA,BUF,38.0,10.0,28.0,1468.78,1466.1,0.5962,1476.86,1458.02
2009,4,REG,NO,NYJ,24.0,10.0,14.0,1519.95,1518.52,0.5944,1528.06,1510.41
2009,4,REG,DEN,DAL,17.0,10.0,7.0,1524.68,1539.49,0.5717,1533.24,1530.92
2009,4,REG,SF,LA,35.0,0.0,35.0,1486.74,1385.39,0.7226,1492.28,1379.84
2009,4,REG,PIT,LAC,38.0,28.0,10.0,1562.88,1538.34,0.6261,1570.36,1530.86
2009,4,REG,MIN,GB,30.0,23.0,7.0,1540.01,1499.63,0.6472,1547.07,1492.57
2009,5,REG,BAL,CIN,14.0,17.0,-3.0,1555.93,1492.47,0.6769,1542.39,1506.01
2009,5,REG,BUF,CLE,3.0,6.0,-3.0,1458.02,1424.85,0.6376,1445.27,1437.6
2009,5,REG,CAR,WAS,20.0,17.0,3.0,1505.48,1490.85,0.6126,1513.23,1483.1
2009,5,REG,DET,PIT,20.0,28.0,-8.0,1389.93,1570.36,0.3397,1383.13,1577.15
2009,5,REG,KC,DAL,20.0,26.0,-6.0,1386.97,1530.92,0.3883,1379.2,1538.69
2009,5,REG,NYG,LV,44.0,7.0,37.0,1591.46,1419.09,0.7968,1595.53,1415.03
2009,5,REG,PHI,TB,33.0,14.0,19.0,1539.44,1458.8,0.6981,1545.48,1452.76
2009,5,REG,LA,MIN,10.0,38.0,-28.0,1379.84,1547.07,0.357,1372.7,1554.21
2009,5,REG,SF,ATL,10.0,45.0,-35.0,1492.28,1514.19,0.5617,1481.05,1525.43
2009,5,REG,ARI,HOU,28.0,21.0,7.0,1503.38,1491.19,0.6093,1511.2,1483.38
2009,5,REG,DEN,NE,20.0,17.0,3.0,1533.24,1591.75,0.5093,1543.06,1581.94
2009,5,REG,SEA,JAX,41.0,0.0,41.0,1454.75,1489.31,0.5437,1463.88,1480.18
2009,5,REG,TEN,IND,9.0,31.0,-22.0,1508.9,1609.18,0.4494,1499.91,1618.17
2009,5,REG,MIA,NYJ,31.0,27.0,4.0,1476.86,1510.41,0.5451,1485.96,1501.31
2009,6,REG,CIN,HOU,17.0,28.0,-11.0,1506.01,1483.38,0.6235,1493.54,1495.85
2009,6,REG,GB,DET,26.0,0.0,26.0,1492.57,1383.13,0.7319,1497.93,1377.77
2009,6,REG,JAX,LA,23.0,20.0,3.0,1480.18,1372.7,0.7297,1485.59,1367.3
2009,6,REG,MIN,BAL,33.0,31.0,2.0,1554.21,1542.39,0.6088,1562.03,1534.57
2009,6,REG,NO,NYG,48.0,27.0,21.0,1528.06,1595.53,0.4964,1538.13,1585.46
2009,6,REG,PIT,CLE,27.0,14.0,13.0,1577.15,1437.6,0.7645,1581.86,1432.89
2009,6,REG,TB,CAR,21.0,28.0,-7.0,1452.76,1513.23,0.5065,1442.63,1523.36
2009,6,REG,WAS,KC,6.0,14.0,-8.0,1483.1,1379.2,0.7256,1468.59,1393.71
2009,6,REG,LV,PHI,13.0,9.0,4.0,1415.03,1545.48,0.4069,1426.89,1533.62
2009,6,REG,SEA,ARI,3.0,27.0,-24.0,1463.88,1511.2,0.5254,1453.37,1521.7
2009,6,REG,NE,TEN,59.0,0.0,59.0,1581.94,1499.91,0.6998,1587.94,1493.9
2009,6,REG,NYJ,BUF,13.0,16.0,-3.0,1501.31,1445.27,0.6675,1487.96,1458.62
2009,6,REG,ATL,CHI,21.0,14.0,7.0,1525.43,1531.59,0.5839,1533.75,1523.26
2009,6,REG,LAC,DEN,23.0,34.0,-11.0,1530.86,1543.06,0.5754,1519.35,1554.57
2009,7,REG,CLE,GB,3.0,31.0,-28.0,1432.89,1497.93,0.4999,1422.89,1507.93
2009,7,REG,HOU,SF,24.0,21.0,3.0,1495.85,1481.05,0.6129,1503.59,1473.31
2009,7,REG,KC,LAC,7.0,37.0,-30.0,1393.71,1519.35,0.4136,1385.44,1527.62
2009,7,REG,PIT,MIN,27.0,17.0,10.0,1581.86,1562.03,0.6197,1589.47,1554.43
2009,7,REG,LA,IND,6.0,42.0,-36.0,1367.3,1618.17,0.2554,1362.19,1623.27
2009,7,REG,TB,NE,7.0,35.0,-28.0,1442.63,1587.94,0.3864,1434.9,1595.67
2009,7,REG,CAR,BUF,9.0,20.0,-11.0,1523.36,1458.62,0.6785,1509.79,1472.19
2009,7,REG,LV,NYJ,0.0,38.0,-38.0,1426.89,1487.96,0.5057,1416.78,1498.08
2009,7,REG,CIN,CHI,45.0,10.0,35.0,1493.54,1523.26,0.5506,1502.53,1514.28
2009,7,REG,DAL,ATL,37.0,21.0,16.0,1538.69,1533.75,0.5993,1546.7,1525.73
2009,7,REG,MIA,NO,34.0,46.0,-12.0,1485.96,1538.13,0.5185,1475.59,1548.5
2009,7,REG,NYG,ARI,17.0,24.0,-7.0,1585.46,1521.7,0.6772,1571.91,1535.25
2009,7,REG,WAS,PHI,17.0,27.0,-10.0,1468.59,1533.62,0.5,1458.59,1543.61
2009,8,REG,BAL,DEN,30.0,7.0,23.0,1534.57,1554.57,0.5644,1543.28,1545.85
2009,8,REG,BUF,HOU,10.0,31.0,-21.0,1472.19,1503.59,0.5482,1461.22,1514.55
2009,8,REG,CHI,CLE,30.0,6.0,24.0,1514.28,1422.89,0.711,1520.06,1417.11
2009,8,REG,DAL,SEA,38.0,17.0,21.0,1546.7,1453.37,0.7133,1552.43,1447.63
2009,8,REG,DET,LA,10.0,17.0,-7.0,1377.77,1362.19,0.6139,1365.49,1374.47
2009,8,REG,IND,SF,18.0,14.0,4.0,1623.27,1473.31,0.7751,1627.77,1468.81
2009,8,REG,NYJ,MIA,25.0,30.0,-5.0,1498.08,1475.59,0.6233,1485.61,1488.05
2009,8,REG,PHI,NYG,40.0,17.0,23.0,1543.61,1571.91,0.5526,1552.56,1562.96
2009,8,REG,LAC,LV,24.0,16.0,8.0,1527.62,1416.78,0.7335,1532.95,1411.45
2009,8,REG,TEN,JAX,30.0,13.0,17.0,1493.9,1485.59,0.604,1501.83,1477.67
2009,8,REG,ARI,CAR,21.0,34.0,-13.0,1535.25,1509.79,0.6273,1522.7,1522.33
2009,8,REG,GB,MIN,26.0,38.0,-12.0,1507.93,1554.43,0.5266,1497.4,1564.96
2009,8,REG,NO,ATL,35.0,27.0,8.0,1548.5,1525.73,0.6237,1556.02,1518.21
2009,9,REG,ATL,WAS,31.0,17.0,14.0,1518.21,1458.59,0.672,1524.77,1452.03
2009,9,REG,CHI,ARI,21.0,41.0,-20.0,1520.06,1522.7,0.5888,1508.28,1534.48
2009,9,REG,CIN,BAL,17.0,7.0,10.0,1502.53,1543.28,0.5348,1511.83,1533.98
2009,9,REG,IND,HOU,20.0,17.0,3.0,1627.77,1514.55,0.7361,1633.05,1509.27
2009,9,REG,JAX,KC,24.0,21.0,3.0,1477.67,1385.44,0.712,1483.43,1379.68
2009,9,REG,NE,MIA,27.0,17.0,10.0,1595.67,1488.05,0.7298,1601.07,1482.65
2009,9,REG,TB,GB,38.0,28.0,10.0,1434.9,1497.4,0.5036,1444.83,1487.47
2009,9,REG,NO,CAR,30.0,20.0,10.0,1556.02,1522.33,0.6383,1563.26,1515.1
2009,9,REG,SEA,DET,32.0,20.0,12.0,1447.63,1365.49,0.6999,1453.64,1359.49
2009,9,REG,NYG,LAC,20.0,21.0,-1.0,1562.96,1532.95,0.6334,1550.29,1545.62
2009,9,REG,SF,TEN,27.0,34.0,-7.0,1468.81,1501.83,0.5459,1457.89,1512.74
2009,9,REG,PHI,DAL,16.0,20.0,-4.0,1552.56,1552.43,0.5926,1540.71,1564.29
2009,9,REG,DEN,PIT,10.0,28.0,-18.0,1545.85,1589.47,0.5307,1535.24,1600.09
2009,10,REG,SF,CHI,10.0,6.0,4.0,1457.89,1508.28,0.521,1467.47,1498.7
2009,10,REG,CAR,ATL,28.0,19.0,9.0,1515.1,1524.77,0.579,1523.52,1516.35
2009,10,REG,MIA,TB,25.0,23.0,2.0,1482.65,1444.83,0.6438,1489.77,1437.71
2009,10,REG,MIN,DET,27.0,10.0,17.0,1564.96,1359.49,0.8259,1568.44,1356.01
2009,10,REG,NYJ,JAX,22.0,24.0,-2.0,1485.61,1483.43,0.5955,1473.7,1495.34
2009,10,REG,PIT,CIN,12.0,18.0,-6.0,1600.09,1511.83,0.7073,1585.94,1525.98
2009,10,REG,LA,NO,23.0,28.0,-5.0,1374.47,1563.26,0.329,1367.89,1569.84
2009,10,REG,TEN,BUF,41.0,17.0,24.0,1512.74,1461.22,0.6617,1519.51,1454.46
2009,10,REG,WAS,DEN,27.0,17.0,10.0,1452.03,1535.24,0.4738,1462.55,1524.72
2009,10,REG,LV,KC,10.0,16.0,-6.0,1411.45,1379.68,0.6358,1398.73,1392.4
2009,10,REG,ARI,SEA,31.0,20.0,11.0,1534.48,1453.64,0.6984,1540.51,1447.6
2009,10,REG,GB,DAL,17.0,7.0,10.0,1487.47,1564.29,0.483,1497.81,1553.95
2009,10,REG,LAC,PHI,31.0,23.0,8.0,1545.62,1540.71,0.5993,1553.64,1532.69
2009,10,REG,IND,NE,35.0,34.0,1.0,1633.05,1601.07,0.636,1640.33,1593.79
2009,10,REG,CLE,BAL,0.0,16.0,-16.0,1417.11,1533.98,0.4259,1408.6,1542.5
2009,11,REG,CAR,MIA,17.0,24.0,-7.0,1523.52,1489.77,0.6384,1510.75,1502.54
2009,11,REG,BAL,IND,15.0,17.0,-2.0,1542.5,1640.33,0.4529,1533.44,1649.39
2009,11,REG,DAL,WAS,7.0,6.0,1.0,1553.95,1462.55,0.711,1559.73,1456.77
2009,11,REG,DET,CLE,38.0,37.0,1.0,1356.01,1408.6,0.5179,1365.65,1398.95
2009,11,REG,GB,SF,30.0,24.0,6.0,1497.81,1467.47,0.6339,1505.13,1460.15
2009,11,REG,JAX,BUF,18.0,15.0,3.0,1495.34,1454.46,0.6478,1502.38,1447.41
2009,11,REG,KC,PIT,27.0,24.0,3.0,1392.4,1585.94,0.323,1405.94,1572.4
2009,11,REG,MIN,SEA,35.0,9.0,26.0,1568.44,1447.6,0.7446,1573.55,1442.49
2009,11,REG,NYG,ATL,34.0,31.0,3.0,1550.29,1516.35,0.6387,1557.52,1509.12
2009,11,REG,TB,NO,7.0,38.0,-31.0,1437.71,1569.84,0.4046,1429.61,1577.93
2009,11,REG,LA,ARI,13.0,21.0,-8.0,1367.89,1540.51,0.3499,1360.89,1547.51
2009,11,REG,DEN,LAC,3.0,32.0,-29.0,1524.72,1553.64,0.5517,1513.68,1564.67
2009,11,REG,NE,NYJ,31.0,14.0,17.0,1593.79,1473.7,0.7437,1598.92,1468.57
2009,11,REG,LV,CIN,20.0,17.0,3.0,1398.73,1525.98,0.4114,1410.51,1514.2
2009,11,REG,CHI,PHI,20.0,24.0,-4.0,1498.7,1532.69,0.5445,1487.81,1543.58
2009,11,REG,HOU,TEN,17.0,20.0,-3.0,1509.27,1519.51,0.5782,1497.71,1531.07
2009,12,REG,DET,GB,12.0,34.0,-22.0,1365.65,1505.13,0.3944,1357.76,1513.02
2009,12,REG,DAL,LV,24.0,7.0,17.0,1559.73,1410.51,0.7744,1564.24,1405.99
2009,12,REG,DEN,NYG,26.0,6.0,20.0,1513.68,1557.52,0.5304,1523.07,1548.13
2009,12,REG,ATL,TB,20.0,17.0,3.0,1509.12,1429.61,0.6967,1515.19,1423.55
2009,12,REG,BUF,MIA,31.0,14.0,17.0,1447.41,1502.54,0.5142,1457.13,1492.83
2009,12,REG,CIN,CLE,16.0,7.0,9.0,1514.2,1398.95,0.7384,1519.44,1393.72
2009,12,REG,HOU,IND,27.0,35.0,-8.0,1497.71,1649.39,0.3778,1490.16,1656.94
2009,12,REG,NYJ,CAR,17.0,6.0,11.0,1468.57,1510.75,0.5328,1477.92,1501.41
2009,12,REG,PHI,WAS,27.0,24.0,3.0,1543.58,1456.77,0.7056,1549.47,1450.88
2009,12,REG,LA,SEA,17.0,27.0,-10.0,1360.89,1442.49,0.4761,1351.37,1452.02
2009,12,REG,LAC,KC,43.0,14.0,29.0,1564.67,1405.94,0.7838,1569.0,1401.61
2009,12,REG,SF,JAX,20.0,3.0,17.0,1460.15,1502.38,0.5327,1469.49,1493.04
2009,12,REG,MIN,CHI,36.0,10.0,26.0,1573.55,1487.81,0.7043,1579.46,1481.9
2009,12,REG,TEN,ARI,20.0,17.0,3.0,1531.07,1547.51,0.5694,1539.68,1538.9
2009,12,REG,BAL,PIT,20.0,17.0,3.0,1533.44,1572.4,0.5374,1542.69,1563.15
2009,12,REG,NO,NE,38.0,17.0,21.0,1577.93,1598.92,0.563,1586.67,1590.18
2009,13,REG,BUF,NYJ,13.0,19.0,-6.0,1457.13,1477.92,0.5633,1445.86,1489.18
2009,13,REG,ATL,PHI,7.0,34.0,-27.0,1515.19,1549.47,0.5441,1504.3,1560.36
2009,13,REG,CAR,TB,16.0,6.0,10.0,1501.41,1423.55,0.6947,1507.51,1417.44
2009,13,REG,CHI,LA,17.0,9.0,8.0,1481.9,1351.37,0.755,1486.8,1346.47
2009,13,REG,CIN,DET,23.0,13.0,10.0,1519.44,1357.76,0.7866,1523.7,1353.5
2009,13,REG,IND,TEN,27.0,17.0,10.0,1656.94,1539.68,0.7406,1662.13,1534.5
2009,13,REG,JAX,HOU,23.0,18.0,5.0,1493.04,1490.16,0.5965,1501.11,1482.09
2009,13,REG,KC,DEN,13.0,44.0,-31.0,1401.61,1523.07,0.4195,1393.22,1531.46
2009,13,REG,MIA,NE,22.0,21.0,1.0,1492.83,1590.18,0.4536,1503.75,1579.25
2009,13,REG,PIT,LV,24.0,27.0,-3.0,1563.15,1405.99,0.7823,1547.5,1421.64
2009,13,REG,WAS,NO,30.0,33.0,-3.0,1450.88,1586.67,0.3995,1442.89,1594.66
2009,13,REG,CLE,LAC,23.0,30.0,-7.0,1393.72,1569.0,0.3464,1386.79,1575.92
2009,13,REG,NYG,DAL,31.0,24.0,7.0,1548.13,1564.24,0.5699,1556.73,1555.64
2009,13,REG,SEA,SF,20.0,17.0,3.0,1452.02,1469.49,0.568,1460.66,1460.85
2009,13,REG,ARI,MIN,30.0,17.0,13.0,1538.9,1579.46,0.5351,1548.2,1570.17
2009,13,REG,GB,BAL,27.0,14.0,13.0,1513.02,1542.69,0.5507,1522.01,1533.7
2009,14,REG,CLE,PIT,13.0,6.0,7.0,1386.79,1547.5,0.3656,1399.48,1534.82
2009,14,REG,ATL,NO,23.0,26.0,-3.0,1504.3,1594.66,0.4636,1495.03,1603.93
2009,14,REG,BAL,DET,48.0,3.0,45.0,1533.7,1353.5,0.804,1537.62,1349.58
2009,14,REG,CHI,GB,14.0,21.0,-7.0,1486.8,1522.01,0.5428,1475.94,1532.86
2009,14,REG,HOU,SEA,34.0,7.0,27.0,1482.09,1460.66,0.6219,1489.65,1453.09
2009,14,REG,IND,DEN,28.0,16.0,12.0,1662.13,1531.46,0.7552,1667.03,1526.56
2009,14,REG,JAX,MIA,10.0,14.0,-4.0,1501.11,1503.75,0.5888,1489.33,1515.53
2009,14,REG,KC,BUF,10.0,16.0,-6.0,1393.22,1445.86,0.5178,1382.87,1456.22
2009,14,REG,MIN,CIN,30.0,10.0,20.0,1570.17,1523.7,0.6551,1577.06,1516.81
2009,14,REG,NE,CAR,20.0,10.0,10.0,1579.25,1507.51,0.6872,1585.51,1501.26
2009,14,REG,TB,NYJ,3.0,26.0,-23.0,1417.44,1489.18,0.4903,1407.64,1498.99
2009,14,REG,LV,WAS,13.0,34.0,-21.0,1421.64,1442.89,0.5626,1410.39,1454.15
2009,14,REG,TEN,LA,47.0,7.0,40.0,1534.5,1346.47,0.811,1538.28,1342.69
2009,14,REG,DAL,LAC,17.0,20.0,-3.0,1555.64,1575.92,0.564,1544.36,1587.2
2009,14,REG,NYG,PHI,38.0,45.0,-7.0,1556.73,1560.36,0.5874,1544.98,1572.1
2009,14,REG,SF,ARI,24.0,9.0,15.0,1460.85,1548.2,0.4679,1471.5,1537.55
2009,15,REG,JAX,IND,31.0,35.0,-4.0,1489.33,1667.03,0.3433,1482.46,1673.89
2009,15,REG,NO,DAL,17.0,24.0,-7.0,1603.93,1544.36,0.672,1590.49,1557.8
2009,15,REG,BUF,NE,10.0,17.0,-7.0,1456.22,1585.51,0.4085,1448.05,1593.68
2009,15,REG,DET,ARI,24.0,31.0,-7.0,1349.58,1537.55,0.3301,1342.97,1544.15
2009,15,REG,KC,CLE,34.0,41.0,-7.0,1382.87,1399.48,0.5692,1371.48,1410.86
2009,15,REG,NYJ,ATL,7.0,10.0,-3.0,1498.99,1495.03,0.598,1487.03,1506.99
2009,15,REG,LA,HOU,13.0,16.0,-3.0,1342.69,1489.65,0.3842,1335.0,1497.33
2009,15,REG,TEN,MIA,27.0,24.0,3.0,1538.28,1515.53,0.6237,1545.8,1508.0
2009,15,REG,DEN,LV,19.0,20.0,-1.0,1526.56,1410.39,0.7394,1511.78,1425.17
2009,15,REG,LAC,CIN,27.0,24.0,3.0,1587.2,1516.81,0.6856,1593.49,1510.52
2009,15,REG,BAL,CHI,31.0,7.0,24.0,1537.62,1475.94,0.6746,1544.13,1469.43
2009,15,REG,PHI,SF,27.0,13.0,14.0,1572.1,1471.5,0.7218,1577.67,1465.93
2009,15,REG,PIT,GB,37.0,36.0,1.0,1534.82,1532.86,0.5952,1542.91,1524.77
2009,15,REG,SEA,TB,7.0,24.0,-17.0,1453.09,1407.64,0.6538,1440.02,1420.71
2009,15,REG,CAR,MIN,26.0,7.0,19.0,1501.26,1577.06,0.4845,1511.57,1566.75
2009,15,REG,WAS,NYG,12.0,45.0,-33.0,1454.15,1544.98,0.4629,1444.89,1554.24
2009,16,REG,TEN,LAC,17.0,42.0,-25.0,1545.8,1593.49,0.5249,1535.31,1603.99
2009,16,REG,ATL,BUF,31.0,3.0,28.0,1506.99,1448.05,0.6712,1513.57,1441.47
2009,16,REG,CIN,KC,17.0,10.0,7.0,1510.52,1371.48,0.764,1515.24,1366.76
2009,16,REG,CLE,LV,23.0,9.0,14.0,1410.86,1425.17,0.5724,1419.42,1416.62
2009,16,REG,GB,SEA,48.0,10.0,38.0,1524.77,1440.02,0.7031,1530.71,1434.08
2009,16,REG,MIA,HOU,20.0,27.0,-7.0,1508.0,1497.33,0.6072,1495.86,1509.48
2009,16,REG,NE,JAX,35.0,7.0,28.0,1593.68,1482.46,0.7339,1599.0,1477.14
2009,16,REG,NO,TB,17.0,20.0,-3.0,1590.49,1420.71,0.7944,1574.6,1436.6
2009,16,REG,NYG,CAR,9.0,41.0,-32.0,1554.24,1511.57,0.6502,1541.24,1524.57
2009,16,REG,PIT,BAL,23.0,20.0,3.0,1542.91,1544.13,0.5908,1551.1,1535.95
2009,16,REG,ARI,LA,31.0,10.0,21.0,1544.15,1335.0,0.8289,1547.58,1331.58
2009,16,REG,SF,DET,20.0,6.0,14.0,1465.93,1342.97,0.7469,1470.99,1337.91
2009,16,REG,IND,NYJ,15.0,29.0,-14.0,1673.89,1487.03,0.81,1657.69,1503.23
2009,16,REG,PHI,DEN,30.0,27.0,3.0,1577.67,1511.78,0.6799,1584.07,1505.37
2009,16,REG,WAS,DAL,0.0,17.0,-17.0,1444.89,1557.8,0.4315,1436.26,1566.43
2009,16,REG,CHI,MIN,36.0,30.0,6.0,1469.43,1566.75,0.4536,1480.36,1555.83
2009,17,REG,BUF,IND,30.0,7.0,23.0,1441.47,1657.69,0.2952,1455.57,1643.6
2009,17,REG,CAR,NO,23.0,10.0,13.0,1524.57,1574.6,0.5215,1534.14,1565.03
2009,17,REG,CLE,JAX,23.0,17.0,6.0,1419.42,1477.14,0.5105,1429.21,1467.35
2009,17,REG,DET,CHI,23.0,37.0,-14.0,1337.91,1480.36,0.3904,1330.1,1488.17
2009,17,REG,HOU,NE,34.0,27.0,7.0,1509.48,1599.0,0.4648,1520.18,1588.29
2009,17,REG,MIA,PIT,24.0,30.0,-6.0,1495.86,1551.1,0.514,1485.58,1561.38
2009,17,REG,MIN,NYG,44.0,7.0,37.0,1555.83,1541.24,0.6126,1563.57,1533.49
2009,17,REG,LA,SF,6.0,28.0,-22.0,1331.58,1470.99,0.3945,1323.69,1478.88
2009,17,REG,TB,ATL,10.0,20.0,-10.0,1436.6,1513.57,0.4828,1426.95,1523.22
2009,17,REG,ARI,GB,7.0,33.0,-26.0,1547.58,1530.71,0.6157,1535.26,1543.02
2009,17,REG,DAL,PHI,24.0,0.0,24.0,1566.43,1584.07,0.5677,1575.07,1575.42
2009,17,REG,DEN,KC,24.0,44.0,-20.0,1505.37,1366.76,0.7635,1490.1,1382.03
2009,17,REG,LV,BAL,13.0,21.0,-8.0,1416.62,1535.95,0.4225,1408.17,1544.4
2009,17,REG,LAC,WAS,23.0,20.0,3.0,1603.99,1436.26,0.7924,1608.14,1432.11
2009,17,REG,SEA,TEN,13.0,17.0,-4.0,1434.08,1535.31,0.4481,1425.12,1544.27
2009,17,REG,NYJ,CIN,37.0,0.0,37.0,1503.23,1515.24,0.5757,1511.72,1506.75
2009,18,WC,CIN,NYJ,14.0,24.0,-10.0,1506.75,1511.72,0.5855,1495.04,1523.43
2009,18,WC,DAL,PHI,34.0,14.0,20.0,1575.07,1575.42,0.592,1583.23,1567.26
2009,18,WC,NE,BAL,14.0,33.0,-19.0,1588.29,1544.4,0.6518,1575.26,1557.43
2009,18,WC,ARI,GB,51.0,45.0,6.0,1535.26,1543.02,0.5816,1543.63,1534.65
2009,19,DIV,NO,ARI,45.0,14.0,31.0,1565.03,1543.63,0.6218,1572.6,1536.07
2009,19,DIV,IND,BAL,20.0,3.0,17.0,1643.6,1557.43,0.7048,1649.5,1551.53
2009,19,DIV,MIN,DAL,34.0,3.0,31.0,1563.57,1583.23,0.5649,1572.28,1574.53
2009,19,DIV,LAC,NYJ,14.0,17.0,-3.0,1608.14,1523.43,0.703,1594.08,1537.49
2009,20,CON,IND,NYJ,30.0,17.0,13.0,1649.5,1537.49,0.7348,1654.8,1532.18
2009,20,CON,NO,MIN,31.0,28.0,3.0,1572.6,1572.28,0.5929,1580.74,1564.13
2009,21,SB,IND,NO,17.0,31.0,-14.0,1654.8,1580.74,0.6901,1641.0,1594.54
2010,1,REG,NO,MIN,14.0,9.0,5.0,1563.03,1542.76,0.6203,1570.62,1535.16
2010,1,REG,BUF,MIA,10.0,15.0,-5.0,1470.38,1490.39,0.5644,1459.09,1501.67
2010,1,REG,CHI,DET,19.0,14.0,5.0,1492.11,1386.74,0.7273,1497.57,1381.28
2010,1,REG,HOU,IND,34.0,24.0,10.0,1513.45,1594.0,0.4776,1523.9,1583.55
2010,1,REG,JAX,DEN,24.0,17.0,7.0,1478.23,1493.4,0.5712,1486.81,1484.83
2010,1,REG,NE,CIN,38.0,24.0,14.0,1550.17,1496.69,0.6642,1556.89,1489.98
2010,1,REG,NYG,CAR,31.0,18.0,13.0,1522.33,1522.76,0.5919,1530.49,1514.6
2010,1,REG,PIT,ATL,15.0,9.0,6.0,1540.92,1515.48,0.6273,1548.37,1508.03
2010,1,REG,TB,CLE,17.0,14.0,3.0,1451.3,1452.8,0.5904,1459.49,1444.61
2010,1,REG,TEN,LV,38.0,13.0,25.0,1529.51,1438.78,0.7102,1535.31,1432.99
2010,1,REG,PHI,GB,20.0,27.0,-7.0,1544.84,1523.1,0.6223,1532.4,1535.55
2010,1,REG,SEA,SF,31.0,6.0,25.0,1450.08,1485.92,0.5419,1459.24,1476.76
2010,1,REG,LA,ARI,13.0,17.0,-4.0,1382.46,1524.04,0.3915,1374.63,1531.87
2010,1,REG,WAS,DAL,13.0,7.0,6.0,1454.74,1549.69,0.457,1465.6,1538.83
2010,1,REG,NYJ,BAL,9.0,10.0,-1.0,1521.46,1534.35,0.5744,1509.97,1545.84
2010,1,REG,KC,LAC,21.0,14.0,7.0,1421.36,1562.72,0.3918,1433.52,1550.56
2010,2,REG,ATL,ARI,41.0,7.0,34.0,1508.03,1531.87,0.5589,1516.85,1523.05
2010,2,REG,CAR,TB,7.0,20.0,-13.0,1514.6,1459.49,0.6663,1501.27,1472.82
2010,2,REG,CIN,BAL,15.0,10.0,5.0,1489.98,1545.84,0.5131,1499.71,1536.1
2010,2,REG,CLE,KC,14.0,16.0,-2.0,1444.61,1433.52,0.6078,1432.46,1445.67
2010,2,REG,DAL,CHI,20.0,27.0,-7.0,1538.83,1497.57,0.6483,1525.86,1510.53
2010,2,REG,DET,PHI,32.0,35.0,-3.0,1381.28,1532.4,0.3785,1373.71,1539.97
2010,2,REG,GB,BUF,34.0,7.0,27.0,1535.55,1459.09,0.693,1541.69,1452.95
2010,2,REG,MIN,MIA,10.0,14.0,-4.0,1535.16,1501.67,0.6381,1522.4,1514.43
2010,2,REG,TEN,PIT,11.0,19.0,-8.0,1535.31,1548.37,0.5742,1523.82,1559.86
2010,2,REG,DEN,SEA,31.0,14.0,17.0,1484.83,1459.24,0.6275,1492.28,1451.79
2010,2,REG,LV,LA,16.0,14.0,2.0,1432.99,1374.63,0.6704,1439.58,1368.04
2010,2,REG,NYJ,NE,28.0,14.0,14.0,1509.97,1556.89,0.526,1519.45,1547.41
2010,2,REG,LAC,JAX,38.0,13.0,25.0,1550.56,1486.81,0.6772,1557.01,1480.35
2010,2,REG,WAS,HOU,27.0,30.0,-3.0,1465.6,1523.9,0.5096,1455.41,1534.09
2010,2,REG,IND,NYG,38.0,14.0,24.0,1583.55,1530.49,0.6637,1590.28,1523.76
2010,2,REG,SF,NO,22.0,25.0,-3.0,1476.76,1570.62,0.4586,1467.59,1579.79
2010,3,REG,BAL,CLE,24.0,17.0,7.0,1536.1,1432.46,0.7253,1541.6,1426.96
2010,3,REG,CAR,CIN,7.0,20.0,-13.0,1501.27,1499.71,0.5946,1489.38,1511.61
2010,3,REG,HOU,DAL,13.0,27.0,-14.0,1534.09,1525.86,0.6039,1522.02,1537.94
2010,3,REG,KC,SF,31.0,10.0,21.0,1445.67,1467.59,0.5617,1454.44,1458.82
2010,3,REG,MIN,DET,24.0,10.0,14.0,1522.4,1373.71,0.7738,1526.92,1369.19
2010,3,REG,NE,BUF,38.0,30.0,8.0,1547.41,1452.95,0.7146,1553.12,1447.24
2010,3,REG,NO,ATL,24.0,27.0,-3.0,1579.79,1516.85,0.6762,1566.27,1530.37
2010,3,REG,NYG,TEN,10.0,29.0,-19.0,1523.76,1523.82,0.5924,1511.91,1535.67
2010,3,REG,TB,PIT,13.0,38.0,-25.0,1472.82,1559.86,0.4683,1463.45,1569.22
2010,3,REG,JAX,PHI,3.0,28.0,-25.0,1480.35,1539.97,0.5078,1470.2,1550.12
2010,3,REG,LA,WAS,30.0,16.0,14.0,1368.04,1455.41,0.4679,1378.68,1444.76
2010,3,REG,ARI,LV,24.0,23.0,1.0,1523.05,1439.58,0.7016,1529.02,1433.61
2010,3,REG,DEN,IND,13.0,27.0,-14.0,1492.28,1590.28,0.4526,1483.22,1599.33
2010,3,REG,SEA,LAC,27.0,20.0,7.0,1451.79,1557.01,0.4424,1462.94,1545.86
2010,3,REG,MIA,NYJ,23.0,31.0,-8.0,1514.43,1519.45,0.5855,1502.72,1531.16
2010,3,REG,CHI,GB,20.0,17.0,3.0,1510.53,1541.69,0.5486,1519.56,1532.66
2010,4,REG,ATL,SF,16.0,14.0,2.0,1530.37,1458.82,0.687,1536.63,1452.56
2010,4,REG,BUF,NYJ,14.0,38.0,-24.0,1447.24,1531.16,0.4728,1437.79,1540.61
2010,4,REG,CLE,CIN,23.0,20.0,3.0,1426.96,1511.61,0.4718,1437.53,1501.04
2010,4,REG,GB,DET,28.0,26.0,2.0,1532.66,1369.19,0.7884,1536.89,1364.95
2010,4,REG,NO,CAR,16.0,14.0,2.0,1566.27,1489.38,0.6936,1572.4,1483.25
2010,4,REG,PIT,BAL,14.0,17.0,-3.0,1569.22,1541.6,0.6302,1556.62,1554.2
2010,4,REG,LA,SEA,20.0,3.0,17.0,1378.68,1462.94,0.4723,1389.24,1452.39
2010,4,REG,TEN,DEN,20.0,26.0,-6.0,1535.67,1483.22,0.6629,1522.41,1496.48
2010,4,REG,JAX,IND,31.0,28.0,3.0,1470.2,1599.33,0.4087,1482.02,1587.51
2010,4,REG,LV,HOU,24.0,31.0,-7.0,1433.61,1522.02,0.4664,1424.28,1531.34
2010,4,REG,PHI,WAS,12.0,17.0,-5.0,1550.12,1444.76,0.7272,1535.58,1459.31
2010,4,REG,LAC,ARI,41.0,10.0,31.0,1545.86,1529.02,0.6156,1553.55,1521.34
2010,4,REG,NYG,CHI,17.0,3.0,14.0,1511.91,1519.56,0.5818,1520.28,1511.2
2010,4,REG,MIA,NE,14.0,41.0,-27.0,1502.72,1553.12,0.521,1492.3,1563.54
2010,5,REG,BAL,DEN,31.0,17.0,14.0,1554.2,1496.48,0.6696,1560.81,1489.87
2010,5,REG,BUF,JAX,26.0,36.0,-10.0,1437.79,1482.02,0.5298,1427.19,1492.62
2010,5,REG,CAR,CHI,6.0,23.0,-17.0,1483.25,1511.2,0.5531,1472.19,1522.26
2010,5,REG,CIN,TB,21.0,24.0,-3.0,1501.04,1463.45,0.6435,1488.17,1476.32
2010,5,REG,CLE,ATL,10.0,20.0,-10.0,1437.53,1536.63,0.4511,1428.5,1545.66
2010,5,REG,DET,LA,44.0,6.0,38.0,1364.95,1389.24,0.5583,1373.79,1380.4
2010,5,REG,HOU,NYG,10.0,34.0,-24.0,1531.34,1520.28,0.6078,1519.19,1532.43
2010,5,REG,IND,KC,19.0,9.0,10.0,1587.51,1454.44,0.7577,1592.36,1449.59
2010,5,REG,WAS,GB,16.0,13.0,3.0,1459.31,1536.89,0.4819,1469.67,1526.53
2010,5,REG,ARI,NO,30.0,20.0,10.0,1521.34,1572.4,0.52,1530.93,1562.8
2010,5,REG,DAL,TEN,27.0,34.0,-7.0,1537.94,1522.41,0.6139,1525.66,1534.69
2010,5,REG,LV,LAC,35.0,27.0,8.0,1424.28,1553.55,0.4086,1436.11,1541.72
2010,5,REG,SF,PHI,24.0,27.0,-3.0,1452.56,1535.58,0.4741,1443.08,1545.06
2010,5,REG,NYJ,MIN,29.0,20.0,9.0,1540.61,1526.92,0.6113,1548.39,1519.15
2010,6,REG,CHI,SEA,20.0,23.0,-3.0,1522.26,1452.39,0.6849,1508.56,1466.09
2010,6,REG,GB,MIA,20.0,23.0,-3.0,1526.53,1492.3,0.639,1513.75,1505.09
2010,6,REG,HOU,KC,35.0,31.0,4.0,1519.19,1449.59,0.6846,1525.5,1443.29
2010,6,REG,NE,BAL,23.0,20.0,3.0,1563.54,1560.81,0.5963,1571.61,1552.73
2010,6,REG,NYG,DET,28.0,20.0,8.0,1532.43,1373.79,0.7837,1536.76,1369.46
2010,6,REG,PHI,ATL,31.0,17.0,14.0,1545.06,1545.66,0.5916,1553.23,1537.49
2010,6,REG,PIT,CLE,28.0,10.0,18.0,1556.62,1428.5,0.7524,1561.57,1423.55
2010,6,REG,LA,LAC,20.0,17.0,3.0,1380.4,1541.72,0.3648,1393.11,1529.02
2010,6,REG,TB,NO,6.0,31.0,-25.0,1476.32,1562.8,0.4691,1466.94,1572.18
2010,6,REG,DEN,NYJ,20.0,24.0,-4.0,1489.87,1548.39,0.5093,1479.69,1558.57
2010,6,REG,SF,LV,17.0,9.0,8.0,1443.08,1436.11,0.6021,1451.04,1428.15
2010,6,REG,MIN,DAL,24.0,21.0,3.0,1519.15,1525.66,0.5834,1527.48,1517.33
2010,6,REG,WAS,IND,24.0,27.0,-3.0,1469.67,1592.36,0.4177,1461.31,1600.71
2010,6,REG,JAX,TEN,3.0,30.0,-27.0,1492.62,1534.69,0.533,1481.96,1545.35
2010,7,REG,ATL,CIN,39.0,32.0,7.0,1537.49,1488.17,0.6588,1544.31,1481.35
2010,7,REG,BAL,BUF,37.0,34.0,3.0,1552.73,1427.19,0.7497,1557.74,1422.18
2010,7,REG,CAR,SF,23.0,20.0,3.0,1472.19,1451.04,0.6215,1479.76,1443.47
2010,7,REG,CHI,WAS,14.0,17.0,-3.0,1508.56,1461.31,0.6561,1495.44,1474.44
2010,7,REG,KC,JAX,42.0,20.0,22.0,1443.29,1481.96,0.5378,1452.53,1472.72
2010,7,REG,MIA,PIT,22.0,23.0,-1.0,1505.09,1561.57,0.5123,1494.84,1571.81
2010,7,REG,NO,CLE,17.0,30.0,-13.0,1572.18,1423.55,0.7738,1556.71,1439.03
2010,7,REG,TB,LA,18.0,17.0,1.0,1466.94,1393.11,0.6898,1473.14,1386.9
2010,7,REG,TEN,PHI,37.0,19.0,18.0,1545.35,1553.23,0.5815,1553.72,1544.86
2010,7,REG,SEA,ARI,22.0,10.0,12.0,1466.09,1530.93,0.5002,1476.08,1520.94
2010,7,REG,DEN,LV,14.0,59.0,-45.0,1479.69,1428.15,0.6617,1466.45,1441.39
2010,7,REG,LAC,NE,20.0,23.0,-3.0,1529.02,1571.61,0.5322,1518.37,1582.26
2010,7,REG,GB,MIN,28.0,24.0,4.0,1513.75,1527.48,0.5732,1522.28,1518.95
2010,7,REG,DAL,NYG,35.0,41.0,-6.0,1517.33,1536.76,0.5652,1506.02,1548.06
2010,8,REG,CIN,MIA,14.0,22.0,-8.0,1481.35,1494.84,0.5736,1469.88,1506.31
2010,8,REG,DAL,JAX,17.0,35.0,-18.0,1506.02,1472.72,0.6378,1493.27,1485.48
2010,8,REG,DET,WAS,37.0,25.0,12.0,1369.46,1474.44,0.4427,1380.61,1463.29
2010,8,REG,KC,BUF,13.0,10.0,3.0,1452.53,1422.18,0.6339,1459.85,1414.86
2010,8,REG,NYJ,GB,0.0,9.0,-9.0,1558.57,1522.28,0.6418,1545.74,1535.12
2010,8,REG,SF,DEN,24.0,16.0,8.0,1443.47,1466.45,0.5602,1452.26,1457.66
2010,8,REG,LA,CAR,20.0,10.0,10.0,1386.9,1479.76,0.46,1397.7,1468.96
2010,8,REG,LAC,TEN,33.0,25.0,8.0,1518.37,1553.72,0.5426,1527.52,1544.57
2010,8,REG,ARI,TB,35.0,38.0,-3.0,1520.94,1473.14,0.6569,1507.8,1486.28
2010,8,REG,NE,MIN,28.0,18.0,10.0,1582.26,1518.95,0.6767,1588.72,1512.48
2010,8,REG,LV,SEA,33.0,3.0,30.0,1441.39,1476.08,0.5435,1450.52,1466.95
2010,8,REG,NO,PIT,20.0,10.0,10.0,1556.71,1571.81,0.5713,1565.28,1563.24
2010,8,REG,IND,HOU,30.0,17.0,13.0,1600.71,1525.5,0.6915,1606.88,1519.33
2010,9,REG,ATL,TB,27.0,21.0,6.0,1544.31,1486.28,0.67,1550.91,1479.68
2010,9,REG,BAL,MIA,26.0,10.0,16.0,1557.74,1506.31,0.6616,1564.51,1499.54
2010,9,REG,BUF,CHI,19.0,22.0,-3.0,1414.86,1495.44,0.4776,1405.31,1504.99
2010,9,REG,CAR,NO,3.0,34.0,-31.0,1468.96,1565.28,0.455,1459.86,1574.38
2010,9,REG,CLE,NE,34.0,14.0,20.0,1439.03,1588.72,0.3805,1451.42,1576.33
2010,9,REG,DET,NYJ,20.0,23.0,-3.0,1380.61,1545.74,0.3598,1373.41,1552.93
2010,9,REG,HOU,LAC,23.0,29.0,-6.0,1519.33,1527.52,0.581,1507.71,1539.14
2010,9,REG,MIN,ARI,27.0,24.0,3.0,1512.48,1507.8,0.599,1520.5,1499.78
2010,9,REG,SEA,NYG,7.0,41.0,-34.0,1466.95,1548.06,0.4768,1457.42,1557.6
2010,9,REG,LV,KC,23.0,20.0,3.0,1450.52,1459.85,0.5794,1458.93,1451.44
2010,9,REG,PHI,IND,26.0,24.0,2.0,1544.86,1606.88,0.5043,1554.77,1596.97
2010,9,REG,GB,DAL,45.0,7.0,38.0,1535.12,1493.27,0.6491,1542.14,1486.25
2010,9,REG,CIN,PIT,21.0,27.0,-6.0,1469.88,1563.24,0.4593,1460.69,1572.43
2010,10,REG,ATL,BAL,26.0,21.0,5.0,1550.91,1564.51,0.5734,1559.44,1555.98
2010,10,REG,BUF,DET,14.0,12.0,2.0,1405.31,1373.41,0.6359,1412.59,1366.13
2010,10,REG,CHI,MIN,27.0,13.0,14.0,1504.99,1520.5,0.5707,1513.58,1511.92
2010,10,REG,CLE,NYJ,20.0,26.0,-6.0,1451.42,1552.93,0.4476,1442.47,1561.89
2010,10,REG,IND,CIN,23.0,17.0,6.0,1596.97,1460.69,0.7611,1601.74,1455.91
2010,10,REG,JAX,HOU,31.0,24.0,7.0,1485.48,1507.71,0.5612,1494.25,1498.93
2010,10,REG,MIA,TEN,29.0,17.0,12.0,1499.54,1544.57,0.5287,1508.97,1535.15
2010,10,REG,TB,CAR,31.0,16.0,15.0,1479.68,1459.86,0.6197,1487.28,1452.25
2010,10,REG,DEN,KC,49.0,29.0,20.0,1457.66,1451.44,0.6011,1465.64,1443.46
2010,10,REG,ARI,SEA,18.0,36.0,-18.0,1499.78,1457.42,0.6498,1486.79,1470.41
2010,10,REG,NYG,DAL,20.0,33.0,-13.0,1557.6,1486.25,0.6867,1543.87,1499.98
2010,10,REG,SF,LA,23.0,20.0,3.0,1452.26,1397.7,0.6656,1458.95,1391.01
2010,10,REG,PIT,NE,26.0,39.0,-13.0,1572.43,1576.33,0.587,1560.69,1588.07
2010,10,REG,WAS,PHI,28.0,59.0,-31.0,1463.29,1554.77,0.462,1454.05,1564.01
2010,11,REG,MIA,CHI,0.0,16.0,-16.0,1508.97,1513.58,0.586,1497.25,1525.3
2010,11,REG,CAR,BAL,13.0,37.0,-24.0,1452.25,1555.98,0.4445,1443.36,1564.87
2010,11,REG,CIN,BUF,31.0,49.0,-18.0,1455.91,1412.59,0.651,1442.89,1425.61
2010,11,REG,DAL,DET,35.0,19.0,16.0,1499.98,1366.13,0.7585,1504.81,1361.3
2010,11,REG,JAX,CLE,24.0,20.0,4.0,1494.25,1442.47,0.662,1501.01,1435.71
2010,11,REG,KC,ARI,31.0,13.0,18.0,1443.46,1486.79,0.5312,1452.84,1477.41
2010,11,REG,MIN,GB,3.0,31.0,-28.0,1511.92,1542.14,0.5499,1500.92,1553.13
2010,11,REG,NYJ,HOU,30.0,27.0,3.0,1561.89,1498.93,0.6762,1568.36,1492.46
2010,11,REG,PIT,LV,35.0,3.0,32.0,1560.69,1458.93,0.7231,1566.22,1453.39
2010,11,REG,TEN,WAS,16.0,19.0,-3.0,1535.15,1454.05,0.6987,1521.17,1468.03
2010,11,REG,NO,SEA,34.0,19.0,15.0,1574.38,1470.41,0.7256,1579.87,1464.93
2010,11,REG,SF,TB,0.0,21.0,-21.0,1458.95,1487.28,0.5526,1447.9,1498.34
2010,11,REG,LA,ATL,17.0,34.0,-17.0,1391.01,1559.44,0.3554,1383.9,1566.55
2010,11,REG,NE,IND,31.0,28.0,3.0,1588.07,1601.74,0.5733,1596.61,1593.21
2010,11,REG,PHI,NYG,27.0,17.0,10.0,1564.01,1543.87,0.6201,1571.61,1536.27
2010,11,REG,LAC,DEN,35.0,14.0,21.0,1539.14,1465.64,0.6894,1545.35,1459.42
2010,12,REG,DET,NE,24.0,45.0,-21.0,1361.3,1596.61,0.2728,1355.85,1602.06
2010,12,REG,DAL,NO,27.0,30.0,-3.0,1504.81,1579.87,0.4855,1495.1,1589.58
2010,12,REG,NYJ,CIN,26.0,10.0,16.0,1568.36,1442.89,0.7496,1573.37,1437.88
2010,12,REG,ATL,GB,20.0,17.0,3.0,1566.55,1553.13,0.611,1574.33,1545.35
2010,12,REG,BUF,PIT,16.0,19.0,-3.0,1425.61,1566.22,0.3929,1417.75,1574.08
2010,12,REG,CLE,CAR,24.0,23.0,1.0,1435.71,1443.36,0.5818,1444.07,1435.0
2010,12,REG,HOU,TEN,20.0,0.0,20.0,1492.46,1521.17,0.552,1501.42,1512.21
2010,12,REG,NYG,JAX,24.0,20.0,4.0,1536.27,1501.01,0.6404,1543.46,1493.82
2010,12,REG,WAS,MIN,13.0,17.0,-4.0,1468.03,1500.92,0.5461,1457.1,1511.84
2010,12,REG,LV,MIA,17.0,33.0,-16.0,1453.39,1497.25,0.5304,1442.78,1507.86
2010,12,REG,SEA,KC,24.0,42.0,-18.0,1464.93,1452.84,0.6092,1452.74,1465.02
2010,12,REG,BAL,TB,17.0,10.0,7.0,1564.87,1498.34,0.6807,1571.25,1491.95
2010,12,REG,CHI,PHI,31.0,26.0,5.0,1525.3,1571.61,0.5269,1534.76,1562.14
2010,12,REG,DEN,LA,33.0,36.0,-3.0,1459.42,1383.9,0.6919,1445.59,1397.74
2010,12,REG,IND,LAC,14.0,36.0,-22.0,1593.21,1545.35,0.6569,1580.07,1558.49
2010,12,REG,ARI,SF,6.0,27.0,-21.0,1477.41,1447.9,0.6327,1464.75,1460.56
2010,13,REG,PHI,HOU,34.0,24.0,10.0,1562.14,1501.42,0.6734,1568.68,1494.88
2010,13,REG,CIN,NO,30.0,34.0,-4.0,1437.88,1589.58,0.3778,1430.33,1597.13
2010,13,REG,DET,CHI,20.0,24.0,-4.0,1355.85,1534.76,0.3417,1349.01,1541.59
2010,13,REG,GB,SF,34.0,16.0,18.0,1545.35,1460.56,0.7031,1551.29,1454.62
2010,13,REG,KC,DEN,10.0,6.0,4.0,1465.02,1445.59,0.6192,1472.64,1437.97
2010,13,REG,MIA,CLE,10.0,13.0,-3.0,1507.86,1444.07,0.6773,1494.31,1457.62
2010,13,REG,MIN,BUF,38.0,14.0,24.0,1511.84,1417.75,0.7142,1517.56,1412.04
2010,13,REG,NYG,WAS,31.0,7.0,24.0,1543.46,1457.1,0.705,1549.36,1451.2
2010,13,REG,TEN,JAX,6.0,17.0,-11.0,1512.21,1493.82,0.6178,1499.86,1506.17
2010,13,REG,LAC,LV,13.0,28.0,-15.0,1558.49,1442.78,0.7389,1543.71,1457.56
2010,13,REG,ARI,LA,6.0,19.0,-13.0,1464.75,1397.74,0.6813,1451.13,1411.37
2010,13,REG,IND,DAL,35.0,38.0,-3.0,1580.07,1495.1,0.7033,1566.01,1509.17
2010,13,REG,SEA,CAR,31.0,14.0,17.0,1452.74,1435.0,0.6169,1460.41,1427.34
2010,13,REG,TB,ATL,24.0,28.0,-4.0,1491.95,1574.33,0.475,1482.45,1583.83
2010,13,REG,BAL,PIT,10.0,13.0,-3.0,1571.25,1574.08,0.5885,1559.48,1585.85
2010,13,REG,NE,NYJ,45.0,3.0,42.0,1602.06,1573.37,0.6317,1609.43,1566.0
2010,14,REG,TEN,IND,28.0,30.0,-2.0,1499.86,1566.01,0.4983,1489.89,1575.97
2010,14,REG,BUF,CLE,13.0,6.0,7.0,1412.04,1457.62,0.5279,1421.48,1448.18
2010,14,REG,CAR,ATL,10.0,31.0,-21.0,1427.34,1583.83,0.3713,1419.91,1591.26
2010,14,REG,DET,GB,7.0,3.0,4.0,1349.01,1551.29,0.3121,1362.77,1537.53
2010,14,REG,JAX,LV,38.0,31.0,7.0,1506.17,1457.56,0.6579,1513.02,1450.72
2010,14,REG,PIT,CIN,23.0,7.0,16.0,1585.85,1430.33,0.7806,1590.24,1425.94
2010,14,REG,WAS,TB,16.0,17.0,-1.0,1451.2,1482.45,0.5484,1440.24,1493.42
2010,14,REG,NO,LA,31.0,13.0,18.0,1597.13,1411.37,0.809,1600.95,1407.55
2010,14,REG,SF,SEA,40.0,21.0,19.0,1454.62,1460.41,0.5844,1462.93,1452.09
2010,14,REG,ARI,DEN,43.0,13.0,30.0,1451.13,1437.97,0.6106,1458.91,1430.18
2010,14,REG,CHI,NE,7.0,36.0,-29.0,1541.59,1609.43,0.4959,1531.68,1619.35
2010,14,REG,NYJ,MIA,6.0,10.0,-4.0,1566.0,1494.31,0.6872,1552.26,1508.05
2010,14,REG,LAC,KC,31.0,0.0,31.0,1543.71,1472.64,0.6864,1549.99,1466.37
2010,14,REG,DAL,PHI,27.0,30.0,-3.0,1509.17,1568.68,0.5079,1499.01,1578.83
2010,14,REG,MIN,NYG,3.0,21.0,-18.0,1517.56,1549.36,0.5476,1506.61,1560.31
2010,14,REG,HOU,BAL,28.0,34.0,-6.0,1494.88,1559.48,0.5006,1484.87,1569.5
2010,15,REG,LAC,SF,34.0,7.0,27.0,1549.99,1462.93,0.7058,1555.87,1457.05
2010,15,REG,BAL,NO,30.0,24.0,6.0,1569.5,1600.95,0.5481,1578.53,1591.92
2010,15,REG,CAR,ARI,19.0,12.0,7.0,1419.91,1458.91,0.5373,1429.16,1449.66
2010,15,REG,CIN,CLE,19.0,17.0,2.0,1425.94,1448.18,0.5612,1434.72,1439.4
2010,15,REG,DAL,WAS,33.0,30.0,3.0,1499.01,1440.24,0.671,1505.59,1433.66
2010,15,REG,IND,JAX,34.0,24.0,10.0,1575.97,1513.02,0.6762,1582.45,1506.54
2010,15,REG,MIA,BUF,14.0,17.0,-3.0,1508.05,1421.48,0.7053,1493.95,1435.59
2010,15,REG,NYG,PHI,31.0,38.0,-7.0,1560.31,1578.83,0.5665,1548.98,1590.16
2010,15,REG,LA,KC,13.0,27.0,-14.0,1407.55,1466.37,0.5089,1397.37,1476.54
2010,15,REG,TB,DET,20.0,23.0,-3.0,1493.42,1362.77,0.7551,1478.32,1377.87
2010,15,REG,TEN,HOU,31.0,17.0,14.0,1489.89,1484.87,0.5994,1497.9,1476.86
2010,15,REG,SEA,ATL,18.0,34.0,-16.0,1452.09,1591.26,0.3949,1444.2,1599.15
2010,15,REG,LV,DEN,39.0,23.0,16.0,1450.72,1430.18,0.6207,1458.31,1422.6
2010,15,REG,PIT,NYJ,17.0,22.0,-5.0,1590.24,1552.26,0.644,1577.36,1565.14
2010,15,REG,NE,GB,31.0,27.0,4.0,1619.35,1537.53,0.6995,1625.36,1531.52
2010,15,REG,MIN,CHI,14.0,40.0,-26.0,1506.61,1531.68,0.5572,1495.46,1542.82
2010,16,REG,PIT,CAR,27.0,3.0,24.0,1577.36,1429.16,0.7733,1581.89,1424.63
2010,16,REG,ARI,DAL,27.0,26.0,1.0,1449.66,1505.59,0.513,1459.4,1495.85
2010,16,REG,BUF,NE,3.0,34.0,-31.0,1435.59,1625.36,0.3278,1429.03,1631.91
2010,16,REG,CHI,NYJ,38.0,34.0,4.0,1542.82,1565.14,0.5611,1551.6,1556.36
2010,16,REG,CLE,BAL,10.0,20.0,-10.0,1439.4,1578.53,0.3949,1431.5,1586.43
2010,16,REG,JAX,WAS,17.0,20.0,-3.0,1506.54,1433.66,0.6886,1492.77,1447.43
2010,16,REG,KC,TEN,34.0,14.0,20.0,1476.54,1497.9,0.5625,1485.3,1489.15
2010,16,REG,MIA,DET,27.0,34.0,-7.0,1493.95,1377.87,0.7393,1479.16,1392.66
2010,16,REG,LA,SF,25.0,17.0,8.0,1397.37,1457.05,0.5077,1407.22,1447.2
2010,16,REG,CIN,LAC,34.0,20.0,14.0,1434.72,1555.87,0.4199,1446.32,1544.27
2010,16,REG,DEN,HOU,24.0,23.0,1.0,1422.6,1476.86,0.5154,1432.29,1467.17
2010,16,REG,LV,IND,26.0,31.0,-5.0,1458.31,1582.45,0.4157,1449.99,1590.76
2010,16,REG,GB,NYG,45.0,17.0,28.0,1531.52,1548.98,0.568,1540.16,1540.34
2010,16,REG,TB,SEA,38.0,15.0,23.0,1478.32,1444.2,0.6389,1485.54,1436.97
2010,16,REG,ATL,NO,14.0,17.0,-3.0,1599.15,1591.92,0.6025,1587.1,1603.97
2010,16,REG,PHI,MIN,14.0,24.0,-10.0,1590.16,1495.46,0.7149,1575.87,1509.76
2010,17,REG,ATL,CAR,31.0,10.0,21.0,1587.1,1424.63,0.7874,1591.36,1420.38
2010,17,REG,BAL,CIN,13.0,7.0,6.0,1586.43,1446.32,0.7651,1591.13,1441.62
2010,17,REG,CLE,PIT,9.0,41.0,-32.0,1431.5,1581.89,0.3795,1423.91,1589.48
2010,17,REG,DET,MIN,20.0,13.0,7.0,1392.66,1509.76,0.4256,1404.15,1498.27
2010,17,REG,KC,LV,10.0,31.0,-21.0,1485.3,1449.99,0.6405,1472.49,1462.8
2010,17,REG,NE,MIA,38.0,7.0,31.0,1631.91,1479.16,0.7779,1636.35,1474.72
2010,17,REG,NO,TB,13.0,23.0,-10.0,1603.97,1485.54,0.7419,1589.13,1500.38
2010,17,REG,NYJ,BUF,38.0,7.0,31.0,1556.36,1429.03,0.7516,1561.33,1424.06
2010,17,REG,DEN,LAC,28.0,33.0,-5.0,1432.29,1544.27,0.4328,1423.63,1552.92
2010,17,REG,GB,CHI,10.0,3.0,7.0,1540.16,1551.6,0.5765,1548.63,1543.13
2010,17,REG,HOU,JAX,34.0,17.0,17.0,1467.17,1492.77,0.5565,1476.04,1483.9
2010,17,REG,IND,TEN,23.0,20.0,3.0,1590.76,1489.15,0.7229,1596.3,1483.61
2010,17,REG,PHI,DAL,13.0,14.0,-1.0,1575.87,1495.85,0.6974,1561.92,1509.8
2010,17,REG,SF,ARI,38.0,7.0,31.0,1447.2,1459.4,0.5754,1455.69,1450.91
2010,17,REG,WAS,NYG,14.0,17.0,-3.0,1447.43,1540.34,0.4599,1438.23,1549.54
2010,17,REG,SEA,LA,16.0,6.0,10.0,1436.97,1407.22,0.6331,1444.31,1399.88
2010,18,WC,SEA,NO,41.0,36.0,5.0,1444.31,1589.13,0.3871,1456.57,1576.87
2010,18,WC,IND,NYJ,16.0,17.0,-1.0,1596.3,1561.33,0.64,1583.5,1574.13
2010,18,WC,KC,BAL,7.0,30.0,-23.0,1472.49,1591.13,0.4234,1464.02,1599.6
2010,18,WC,PHI,GB,16.0,21.0,-5.0,1561.92,1548.63,0.6108,1549.7,1560.85
2010,19,DIV,PIT,BAL,31.0,24.0,7.0,1589.48,1599.6,0.5783,1597.92,1591.16
2010,19,DIV,ATL,GB,21.0,48.0,-27.0,1591.36,1560.85,0.6341,1578.67,1573.53
2010,19,DIV,CHI,SEA,35.0,24.0,11.0,1543.13,1456.57,0.7053,1549.02,1450.68
2010,19,DIV,NE,NYJ,21.0,28.0,-7.0,1636.35,1574.13,0.6753,1622.85,1587.64
2010,20,CON,CHI,GB,14.0,21.0,-7.0,1549.02,1573.53,0.558,1537.86,1584.69
2010,20,CON,PIT,NYJ,24.0,19.0,5.0,1597.92,1587.64,0.6067,1605.78,1579.77
2010,21,SB,GB,PIT,31.0,25.0,6.0,1584.69,1605.78,0.5629,1593.44,1597.04
2011,1,REG,GB,NO,42.0,34.0,8.0,1562.29,1551.25,0.6077,1570.14,1543.4
2011,1,REG,BAL,PIT,35.0,7.0,28.0,1560.78,1564.69,0.587,1569.04,1556.43
2011,1,REG,CHI,ATL,30.0,12.0,18.0,1525.24,1552.45,0.5542,1534.16,1543.53
2011,1,REG,CLE,CIN,17.0,27.0,-10.0,1449.27,1461.08,0.576,1437.75,1472.6
2011,1,REG,HOU,IND,34.0,7.0,27.0,1484.03,1555.67,0.4904,1494.22,1545.48
2011,1,REG,JAX,TEN,16.0,14.0,2.0,1489.26,1489.07,0.5927,1497.41,1480.93
2011,1,REG,KC,BUF,7.0,41.0,-34.0,1476.01,1449.37,0.6289,1463.43,1461.95
2011,1,REG,LA,PHI,13.0,31.0,-18.0,1433.25,1533.14,0.45,1424.25,1542.13
2011,1,REG,TB,DET,20.0,27.0,-7.0,1500.25,1436.1,0.6778,1486.7,1449.65
2011,1,REG,ARI,CAR,28.0,21.0,7.0,1467.27,1446.92,0.6204,1474.86,1439.33
2011,1,REG,LAC,MIN,24.0,17.0,7.0,1535.28,1498.85,0.642,1542.44,1491.69
2011,1,REG,SF,SEA,33.0,17.0,16.0,1470.46,1467.12,0.5971,1478.52,1459.06
2011,1,REG,WAS,NYG,28.0,14.0,14.0,1458.82,1533.03,0.4868,1469.08,1522.76
2011,1,REG,NYJ,DAL,27.0,24.0,3.0,1553.18,1506.53,0.6554,1560.07,1499.64
2011,1,REG,MIA,NE,24.0,38.0,-14.0,1483.15,1581.9,0.4516,1474.11,1590.93
2011,1,REG,DEN,LV,20.0,23.0,-3.0,1449.09,1475.2,0.5557,1437.97,1486.32
2011,2,REG,BUF,LV,38.0,35.0,3.0,1461.95,1486.32,0.5582,1470.79,1477.48
2011,2,REG,CAR,GB,23.0,30.0,-7.0,1439.33,1570.14,0.4064,1431.2,1578.26
2011,2,REG,DET,KC,48.0,3.0,45.0,1449.65,1463.43,0.5732,1458.19,1454.9
2011,2,REG,IND,CLE,19.0,27.0,-8.0,1545.48,1437.75,0.7299,1530.88,1452.35
2011,2,REG,MIN,TB,20.0,24.0,-4.0,1491.69,1486.7,0.5994,1479.7,1498.68
2011,2,REG,NO,CHI,30.0,13.0,17.0,1543.4,1534.16,0.6052,1551.3,1526.26
2011,2,REG,NYJ,JAX,32.0,3.0,29.0,1560.07,1497.41,0.6759,1566.56,1490.93
2011,2,REG,PIT,SEA,24.0,0.0,24.0,1556.43,1459.06,0.718,1562.07,1453.42
2011,2,REG,TEN,BAL,26.0,13.0,13.0,1480.93,1569.04,0.4668,1491.59,1558.37
2011,2,REG,WAS,ARI,22.0,21.0,1.0,1469.08,1474.86,0.5844,1477.4,1466.55
2011,2,REG,SF,DAL,24.0,27.0,-3.0,1478.52,1499.64,0.5628,1467.26,1510.9
2011,2,REG,DEN,CIN,24.0,22.0,2.0,1437.97,1472.6,0.5436,1447.1,1463.47
2011,2,REG,MIA,HOU,13.0,23.0,-10.0,1474.11,1494.22,0.5643,1462.83,1505.5
2011,2,REG,NE,LAC,35.0,21.0,14.0,1590.93,1542.44,0.6578,1597.77,1535.6
2011,2,REG,ATL,PHI,35.0,31.0,4.0,1543.53,1542.13,0.5944,1551.65,1534.02
2011,2,REG,NYG,LA,28.0,16.0,12.0,1522.76,1424.25,0.7193,1528.38,1418.64
2011,3,REG,BUF,NE,34.0,31.0,3.0,1470.79,1597.77,0.4117,1482.55,1586.01
2011,3,REG,CAR,JAX,16.0,10.0,6.0,1431.2,1490.93,0.5076,1441.05,1481.08
2011,3,REG,CIN,SF,8.0,13.0,-5.0,1463.47,1467.26,0.5872,1451.73,1479.01
2011,3,REG,CLE,MIA,17.0,16.0,1.0,1452.35,1462.83,0.5778,1460.8,1454.39
2011,3,REG,MIN,DET,23.0,26.0,-3.0,1479.7,1458.19,0.622,1467.26,1470.63
2011,3,REG,NO,HOU,40.0,33.0,7.0,1551.3,1505.5,0.6542,1558.21,1498.59
2011,3,REG,PHI,NYG,16.0,29.0,-13.0,1534.02,1528.38,0.6003,1522.02,1540.38
2011,3,REG,TEN,DEN,17.0,14.0,3.0,1491.59,1447.1,0.6526,1498.54,1440.15
2011,3,REG,LV,NYJ,34.0,24.0,10.0,1477.48,1566.56,0.4654,1488.17,1555.86
2011,3,REG,LAC,KC,20.0,17.0,3.0,1535.6,1454.9,0.6982,1541.63,1448.86
2011,3,REG,LA,BAL,7.0,37.0,-30.0,1418.64,1558.37,0.3941,1410.76,1566.25
2011,3,REG,CHI,GB,17.0,27.0,-10.0,1526.26,1578.26,0.5187,1515.89,1588.64
2011,3,REG,SEA,ARI,13.0,10.0,3.0,1453.42,1466.55,0.5741,1461.94,1458.03
2011,3,REG,TB,ATL,16.0,13.0,3.0,1498.68,1551.65,0.5173,1508.34,1541.99
2011,3,REG,IND,PIT,20.0,23.0,-3.0,1530.88,1562.07,0.5485,1519.91,1573.04
2011,3,REG,DAL,WAS,18.0,16.0,2.0,1510.9,1477.4,0.6381,1518.14,1470.16
2011,4,REG,CHI,CAR,34.0,29.0,5.0,1515.89,1441.05,0.691,1522.07,1434.87
2011,4,REG,CIN,BUF,23.0,20.0,3.0,1451.73,1482.55,0.549,1460.75,1473.53
2011,4,REG,CLE,TEN,13.0,31.0,-18.0,1460.8,1498.54,0.5391,1450.01,1509.32
2011,4,REG,DAL,DET,30.0,34.0,-4.0,1518.14,1470.63,0.6565,1505.01,1483.76
2011,4,REG,HOU,PIT,17.0,10.0,7.0,1498.59,1573.04,0.4864,1508.86,1562.77
2011,4,REG,JAX,NO,10.0,23.0,-13.0,1481.08,1558.21,0.4825,1471.43,1567.86
2011,4,REG,KC,MIN,22.0,17.0,5.0,1448.86,1467.26,0.5667,1457.53,1458.59
2011,4,REG,PHI,SF,23.0,24.0,-1.0,1522.02,1479.01,0.6506,1509.0,1492.02
2011,4,REG,LA,WAS,10.0,17.0,-7.0,1410.76,1470.16,0.5081,1400.6,1480.32
2011,4,REG,ARI,NYG,27.0,31.0,-4.0,1458.03,1540.38,0.4751,1448.53,1549.88
2011,4,REG,SEA,ATL,28.0,30.0,-2.0,1461.94,1541.99,0.4783,1452.37,1551.56
2011,4,REG,GB,DEN,49.0,23.0,26.0,1588.64,1440.15,0.7736,1593.17,1435.62
2011,4,REG,LV,NE,19.0,31.0,-12.0,1488.17,1586.01,0.4529,1479.11,1595.07
2011,4,REG,LAC,MIA,26.0,16.0,10.0,1541.63,1454.39,0.7061,1547.51,1448.51
2011,4,REG,BAL,NYJ,34.0,17.0,17.0,1566.25,1555.86,0.6068,1574.12,1548.0
2011,4,REG,TB,IND,24.0,17.0,7.0,1508.34,1519.91,0.5763,1516.81,1511.43
2011,5,REG,BUF,PHI,31.0,24.0,7.0,1473.53,1509.0,0.5424,1482.69,1499.85
2011,5,REG,CAR,NO,27.0,30.0,-3.0,1434.87,1567.86,0.4034,1426.8,1575.93
2011,5,REG,HOU,LV,20.0,25.0,-5.0,1508.86,1479.11,0.6331,1496.2,1491.78
2011,5,REG,IND,KC,24.0,28.0,-4.0,1511.43,1457.53,0.6647,1498.14,1470.82
2011,5,REG,JAX,CIN,20.0,30.0,-10.0,1471.43,1460.75,0.6072,1459.28,1472.89
2011,5,REG,MIN,ARI,34.0,10.0,24.0,1458.59,1448.53,0.6064,1466.47,1440.66
2011,5,REG,NYG,SEA,25.0,36.0,-11.0,1549.88,1452.37,0.7182,1535.52,1466.73
2011,5,REG,PIT,TEN,38.0,17.0,21.0,1562.77,1509.32,0.6641,1569.49,1502.61
2011,5,REG,SF,TB,48.0,3.0,45.0,1492.02,1516.81,0.5576,1500.87,1507.96
2011,5,REG,DEN,LAC,24.0,29.0,-5.0,1435.62,1547.51,0.4329,1426.97,1556.17
2011,5,REG,NE,NYJ,30.0,21.0,9.0,1595.07,1548.0,0.6559,1601.95,1541.12
2011,5,REG,ATL,GB,14.0,25.0,-11.0,1551.56,1593.17,0.5336,1540.89,1603.84
2011,5,REG,DET,CHI,24.0,13.0,11.0,1483.76,1522.07,0.5383,1492.99,1512.83
2011,6,REG,ATL,CAR,31.0,17.0,14.0,1540.89,1426.8,0.7371,1546.14,1421.54
2011,6,REG,CIN,IND,27.0,17.0,10.0,1472.89,1498.14,0.557,1481.75,1489.28
2011,6,REG,DET,SF,19.0,25.0,-6.0,1492.99,1500.87,0.5815,1481.36,1512.5
2011,6,REG,GB,LA,24.0,3.0,21.0,1603.84,1400.6,0.8241,1607.36,1397.08
2011,6,REG,NYG,BUF,27.0,24.0,3.0,1535.52,1482.69,0.6634,1542.25,1475.95
2011,6,REG,PIT,JAX,17.0,13.0,4.0,1569.49,1459.28,0.7327,1574.83,1453.94
2011,6,REG,WAS,PHI,13.0,20.0,-7.0,1480.32,1499.85,0.5651,1469.02,1511.15
2011,6,REG,BAL,HOU,29.0,14.0,15.0,1574.12,1496.2,0.6948,1580.22,1490.1
2011,6,REG,LV,CLE,24.0,17.0,7.0,1491.78,1450.01,0.649,1498.8,1442.99
2011,6,REG,NE,DAL,20.0,16.0,4.0,1601.95,1505.01,0.7175,1607.6,1499.36
2011,6,REG,TB,NO,26.0,20.0,6.0,1507.96,1575.93,0.4957,1518.05,1565.84
2011,6,REG,CHI,MIN,39.0,10.0,29.0,1512.83,1466.47,0.655,1519.73,1459.57
2011,6,REG,NYJ,MIA,24.0,6.0,18.0,1541.12,1448.51,0.7124,1546.87,1442.76
2011,7,REG,CAR,WAS,33.0,20.0,13.0,1421.54,1469.02,0.5252,1431.04,1459.52
2011,7,REG,CLE,SEA,6.0,3.0,3.0,1442.99,1466.73,0.5591,1451.81,1457.92
2011,7,REG,DET,ATL,16.0,23.0,-7.0,1481.36,1546.14,0.5003,1471.36,1556.15
2011,7,REG,MIA,DEN,15.0,18.0,-3.0,1442.76,1426.97,0.6142,1430.47,1439.25
2011,7,REG,NYJ,LAC,27.0,21.0,6.0,1546.87,1556.17,0.5795,1555.28,1547.76
2011,7,REG,TB,CHI,18.0,24.0,-6.0,1518.05,1519.73,0.5901,1506.25,1531.54
2011,7,REG,TEN,HOU,7.0,41.0,-34.0,1502.61,1490.1,0.6097,1490.41,1502.29
2011,7,REG,ARI,PIT,20.0,32.0,-12.0,1440.66,1574.83,0.4017,1432.63,1582.87
2011,7,REG,LV,KC,0.0,28.0,-28.0,1498.8,1470.82,0.6307,1486.18,1483.44
2011,7,REG,DAL,LA,34.0,7.0,27.0,1499.36,1397.08,0.7237,1504.88,1391.55
2011,7,REG,MIN,GB,27.0,33.0,-6.0,1459.57,1607.36,0.3831,1451.9,1615.02
2011,7,REG,NO,IND,62.0,7.0,55.0,1565.84,1489.28,0.6932,1571.98,1483.14
2011,7,REG,JAX,BAL,12.0,7.0,5.0,1453.94,1580.22,0.4127,1465.68,1568.47
2011,8,REG,BAL,ARI,30.0,27.0,3.0,1568.47,1432.63,0.7606,1573.26,1427.84
2011,8,REG,CAR,MIN,21.0,24.0,-3.0,1431.04,1451.9,0.5632,1419.77,1463.17
2011,8,REG,HOU,JAX,24.0,14.0,10.0,1502.29,1465.68,0.6422,1509.45,1458.53
2011,8,REG,NYG,MIA,20.0,17.0,3.0,1542.25,1430.47,0.7345,1547.56,1425.16
2011,8,REG,LA,NO,31.0,21.0,10.0,1391.55,1571.98,0.3397,1404.76,1558.78
2011,8,REG,TEN,IND,27.0,10.0,17.0,1490.41,1483.14,0.6025,1498.36,1475.19
2011,8,REG,BUF,WAS,23.0,0.0,23.0,1475.95,1459.52,0.6151,1483.65,1451.82
2011,8,REG,DEN,DET,10.0,45.0,-35.0,1439.25,1471.36,0.5472,1428.31,1482.3
2011,8,REG,PIT,NE,25.0,17.0,8.0,1582.87,1607.6,0.5577,1591.71,1598.75
2011,8,REG,SEA,CIN,12.0,34.0,-22.0,1457.92,1481.75,0.559,1446.74,1492.93
2011,8,REG,SF,CLE,20.0,10.0,10.0,1512.5,1451.81,0.6734,1519.03,1445.28
2011,8,REG,PHI,DAL,34.0,7.0,27.0,1511.15,1504.88,0.6012,1519.13,1496.91
2011,8,REG,KC,LAC,23.0,20.0,3.0,1483.44,1547.76,0.501,1493.42,1537.78
2011,9,REG,BUF,NYJ,11.0,27.0,-16.0,1483.65,1555.28,0.4905,1473.84,1565.09
2011,9,REG,DAL,SEA,23.0,13.0,10.0,1496.91,1446.74,0.6599,1503.71,1439.94
2011,9,REG,HOU,CLE,30.0,12.0,18.0,1509.45,1445.28,0.6778,1515.89,1438.83
2011,9,REG,IND,ATL,7.0,31.0,-24.0,1475.19,1556.15,0.4771,1465.65,1565.69
2011,9,REG,KC,MIA,3.0,31.0,-28.0,1493.42,1425.16,0.6829,1479.76,1438.82
2011,9,REG,NO,TB,27.0,16.0,11.0,1558.78,1506.25,0.663,1565.52,1499.51
2011,9,REG,WAS,SF,11.0,19.0,-8.0,1451.82,1519.03,0.4968,1441.89,1528.97
2011,9,REG,LV,DEN,24.0,38.0,-14.0,1486.18,1428.31,0.6698,1472.79,1441.7
2011,9,REG,TEN,CIN,17.0,24.0,-7.0,1498.36,1492.93,0.6,1486.36,1504.93
2011,9,REG,ARI,LA,19.0,13.0,6.0,1427.84,1404.76,0.6241,1435.36,1397.24
2011,9,REG,NE,NYG,20.0,24.0,-4.0,1598.75,1547.56,0.6612,1585.53,1560.79
2011,9,REG,LAC,GB,38.0,45.0,-7.0,1537.78,1615.02,0.4824,1528.13,1624.67
2011,9,REG,PIT,BAL,20.0,23.0,-3.0,1591.71,1573.26,0.6178,1579.36,1585.62
2011,9,REG,PHI,CHI,24.0,30.0,-6.0,1519.13,1531.54,0.5751,1507.63,1543.04
2011,10,REG,LAC,LV,17.0,24.0,-7.0,1528.13,1472.79,0.6666,1514.8,1486.12
2011,10,REG,ATL,NO,23.0,26.0,-3.0,1565.69,1565.52,0.5927,1553.84,1577.37
2011,10,REG,CAR,TEN,3.0,30.0,-27.0,1419.77,1486.36,0.4977,1409.82,1496.32
2011,10,REG,CIN,PIT,17.0,24.0,-7.0,1504.93,1579.36,0.4864,1495.2,1589.09
2011,10,REG,CLE,LA,12.0,13.0,-1.0,1438.83,1397.24,0.6488,1425.86,1410.22
2011,10,REG,DAL,BUF,44.0,7.0,37.0,1503.71,1473.84,0.6332,1511.04,1466.51
2011,10,REG,IND,JAX,3.0,17.0,-14.0,1465.65,1458.53,0.6023,1453.6,1470.57
2011,10,REG,KC,DEN,10.0,17.0,-7.0,1479.76,1441.7,0.6441,1466.88,1454.58
2011,10,REG,MIA,WAS,20.0,9.0,11.0,1438.82,1441.89,0.5882,1447.06,1433.65
2011,10,REG,PHI,ARI,17.0,21.0,-4.0,1507.63,1435.36,0.6879,1493.87,1449.11
2011,10,REG,TB,HOU,9.0,37.0,-28.0,1499.51,1515.89,0.5695,1488.12,1527.28
2011,10,REG,SEA,BAL,22.0,17.0,5.0,1439.94,1585.62,0.3859,1452.22,1573.34
2011,10,REG,CHI,DET,37.0,13.0,24.0,1543.04,1482.3,0.6734,1549.57,1475.77
2011,10,REG,SF,NYG,27.0,20.0,7.0,1528.97,1560.79,0.5476,1538.01,1551.74
2011,10,REG,NYJ,NE,16.0,37.0,-21.0,1565.09,1585.53,0.5638,1553.81,1596.8
2011,10,REG,GB,MIN,45.0,7.0,38.0,1624.67,1463.17,0.7865,1628.94,1458.9
2011,11,REG,DEN,NYJ,17.0,13.0,4.0,1454.58,1553.81,0.4509,1465.57,1542.83
2011,11,REG,BAL,CIN,31.0,24.0,7.0,1573.34,1495.2,0.6951,1579.44,1489.1
2011,11,REG,CLE,JAX,14.0,10.0,4.0,1425.86,1470.57,0.5292,1435.28,1461.16
2011,11,REG,DET,CAR,49.0,35.0,14.0,1475.77,1409.82,0.68,1482.17,1403.42
2011,11,REG,GB,TB,35.0,26.0,9.0,1628.94,1488.12,0.7658,1633.62,1483.43
2011,11,REG,MIA,BUF,35.0,8.0,27.0,1447.06,1466.51,0.5652,1455.75,1457.81
2011,11,REG,MIN,LV,21.0,27.0,-6.0,1458.9,1486.12,0.5542,1447.81,1497.2
2011,11,REG,WAS,DAL,24.0,27.0,-3.0,1433.65,1511.04,0.4822,1424.01,1520.69
2011,11,REG,SF,ARI,23.0,7.0,16.0,1538.01,1449.11,0.708,1543.85,1443.27
2011,11,REG,LA,SEA,7.0,24.0,-17.0,1410.22,1452.22,0.533,1399.55,1462.88
2011,11,REG,ATL,TEN,23.0,17.0,6.0,1553.84,1496.32,0.6694,1560.45,1489.7
2011,11,REG,CHI,LAC,31.0,20.0,11.0,1549.57,1514.8,0.6398,1556.78,1507.6
2011,11,REG,NYG,PHI,10.0,17.0,-7.0,1551.74,1493.87,0.6698,1538.34,1507.27
2011,11,REG,NE,KC,34.0,3.0,31.0,1596.8,1466.88,0.7544,1601.72,1461.96
2011,12,REG,DET,GB,15.0,27.0,-12.0,1482.17,1633.62,0.3781,1474.61,1641.18
2011,12,REG,DAL,MIA,20.0,19.0,1.0,1520.69,1455.75,0.6787,1527.11,1449.33
2011,12,REG,BAL,SF,16.0,6.0,10.0,1579.44,1543.85,0.6408,1586.62,1536.67
2011,12,REG,ATL,MIN,24.0,14.0,10.0,1560.45,1447.81,0.7355,1565.74,1442.52
2011,12,REG,CIN,CLE,23.0,20.0,3.0,1489.1,1435.28,0.6646,1495.81,1428.57
2011,12,REG,IND,CAR,19.0,27.0,-8.0,1453.6,1403.42,0.6599,1440.41,1416.62
2011,12,REG,JAX,HOU,13.0,20.0,-7.0,1461.16,1527.28,0.4984,1451.19,1537.25
2011,12,REG,NYJ,BUF,28.0,24.0,4.0,1542.83,1457.81,0.7034,1548.76,1451.88
2011,12,REG,LA,ARI,20.0,23.0,-3.0,1399.55,1443.27,0.5306,1388.94,1453.89
2011,12,REG,TEN,TB,23.0,17.0,6.0,1489.7,1483.43,0.6012,1497.68,1475.45
2011,12,REG,LV,CHI,25.0,20.0,5.0,1497.2,1556.78,0.5078,1507.04,1546.93
2011,12,REG,SEA,WAS,17.0,23.0,-6.0,1462.88,1424.01,0.6452,1449.97,1436.91
2011,12,REG,PHI,NE,20.0,38.0,-18.0,1507.27,1601.72,0.4577,1498.11,1610.87
2011,12,REG,LAC,DEN,13.0,16.0,-3.0,1507.6,1465.57,0.6493,1494.61,1478.55
2011,12,REG,KC,PIT,9.0,13.0,-4.0,1461.96,1589.09,0.4115,1453.73,1597.32
2011,12,REG,NO,NYG,49.0,24.0,25.0,1577.37,1538.34,0.6454,1584.46,1531.25
2011,13,REG,SEA,PHI,31.0,14.0,17.0,1449.97,1498.11,0.5242,1459.49,1488.6
2011,13,REG,BUF,TEN,17.0,23.0,-6.0,1451.88,1497.68,0.5276,1441.33,1508.23
2011,13,REG,CHI,KC,3.0,10.0,-7.0,1546.93,1453.73,0.7131,1532.67,1468.0
2011,13,REG,HOU,ATL,17.0,10.0,7.0,1537.25,1565.74,0.5523,1546.2,1556.79
2011,13,REG,MIA,LV,34.0,14.0,20.0,1449.33,1507.04,0.5105,1459.12,1497.25
2011,13,REG,MIN,DEN,32.0,35.0,-3.0,1442.52,1478.55,0.5416,1431.69,1489.38
2011,13,REG,NE,IND,31.0,24.0,7.0,1610.87,1440.41,0.795,1614.97,1436.31
2011,13,REG,PIT,CIN,35.0,7.0,28.0,1597.32,1495.81,0.7228,1602.86,1490.27
2011,13,REG,TB,CAR,19.0,38.0,-19.0,1475.45,1416.62,0.671,1462.03,1430.04
2011,13,REG,WAS,NYJ,19.0,34.0,-15.0,1436.91,1548.76,0.433,1428.25,1557.42
2011,13,REG,CLE,BAL,10.0,24.0,-14.0,1428.57,1586.62,0.3692,1421.18,1594.0
2011,13,REG,ARI,DAL,19.0,13.0,6.0,1453.89,1527.11,0.4882,1464.12,1516.87
2011,13,REG,NYG,GB,35.0,38.0,-3.0,1531.25,1641.18,0.4357,1522.54,1649.9
2011,13,REG,SF,LA,26.0,0.0,26.0,1536.67,1388.94,0.7729,1541.21,1384.4
2011,13,REG,NO,DET,31.0,17.0,14.0,1584.46,1474.61,0.7323,1589.82,1469.25
2011,13,REG,JAX,LAC,14.0,38.0,-24.0,1451.19,1494.61,0.531,1440.57,1505.23
2011,14,REG,PIT,CLE,14.0,3.0,11.0,1602.86,1421.18,0.8053,1606.75,1417.29
2011,14,REG,BAL,IND,24.0,10.0,14.0,1594.0,1436.31,0.7828,1598.35,1431.96
2011,14,REG,CAR,ATL,23.0,31.0,-8.0,1430.04,1556.79,0.4121,1421.8,1565.03
2011,14,REG,CIN,HOU,19.0,20.0,-1.0,1490.27,1546.2,0.513,1480.01,1556.46
2011,14,REG,DET,MIN,34.0,28.0,6.0,1469.25,1431.69,0.6435,1476.38,1424.56
2011,14,REG,JAX,TB,41.0,14.0,27.0,1440.57,1462.03,0.5623,1449.32,1453.28
2011,14,REG,MIA,PHI,10.0,26.0,-16.0,1459.12,1488.6,0.5509,1448.1,1499.62
2011,14,REG,NYJ,KC,37.0,10.0,27.0,1557.42,1468.0,0.7087,1563.25,1462.17
2011,14,REG,TEN,NO,17.0,22.0,-5.0,1508.23,1589.82,0.4762,1498.71,1599.34
2011,14,REG,WAS,NE,27.0,34.0,-7.0,1428.25,1614.97,0.3317,1421.62,1621.6
2011,14,REG,ARI,SF,21.0,19.0,2.0,1464.12,1541.21,0.4826,1474.47,1530.86
2011,14,REG,DEN,CHI,13.0,10.0,3.0,1489.38,1532.67,0.5312,1498.76,1523.29
2011,14,REG,GB,LV,46.0,16.0,30.0,1649.9,1497.25,0.7778,1654.34,1492.81
2011,14,REG,LAC,BUF,37.0,10.0,27.0,1505.23,1441.33,0.6774,1511.68,1434.88
2011,14,REG,DAL,NYG,34.0,37.0,-3.0,1516.87,1522.54,0.5846,1505.18,1534.23
2011,14,REG,SEA,LA,30.0,13.0,17.0,1459.49,1384.4,0.6913,1465.66,1378.23
2011,15,REG,ATL,JAX,41.0,14.0,27.0,1565.03,1449.32,0.7389,1570.25,1444.1
2011,15,REG,TB,DAL,15.0,31.0,-16.0,1453.28,1505.18,0.5188,1442.9,1515.56
2011,15,REG,BUF,MIA,23.0,30.0,-7.0,1434.88,1448.1,0.574,1423.4,1459.58
2011,15,REG,CHI,SEA,14.0,38.0,-24.0,1523.29,1465.66,0.6695,1509.9,1479.05
2011,15,REG,HOU,CAR,13.0,28.0,-15.0,1556.46,1421.8,0.7594,1541.27,1436.99
2011,15,REG,IND,TEN,27.0,13.0,14.0,1431.96,1498.71,0.4975,1442.01,1488.66
2011,15,REG,KC,GB,19.0,14.0,5.0,1462.17,1654.34,0.3247,1475.67,1640.83
2011,15,REG,MIN,NO,20.0,42.0,-22.0,1424.56,1599.34,0.3471,1417.62,1606.28
2011,15,REG,NYG,WAS,10.0,23.0,-13.0,1534.23,1421.62,0.7354,1519.52,1436.33
2011,15,REG,LA,CIN,13.0,20.0,-7.0,1378.23,1480.01,0.4473,1369.28,1488.95
2011,15,REG,LV,DET,27.0,28.0,-1.0,1492.81,1476.38,0.6151,1480.51,1488.69
2011,15,REG,ARI,CLE,20.0,17.0,3.0,1474.47,1417.29,0.6689,1481.09,1410.67
2011,15,REG,DEN,NE,23.0,41.0,-18.0,1498.76,1621.6,0.4175,1490.41,1629.95
2011,15,REG,PHI,NYJ,45.0,19.0,26.0,1499.62,1563.25,0.502,1509.58,1553.29
2011,15,REG,LAC,BAL,34.0,14.0,20.0,1511.68,1598.35,0.4689,1522.3,1587.72
2011,15,REG,SF,PIT,20.0,3.0,17.0,1530.86,1606.75,0.4843,1541.18,1596.44
2011,16,REG,IND,HOU,19.0,16.0,3.0,1442.01,1541.27,0.4509,1452.99,1530.29
2011,16,REG,BAL,CLE,20.0,14.0,6.0,1587.72,1410.67,0.8011,1591.7,1406.69
2011,16,REG,BUF,DEN,40.0,14.0,26.0,1423.4,1490.41,0.4971,1433.45,1480.35
2011,16,REG,CAR,TB,48.0,16.0,32.0,1436.99,1442.9,0.5842,1445.3,1434.59
2011,16,REG,CIN,ARI,23.0,16.0,7.0,1488.95,1481.09,0.6033,1496.89,1473.16
2011,16,REG,KC,LV,13.0,16.0,-3.0,1475.67,1480.51,0.5857,1463.96,1492.22
2011,16,REG,NE,MIA,27.0,24.0,3.0,1629.95,1459.58,0.7949,1634.05,1455.48
2011,16,REG,NYJ,NYG,14.0,29.0,-15.0,1553.29,1519.52,0.6384,1540.52,1532.29
2011,16,REG,PIT,LA,27.0,0.0,27.0,1596.44,1369.28,0.8431,1599.58,1366.14
2011,16,REG,TEN,JAX,23.0,17.0,6.0,1488.66,1444.1,0.6526,1495.61,1437.15
2011,16,REG,WAS,MIN,26.0,33.0,-7.0,1436.33,1417.62,0.6182,1423.96,1429.98
2011,16,REG,DET,LAC,38.0,10.0,28.0,1488.69,1522.3,0.545,1497.79,1513.2
2011,16,REG,DAL,PHI,7.0,20.0,-13.0,1515.56,1509.58,0.6008,1503.55,1521.59
2011,16,REG,SEA,SF,17.0,19.0,-2.0,1479.05,1541.18,0.5041,1468.97,1551.26
2011,16,REG,GB,CHI,35.0,21.0,14.0,1640.83,1509.9,0.7554,1645.73,1505.01
2011,16,REG,NO,ATL,45.0,16.0,29.0,1606.28,1570.25,0.6414,1613.45,1563.08
2011,17,REG,GB,DET,45.0,41.0,4.0,1645.73,1497.79,0.7731,1650.26,1493.25
2011,17,REG,HOU,TEN,22.0,23.0,-1.0,1530.29,1495.61,0.6396,1517.5,1508.4
2011,17,REG,JAX,IND,19.0,13.0,6.0,1437.15,1452.99,0.5703,1445.75,1444.4
2011,17,REG,MIA,NYJ,19.0,17.0,2.0,1455.48,1540.52,0.4712,1466.05,1529.94
2011,17,REG,MIN,CHI,13.0,17.0,-4.0,1429.98,1505.01,0.4856,1420.27,1514.72
2011,17,REG,NE,BUF,49.0,21.0,28.0,1634.05,1433.45,0.8218,1637.62,1429.89
2011,17,REG,NO,CAR,45.0,17.0,28.0,1613.45,1445.3,0.7928,1617.59,1441.16
2011,17,REG,PHI,WAS,34.0,10.0,24.0,1521.59,1423.96,0.7183,1527.23,1418.33
2011,17,REG,LA,SF,27.0,34.0,-7.0,1366.14,1551.26,0.3337,1359.47,1557.93
2011,17,REG,ARI,SEA,23.0,20.0,3.0,1473.16,1468.97,0.5983,1481.19,1460.94
2011,17,REG,ATL,TB,45.0,24.0,21.0,1563.08,1434.59,0.7528,1568.02,1429.64
2011,17,REG,CIN,BAL,16.0,24.0,-8.0,1496.89,1591.7,0.4572,1487.74,1600.85
2011,17,REG,CLE,PIT,9.0,13.0,-4.0,1406.69,1599.58,0.3238,1400.22,1606.05
2011,17,REG,DEN,KC,3.0,7.0,-4.0,1480.35,1463.96,0.615,1468.05,1476.26
2011,17,REG,LV,LAC,26.0,38.0,-12.0,1492.22,1513.2,0.563,1480.96,1524.46
2011,17,REG,NYG,DAL,31.0,14.0,17.0,1532.29,1503.55,0.6317,1539.65,1496.18
2011,18,WC,HOU,CIN,31.0,10.0,21.0,1517.5,1487.74,0.6331,1524.84,1480.4
2011,18,WC,NO,DET,45.0,28.0,17.0,1617.59,1493.25,0.7484,1622.63,1488.21
2011,18,WC,NYG,ATL,24.0,2.0,22.0,1539.65,1568.02,0.5525,1548.6,1559.07
2011,18,WC,DEN,PIT,29.0,23.0,6.0,1468.05,1606.05,0.3965,1480.12,1593.98
2011,19,DIV,SF,NO,36.0,32.0,4.0,1557.93,1622.63,0.5004,1567.93,1612.64
2011,19,DIV,NE,DEN,45.0,10.0,35.0,1637.62,1480.12,0.7826,1641.97,1475.77
2011,19,DIV,BAL,HOU,20.0,13.0,7.0,1600.85,1524.84,0.6925,1607.0,1518.69
2011,19,DIV,GB,NYG,20.0,37.0,-17.0,1650.26,1548.6,0.723,1635.8,1563.06
2011,20,CON,NE,BAL,23.0,20.0,3.0,1641.97,1607.0,0.64,1649.17,1599.8
2011,20,CON,SF,NYG,17.0,20.0,-3.0,1567.93,1563.06,0.5992,1555.94,1575.05
2011,21,SB,NE,NYG,17.0,21.0,-4.0,1649.17,1575.05,0.6902,1635.36,1588.85
2012,1,REG,NYG,DAL,17.0,24.0,-7.0,1559.23,1497.45,0.6748,1545.74,1510.95
2012,1,REG,CHI,IND,41.0,21.0,20.0,1509.82,1462.93,0.6557,1516.7,1456.05
2012,1,REG,CLE,PHI,16.0,17.0,-1.0,1433.48,1518.15,0.4717,1424.04,1527.58
2012,1,REG,DET,LA,27.0,23.0,4.0,1492.14,1406.31,0.7044,1498.06,1400.4
2012,1,REG,HOU,MIA,30.0,10.0,20.0,1512.46,1477.37,0.6402,1519.65,1470.17
2012,1,REG,KC,ATL,24.0,40.0,-16.0,1484.17,1539.38,0.5141,1473.89,1549.66
2012,1,REG,MIN,JAX,26.0,23.0,3.0,1446.85,1463.83,0.5687,1455.47,1455.21
2012,1,REG,NO,WAS,32.0,40.0,-8.0,1575.09,1445.55,0.754,1560.01,1460.63
2012,1,REG,NYJ,BUF,48.0,28.0,20.0,1519.96,1453.26,0.6809,1526.34,1446.88
2012,1,REG,TEN,NE,13.0,34.0,-21.0,1505.6,1590.24,0.4718,1496.16,1599.68
2012,1,REG,ARI,SEA,20.0,16.0,4.0,1487.46,1473.96,0.6111,1495.24,1466.18
2012,1,REG,GB,SF,22.0,30.0,-8.0,1590.54,1537.29,0.6639,1577.26,1550.57
2012,1,REG,TB,CAR,16.0,10.0,6.0,1453.1,1460.77,0.5818,1461.46,1452.41
2012,1,REG,DEN,PIT,31.0,19.0,12.0,1483.85,1562.66,0.4801,1494.25,1552.26
2012,1,REG,BAL,CIN,44.0,13.0,31.0,1566.53,1486.94,0.6969,1572.59,1480.87
2012,1,REG,LV,LAC,14.0,22.0,-8.0,1487.31,1516.31,0.5516,1476.28,1527.34
2012,2,REG,GB,CHI,23.0,10.0,13.0,1577.26,1516.7,0.6732,1583.79,1510.17
2012,2,REG,BUF,KC,35.0,17.0,18.0,1446.88,1473.89,0.5545,1455.79,1464.98
2012,2,REG,CAR,NO,35.0,27.0,8.0,1452.41,1560.01,0.439,1463.63,1548.79
2012,2,REG,CIN,CLE,34.0,27.0,7.0,1480.87,1424.04,0.6685,1487.5,1417.41
2012,2,REG,IND,MIN,23.0,20.0,3.0,1456.05,1455.47,0.5933,1464.18,1447.34
2012,2,REG,JAX,HOU,7.0,27.0,-20.0,1455.21,1519.65,0.5008,1445.19,1529.67
2012,2,REG,MIA,LV,35.0,13.0,22.0,1470.17,1476.28,0.584,1478.49,1467.95
2012,2,REG,NE,ARI,18.0,20.0,-2.0,1599.68,1495.24,0.7262,1585.15,1509.76
2012,2,REG,NYG,TB,41.0,34.0,7.0,1545.74,1461.46,0.7025,1551.69,1455.51
2012,2,REG,PHI,BAL,24.0,23.0,1.0,1527.58,1572.59,0.5287,1537.01,1563.17
2012,2,REG,SEA,DAL,27.0,7.0,20.0,1466.18,1510.95,0.5291,1475.6,1501.53
2012,2,REG,LA,WAS,31.0,28.0,3.0,1400.4,1460.63,0.5069,1410.26,1450.77
2012,2,REG,PIT,NYJ,27.0,10.0,17.0,1552.26,1526.34,0.6279,1559.7,1518.9
2012,2,REG,LAC,TEN,38.0,10.0,28.0,1527.34,1496.16,0.635,1534.64,1488.86
2012,2,REG,SF,DET,27.0,19.0,8.0,1550.57,1498.06,0.663,1557.31,1491.31
2012,2,REG,ATL,DEN,27.0,21.0,6.0,1549.66,1494.25,0.6667,1556.33,1487.58
2012,3,REG,CAR,NYG,7.0,36.0,-29.0,1463.63,1551.69,0.4669,1454.29,1561.02
2012,3,REG,CHI,LA,23.0,6.0,17.0,1510.17,1410.26,0.721,1515.75,1404.68
2012,3,REG,CLE,BUF,14.0,24.0,-10.0,1417.41,1455.79,0.5382,1406.65,1466.56
2012,3,REG,DAL,TB,16.0,10.0,6.0,1501.53,1455.51,0.6545,1508.44,1448.6
2012,3,REG,IND,JAX,17.0,22.0,-5.0,1464.18,1445.19,0.6186,1451.81,1457.56
2012,3,REG,MIA,NYJ,20.0,23.0,-3.0,1478.49,1518.9,0.5353,1467.79,1529.61
2012,3,REG,MIN,SF,24.0,13.0,11.0,1447.34,1557.31,0.4356,1458.63,1546.03
2012,3,REG,NO,KC,24.0,27.0,-3.0,1548.79,1464.98,0.702,1534.75,1479.02
2012,3,REG,TEN,DET,44.0,41.0,3.0,1488.86,1491.31,0.5891,1497.08,1483.1
2012,3,REG,WAS,CIN,31.0,38.0,-7.0,1450.77,1487.5,0.5406,1439.96,1498.32
2012,3,REG,ARI,PHI,27.0,6.0,21.0,1509.76,1537.01,0.5541,1518.68,1528.09
2012,3,REG,LAC,ATL,3.0,27.0,-24.0,1534.64,1556.33,0.562,1523.4,1567.57
2012,3,REG,DEN,HOU,25.0,31.0,-6.0,1487.58,1529.67,0.5329,1476.92,1540.33
2012,3,REG,LV,PIT,34.0,31.0,3.0,1467.95,1559.7,0.4616,1478.72,1548.93
2012,3,REG,BAL,NE,31.0,30.0,1.0,1563.17,1585.15,0.5616,1571.94,1576.38
2012,3,REG,SEA,GB,14.0,12.0,2.0,1475.6,1583.79,0.4382,1486.83,1572.56
2012,4,REG,BAL,CLE,23.0,16.0,7.0,1571.94,1406.65,0.7901,1576.13,1402.45
2012,4,REG,ATL,CAR,30.0,28.0,2.0,1567.57,1454.29,0.7362,1572.85,1449.01
2012,4,REG,BUF,NE,28.0,52.0,-24.0,1466.56,1576.38,0.4358,1457.84,1585.1
2012,4,REG,DET,MIN,13.0,20.0,-7.0,1483.1,1458.63,0.626,1470.58,1471.15
2012,4,REG,HOU,TEN,38.0,14.0,24.0,1540.33,1497.08,0.6509,1547.31,1490.1
2012,4,REG,KC,LAC,20.0,37.0,-17.0,1479.02,1523.4,0.5296,1468.43,1533.99
2012,4,REG,NYJ,SF,0.0,34.0,-34.0,1529.61,1546.03,0.5695,1518.22,1557.42
2012,4,REG,LA,SEA,19.0,13.0,6.0,1404.68,1486.83,0.4753,1415.18,1476.34
2012,4,REG,ARI,MIA,24.0,21.0,3.0,1518.68,1467.79,0.6609,1525.46,1461.0
2012,4,REG,DEN,LV,37.0,6.0,31.0,1476.92,1478.72,0.59,1485.12,1470.52
2012,4,REG,JAX,CIN,10.0,27.0,-17.0,1457.56,1498.32,0.5348,1446.86,1509.01
2012,4,REG,GB,NO,28.0,27.0,1.0,1572.56,1534.75,0.6438,1579.68,1527.63
2012,4,REG,TB,WAS,22.0,24.0,-2.0,1448.6,1439.96,0.6044,1436.51,1452.05
2012,4,REG,PHI,NYG,19.0,17.0,2.0,1528.09,1561.02,0.546,1537.17,1551.95
2012,4,REG,DAL,CHI,18.0,34.0,-16.0,1508.44,1515.75,0.5823,1496.79,1527.39
2012,5,REG,LA,ARI,17.0,3.0,14.0,1415.18,1525.46,0.4352,1426.47,1514.17
2012,5,REG,CIN,MIA,13.0,17.0,-4.0,1509.01,1461.0,0.6571,1495.87,1474.15
2012,5,REG,IND,GB,30.0,27.0,3.0,1451.81,1579.68,0.4105,1463.6,1567.89
2012,5,REG,KC,BAL,6.0,9.0,-3.0,1468.43,1576.13,0.4388,1459.65,1584.91
2012,5,REG,NYG,CLE,41.0,27.0,14.0,1551.95,1402.45,0.7746,1556.45,1397.94
2012,5,REG,PIT,PHI,16.0,14.0,2.0,1548.93,1537.17,0.6087,1556.76,1529.35
2012,5,REG,WAS,ATL,17.0,24.0,-7.0,1452.05,1572.85,0.4204,1443.64,1581.25
2012,5,REG,CAR,SEA,12.0,16.0,-4.0,1449.01,1476.34,0.554,1437.93,1487.42
2012,5,REG,JAX,CHI,3.0,41.0,-38.0,1446.86,1527.39,0.4777,1437.31,1536.95
2012,5,REG,MIN,TEN,30.0,7.0,23.0,1471.15,1490.1,0.5659,1479.83,1481.42
2012,5,REG,NE,DEN,31.0,21.0,10.0,1585.1,1485.12,0.7211,1590.68,1479.54
2012,5,REG,SF,BUF,45.0,3.0,42.0,1557.42,1457.84,0.7206,1563.0,1452.25
2012,5,REG,NO,LAC,31.0,24.0,7.0,1527.63,1533.99,0.5836,1535.96,1525.67
2012,5,REG,NYJ,HOU,17.0,23.0,-6.0,1518.22,1547.31,0.5515,1507.19,1558.34
2012,6,REG,TEN,PIT,26.0,23.0,3.0,1481.42,1556.76,0.4851,1491.72,1546.46
2012,6,REG,ATL,LV,23.0,20.0,3.0,1581.25,1470.52,0.7333,1586.59,1465.19
2012,6,REG,BAL,DAL,31.0,29.0,2.0,1584.91,1496.79,0.7071,1590.77,1490.94
2012,6,REG,CLE,CIN,34.0,24.0,10.0,1397.94,1495.87,0.4528,1408.89,1484.92
2012,6,REG,MIA,LA,17.0,14.0,3.0,1474.15,1426.47,0.6567,1481.01,1419.61
2012,6,REG,NYJ,IND,35.0,9.0,26.0,1507.19,1463.6,0.6514,1514.16,1456.63
2012,6,REG,PHI,DET,23.0,26.0,-3.0,1529.35,1470.58,0.6709,1515.93,1483.99
2012,6,REG,TB,KC,38.0,10.0,28.0,1436.51,1459.65,0.56,1445.32,1450.85
2012,6,REG,ARI,BUF,16.0,19.0,-3.0,1514.17,1452.25,0.6749,1500.67,1465.75
2012,6,REG,SEA,NE,24.0,23.0,1.0,1487.42,1590.68,0.4452,1498.52,1579.58
2012,6,REG,SF,NYG,3.0,26.0,-23.0,1563.0,1556.45,0.6015,1550.97,1568.48
2012,6,REG,WAS,MIN,38.0,26.0,12.0,1443.64,1479.83,0.5414,1452.81,1470.66
2012,6,REG,HOU,GB,24.0,42.0,-18.0,1558.34,1567.89,0.5791,1546.76,1579.47
2012,6,REG,LAC,DEN,24.0,35.0,-11.0,1525.67,1479.54,0.6547,1512.57,1492.64
2012,7,REG,SF,SEA,13.0,6.0,7.0,1550.97,1498.52,0.6629,1557.72,1491.78
2012,7,REG,BUF,TEN,34.0,35.0,-1.0,1465.75,1491.72,0.5559,1454.63,1502.84
2012,7,REG,CAR,DAL,14.0,19.0,-5.0,1437.93,1490.94,0.5173,1427.59,1501.28
2012,7,REG,HOU,BAL,43.0,13.0,30.0,1546.76,1590.77,0.5302,1556.15,1581.37
2012,7,REG,IND,CLE,17.0,13.0,4.0,1456.63,1408.89,0.6568,1463.49,1402.02
2012,7,REG,MIN,ARI,21.0,14.0,7.0,1470.66,1500.67,0.5502,1479.65,1491.67
2012,7,REG,NYG,WAS,27.0,23.0,4.0,1568.48,1452.81,0.7389,1573.71,1447.59
2012,7,REG,LA,GB,20.0,30.0,-10.0,1419.61,1579.47,0.3668,1412.27,1586.81
2012,7,REG,TB,NO,28.0,35.0,-7.0,1445.32,1535.96,0.4632,1436.05,1545.22
2012,7,REG,NE,NYJ,29.0,26.0,3.0,1579.58,1514.16,0.6793,1586.0,1507.75
2012,7,REG,LV,JAX,26.0,23.0,3.0,1465.19,1437.31,0.6306,1472.58,1429.92
2012,7,REG,CIN,PIT,17.0,24.0,-7.0,1484.92,1546.46,0.505,1474.82,1556.56
2012,7,REG,CHI,DET,13.0,7.0,6.0,1536.95,1483.99,0.6635,1543.68,1477.27
2012,8,REG,MIN,TB,17.0,36.0,-19.0,1479.65,1436.05,0.6514,1466.62,1449.08
2012,8,REG,CHI,CAR,23.0,22.0,1.0,1543.68,1427.59,0.7393,1548.89,1422.38
2012,8,REG,CLE,LAC,7.0,6.0,1.0,1402.02,1512.57,0.4348,1413.33,1501.27
2012,8,REG,DET,SEA,28.0,24.0,4.0,1477.27,1491.78,0.5722,1485.82,1483.22
2012,8,REG,GB,JAX,24.0,15.0,9.0,1586.81,1429.92,0.782,1591.17,1425.56
2012,8,REG,NYJ,MIA,9.0,30.0,-21.0,1507.75,1481.01,0.629,1495.17,1493.59
2012,8,REG,PHI,ATL,17.0,30.0,-13.0,1515.93,1586.59,0.4919,1506.09,1596.42
2012,8,REG,PIT,WAS,27.0,12.0,15.0,1556.56,1447.59,0.7313,1561.93,1442.22
2012,8,REG,LA,NE,7.0,45.0,-38.0,1412.27,1586.0,0.3484,1405.3,1592.97
2012,8,REG,TEN,IND,13.0,19.0,-6.0,1502.84,1463.49,0.6458,1489.92,1476.41
2012,8,REG,KC,LV,16.0,26.0,-10.0,1450.85,1472.58,0.562,1439.61,1483.82
2012,8,REG,DAL,NYG,24.0,29.0,-5.0,1501.28,1573.71,0.4893,1491.49,1583.49
2012,8,REG,DEN,NO,34.0,14.0,20.0,1492.64,1545.22,0.5179,1502.28,1535.58
2012,8,REG,ARI,SF,3.0,24.0,-21.0,1491.67,1557.72,0.4985,1481.7,1567.69
2012,9,REG,LAC,KC,31.0,13.0,18.0,1501.27,1439.61,0.6746,1507.78,1433.1
2012,9,REG,CIN,DEN,23.0,31.0,-8.0,1474.82,1502.28,0.5538,1463.75,1513.36
2012,9,REG,CLE,BAL,15.0,25.0,-10.0,1413.33,1581.37,0.3559,1406.21,1588.49
2012,9,REG,GB,ARI,31.0,17.0,14.0,1591.17,1481.7,0.7319,1596.53,1476.34
2012,9,REG,HOU,BUF,21.0,9.0,12.0,1556.15,1454.63,0.7228,1561.7,1449.09
2012,9,REG,IND,MIA,23.0,20.0,3.0,1476.41,1493.59,0.5684,1485.04,1484.96
2012,9,REG,JAX,DET,14.0,31.0,-17.0,1425.56,1485.82,0.5068,1415.43,1495.96
2012,9,REG,TEN,CHI,20.0,51.0,-31.0,1489.92,1548.89,0.5087,1479.75,1559.06
2012,9,REG,WAS,CAR,13.0,21.0,-8.0,1442.22,1422.38,0.6197,1429.82,1434.77
2012,9,REG,LV,TB,32.0,42.0,-10.0,1483.82,1449.08,0.6397,1471.02,1461.87
2012,9,REG,SEA,MIN,30.0,20.0,10.0,1483.22,1466.62,0.6153,1490.91,1458.93
2012,9,REG,NYG,PIT,20.0,24.0,-4.0,1583.49,1561.93,0.6221,1571.05,1574.37
2012,9,REG,ATL,DAL,19.0,13.0,6.0,1596.42,1491.49,0.7268,1601.89,1486.03
2012,9,REG,NO,PHI,28.0,13.0,15.0,1535.58,1506.09,0.6327,1542.92,1498.74
2012,10,REG,JAX,IND,10.0,27.0,-17.0,1415.43,1485.04,0.4934,1405.56,1494.91
2012,10,REG,BAL,LV,55.0,20.0,35.0,1588.49,1471.02,0.7408,1593.67,1465.84
2012,10,REG,CAR,DEN,14.0,36.0,-22.0,1434.77,1513.36,0.4805,1425.16,1522.97
2012,10,REG,CIN,NYG,31.0,13.0,18.0,1463.75,1571.05,0.4394,1474.96,1559.84
2012,10,REG,MIA,TEN,3.0,37.0,-34.0,1484.96,1479.75,0.5997,1472.97,1491.74
2012,10,REG,MIN,DET,34.0,24.0,10.0,1458.93,1495.96,0.5402,1468.13,1486.76
2012,10,REG,NE,BUF,37.0,31.0,6.0,1592.97,1449.09,0.769,1597.59,1444.47
2012,10,REG,NO,ATL,31.0,27.0,4.0,1542.92,1601.89,0.5087,1552.75,1592.06
2012,10,REG,TB,LAC,34.0,24.0,10.0,1461.87,1507.78,0.5275,1471.32,1498.33
2012,10,REG,SEA,NYJ,28.0,7.0,21.0,1490.91,1495.17,0.5865,1499.18,1486.9
2012,10,REG,PHI,DAL,23.0,38.0,-15.0,1498.74,1486.03,0.61,1486.54,1498.23
2012,10,REG,SF,LA,24.0,24.0,0.0,1567.69,1405.3,0.7873,1561.94,1411.05
2012,10,REG,CHI,HOU,6.0,13.0,-7.0,1559.06,1561.7,0.5888,1547.29,1573.47
2012,10,REG,PIT,KC,16.0,13.0,3.0,1574.37,1433.1,0.7663,1579.05,1428.43
2012,11,REG,BUF,MIA,19.0,14.0,5.0,1444.47,1472.97,0.5523,1453.42,1464.01
2012,11,REG,ATL,ARI,23.0,19.0,4.0,1592.06,1476.34,0.7389,1597.29,1471.12
2012,11,REG,CAR,TB,21.0,27.0,-6.0,1425.16,1471.32,0.5271,1414.62,1481.87
2012,11,REG,DAL,CLE,23.0,20.0,3.0,1498.23,1406.21,0.7117,1504.0,1400.44
2012,11,REG,DET,GB,20.0,24.0,-4.0,1486.76,1596.53,0.4359,1478.04,1605.25
2012,11,REG,HOU,JAX,43.0,37.0,6.0,1573.47,1405.56,0.7926,1577.62,1401.41
2012,11,REG,KC,CIN,6.0,28.0,-22.0,1428.43,1474.96,0.5266,1417.9,1485.49
2012,11,REG,LA,NYJ,13.0,27.0,-14.0,1411.05,1486.9,0.4844,1401.36,1496.59
2012,11,REG,WAS,PHI,31.0,6.0,25.0,1429.82,1486.54,0.5119,1439.58,1476.78
2012,11,REG,LV,NO,17.0,38.0,-21.0,1465.84,1552.75,0.4685,1456.47,1562.12
2012,11,REG,DEN,LAC,30.0,23.0,7.0,1522.97,1498.33,0.6262,1530.44,1490.85
2012,11,REG,NE,IND,59.0,24.0,35.0,1597.59,1494.91,0.7242,1603.1,1489.39
2012,11,REG,PIT,BAL,10.0,13.0,-3.0,1579.05,1593.67,0.572,1567.61,1605.11
2012,11,REG,SF,CHI,32.0,7.0,25.0,1561.94,1547.29,0.6127,1569.69,1539.54
2012,12,REG,DET,HOU,31.0,34.0,-3.0,1478.04,1577.62,0.4504,1469.04,1586.63
2012,12,REG,DAL,WAS,31.0,38.0,-7.0,1504.0,1439.58,0.6781,1490.43,1453.14
2012,12,REG,NYJ,NE,19.0,49.0,-30.0,1496.59,1603.1,0.4405,1487.78,1611.91
2012,12,REG,CHI,MIN,28.0,10.0,18.0,1539.54,1468.13,0.6868,1545.8,1461.86
2012,12,REG,CIN,LV,34.0,10.0,24.0,1485.49,1456.47,0.6321,1492.85,1449.11
2012,12,REG,CLE,PIT,20.0,14.0,6.0,1400.44,1567.61,0.3571,1413.3,1554.75
2012,12,REG,IND,BUF,20.0,13.0,7.0,1489.39,1453.42,0.6414,1496.56,1446.25
2012,12,REG,JAX,TEN,24.0,19.0,5.0,1401.41,1491.74,0.4636,1412.14,1481.01
2012,12,REG,KC,DEN,9.0,17.0,-8.0,1417.9,1530.44,0.432,1409.26,1539.08
2012,12,REG,MIA,SEA,24.0,21.0,3.0,1464.01,1499.18,0.5428,1473.16,1490.04
2012,12,REG,TB,ATL,23.0,24.0,-1.0,1481.87,1597.29,0.4279,1473.31,1605.84
2012,12,REG,LAC,BAL,13.0,16.0,-3.0,1490.85,1605.11,0.4296,1482.26,1613.71
2012,12,REG,ARI,LA,17.0,31.0,-14.0,1471.12,1401.36,0.6848,1457.42,1415.06
2012,12,REG,NO,SF,21.0,31.0,-10.0,1562.12,1569.69,0.5819,1550.48,1581.32
2012,12,REG,NYG,GB,38.0,10.0,28.0,1559.84,1605.25,0.5282,1569.28,1595.81
2012,12,REG,PHI,CAR,22.0,30.0,-8.0,1476.78,1414.62,0.6752,1463.28,1428.12
2012,13,REG,ATL,NO,23.0,13.0,10.0,1605.84,1550.48,0.6666,1612.51,1543.81
2012,13,REG,BUF,JAX,34.0,18.0,16.0,1446.25,1412.14,0.6389,1453.47,1404.92
2012,13,REG,CHI,SEA,17.0,23.0,-6.0,1545.8,1490.04,0.6671,1532.46,1503.38
2012,13,REG,DET,IND,33.0,35.0,-2.0,1469.04,1496.56,0.5537,1457.96,1507.64
2012,13,REG,GB,MIN,23.0,14.0,9.0,1595.81,1461.86,0.7586,1600.64,1457.04
2012,13,REG,KC,CAR,27.0,21.0,6.0,1409.26,1428.12,0.566,1417.94,1419.44
2012,13,REG,MIA,NE,16.0,23.0,-7.0,1473.16,1611.91,0.3954,1465.25,1619.82
2012,13,REG,NYJ,ARI,7.0,6.0,1.0,1487.78,1457.42,0.6339,1495.1,1450.1
2012,13,REG,LA,SF,16.0,13.0,3.0,1415.06,1581.32,0.3583,1427.89,1568.49
2012,13,REG,TEN,HOU,10.0,24.0,-14.0,1481.01,1586.63,0.4418,1472.18,1595.47
2012,13,REG,DEN,TB,31.0,23.0,8.0,1539.08,1473.31,0.6798,1545.49,1466.9
2012,13,REG,BAL,PIT,20.0,23.0,-3.0,1613.71,1554.75,0.6712,1600.28,1568.17
2012,13,REG,LV,CLE,17.0,20.0,-3.0,1449.11,1413.3,0.6411,1436.29,1426.13
2012,13,REG,LAC,CIN,13.0,20.0,-7.0,1482.26,1492.85,0.5777,1470.71,1504.4
2012,13,REG,DAL,PHI,38.0,33.0,5.0,1490.43,1463.28,0.6296,1497.84,1455.87
2012,13,REG,WAS,NYG,17.0,16.0,1.0,1453.14,1569.28,0.4269,1464.61,1557.82
2012,14,REG,LV,DEN,13.0,26.0,-13.0,1436.29,1545.49,0.4367,1427.55,1554.22
2012,14,REG,BUF,LA,12.0,15.0,-3.0,1453.47,1427.89,0.6275,1440.92,1440.44
2012,14,REG,CAR,ATL,30.0,20.0,10.0,1419.44,1612.51,0.3236,1432.97,1598.98
2012,14,REG,CIN,DAL,19.0,20.0,-1.0,1504.4,1497.84,0.6016,1492.37,1509.87
2012,14,REG,CLE,KC,30.0,7.0,23.0,1426.13,1417.94,0.6038,1434.05,1410.01
2012,14,REG,IND,TEN,27.0,23.0,4.0,1507.64,1472.18,0.6407,1514.83,1464.99
2012,14,REG,JAX,NYJ,10.0,17.0,-7.0,1404.92,1495.1,0.4638,1395.64,1504.38
2012,14,REG,MIN,CHI,21.0,14.0,7.0,1457.04,1532.46,0.485,1467.34,1522.16
2012,14,REG,PIT,LAC,24.0,34.0,-10.0,1568.17,1470.71,0.7181,1553.81,1485.07
2012,14,REG,TB,PHI,21.0,23.0,-2.0,1466.9,1455.87,0.6077,1454.75,1468.02
2012,14,REG,WAS,BAL,31.0,28.0,3.0,1464.61,1600.28,0.3997,1476.61,1588.28
2012,14,REG,SF,MIA,27.0,13.0,14.0,1568.49,1465.25,0.7248,1573.99,1459.75
2012,14,REG,NYG,NO,52.0,27.0,25.0,1557.82,1543.81,0.6118,1565.58,1536.05
2012,14,REG,SEA,ARI,58.0,0.0,58.0,1503.38,1450.1,0.6639,1510.1,1443.38
2012,14,REG,GB,DET,27.0,20.0,7.0,1600.64,1457.96,0.7677,1605.29,1453.32
2012,14,REG,NE,HOU,42.0,14.0,28.0,1619.82,1595.47,0.6258,1627.31,1587.98
2012,15,REG,PHI,CIN,13.0,34.0,-21.0,1468.02,1492.37,0.5582,1456.86,1503.54
2012,15,REG,ATL,NYG,34.0,0.0,34.0,1598.98,1565.58,0.6379,1606.23,1558.34
2012,15,REG,BAL,DEN,17.0,34.0,-17.0,1588.28,1554.22,0.6388,1575.5,1567.0
2012,15,REG,CHI,GB,13.0,21.0,-8.0,1522.16,1605.29,0.4739,1512.68,1614.76
2012,15,REG,CLE,WAS,21.0,38.0,-17.0,1434.05,1476.61,0.5322,1423.4,1487.26
2012,15,REG,HOU,IND,29.0,17.0,12.0,1587.98,1514.83,0.689,1594.2,1508.6
2012,15,REG,MIA,JAX,24.0,3.0,21.0,1459.75,1395.64,0.6777,1466.19,1389.19
2012,15,REG,NO,TB,41.0,0.0,41.0,1536.05,1454.75,0.6989,1542.07,1448.73
2012,15,REG,LA,MIN,22.0,36.0,-14.0,1440.44,1467.34,0.5546,1429.35,1478.43
2012,15,REG,ARI,DET,38.0,10.0,28.0,1443.38,1453.32,0.5786,1451.81,1444.89
2012,15,REG,BUF,SEA,17.0,50.0,-33.0,1440.92,1510.1,0.494,1431.04,1519.98
2012,15,REG,LAC,CAR,7.0,31.0,-24.0,1485.07,1432.97,0.6624,1471.82,1446.22
2012,15,REG,DAL,PIT,27.0,24.0,3.0,1509.87,1553.81,0.5303,1519.27,1544.42
2012,15,REG,LV,KC,15.0,0.0,15.0,1427.55,1410.01,0.6166,1435.22,1402.35
2012,15,REG,NE,SF,34.0,41.0,-7.0,1627.31,1573.99,0.664,1614.03,1587.27
2012,15,REG,TEN,NYJ,14.0,10.0,4.0,1464.99,1504.38,0.5368,1474.25,1495.11
2012,16,REG,DET,ATL,18.0,31.0,-13.0,1444.89,1606.23,0.3648,1437.59,1613.52
2012,16,REG,CAR,LV,17.0,6.0,11.0,1446.22,1435.22,0.6077,1454.07,1427.37
2012,16,REG,DAL,NO,31.0,34.0,-3.0,1519.27,1542.07,0.5604,1508.06,1553.28
2012,16,REG,GB,TEN,55.0,7.0,48.0,1614.76,1474.25,0.7655,1619.46,1469.56
2012,16,REG,HOU,MIN,6.0,23.0,-17.0,1594.2,1478.43,0.739,1579.42,1493.21
2012,16,REG,JAX,NE,16.0,23.0,-7.0,1389.19,1614.03,0.2849,1383.49,1619.73
2012,16,REG,KC,IND,13.0,20.0,-7.0,1402.35,1508.6,0.4409,1393.53,1517.42
2012,16,REG,MIA,BUF,24.0,10.0,14.0,1466.19,1431.04,0.6403,1473.39,1423.84
2012,16,REG,NYJ,LAC,17.0,27.0,-10.0,1495.11,1471.82,0.6244,1482.62,1484.31
2012,16,REG,PHI,WAS,20.0,27.0,-7.0,1456.86,1487.26,0.5496,1445.87,1498.25
2012,16,REG,PIT,CIN,10.0,13.0,-3.0,1544.42,1503.54,0.6478,1531.46,1516.49
2012,16,REG,TB,LA,13.0,28.0,-15.0,1448.73,1429.35,0.6191,1436.35,1441.73
2012,16,REG,DEN,CLE,34.0,12.0,22.0,1567.0,1423.4,0.7687,1571.62,1418.78
2012,16,REG,ARI,CHI,13.0,28.0,-15.0,1451.81,1512.68,0.5059,1441.69,1522.8
2012,16,REG,BAL,NYG,33.0,14.0,19.0,1575.5,1558.34,0.6161,1583.18,1550.66
2012,16,REG,SEA,SF,42.0,13.0,29.0,1519.98,1587.27,0.4967,1530.05,1577.21
2012,17,REG,ATL,TB,17.0,22.0,-5.0,1613.52,1436.35,0.8012,1597.5,1452.37
2012,17,REG,BUF,NYJ,28.0,9.0,19.0,1423.84,1482.62,0.509,1433.67,1472.8
2012,17,REG,CIN,BAL,23.0,17.0,6.0,1516.49,1583.18,0.4976,1526.54,1573.13
2012,17,REG,DET,CHI,24.0,26.0,-2.0,1437.59,1522.8,0.4709,1428.17,1532.22
2012,17,REG,IND,HOU,28.0,16.0,12.0,1517.42,1579.42,0.5043,1527.34,1569.51
2012,17,REG,NO,CAR,38.0,44.0,-6.0,1553.28,1454.07,0.7202,1538.88,1468.47
2012,17,REG,NYG,PHI,42.0,7.0,35.0,1550.66,1445.87,0.7266,1556.13,1440.4
2012,17,REG,PIT,CLE,24.0,10.0,14.0,1531.46,1418.78,0.7355,1536.75,1413.49
2012,17,REG,TEN,JAX,38.0,20.0,18.0,1469.56,1383.49,0.7047,1475.47,1377.59
2012,17,REG,DEN,KC,38.0,3.0,35.0,1571.62,1393.53,0.8021,1575.58,1389.57
2012,17,REG,MIN,GB,37.0,34.0,3.0,1493.21,1619.46,0.4128,1504.95,1607.71
2012,17,REG,NE,MIA,28.0,0.0,28.0,1619.73,1473.39,0.7715,1624.3,1468.82
2012,17,REG,LAC,LV,24.0,21.0,3.0,1484.31,1427.37,0.6686,1490.94,1420.75
2012,17,REG,SEA,LA,20.0,13.0,7.0,1530.05,1441.73,0.7074,1535.9,1435.88
2012,17,REG,SF,ARI,27.0,13.0,14.0,1577.21,1441.69,0.7603,1582.0,1436.9
2012,17,REG,WAS,DAL,28.0,18.0,10.0,1498.25,1508.06,0.5788,1506.67,1499.63
2012,18,WC,HOU,CIN,19.0,13.0,6.0,1569.51,1526.54,0.6506,1576.5,1519.55
2012,18,WC,GB,MIN,24.0,10.0,14.0,1607.71,1504.95,0.7243,1613.23,1499.44
2012,18,WC,BAL,IND,24.0,9.0,15.0,1573.13,1527.34,0.6543,1580.04,1520.42
2012,18,WC,WAS,SEA,14.0,24.0,-10.0,1506.67,1535.9,0.5513,1495.65,1546.93
2012,19,DIV,DEN,BAL,35.0,38.0,-3.0,1575.58,1580.04,0.5862,1563.86,1591.77
2012,19,DIV,SF,GB,45.0,31.0,14.0,1582.0,1613.23,0.5485,1591.03,1604.19
2012,19,DIV,ATL,SEA,30.0,28.0,2.0,1597.5,1546.93,0.6604,1604.29,1540.14
2012,19,DIV,NE,HOU,41.0,28.0,13.0,1624.3,1576.5,0.6569,1631.16,1569.64
2012,20,CON,ATL,SF,24.0,28.0,-4.0,1604.29,1591.03,0.6108,1592.07,1603.25
2012,20,CON,NE,BAL,13.0,28.0,-15.0,1631.16,1591.77,0.6459,1618.24,1604.69
2012,21,SB,SF,BAL,31.0,34.0,-3.0,1603.25,1604.69,0.5905,1591.44,1616.5
2013,1,REG,DEN,BAL,49.0,27.0,22.0,1542.57,1577.66,0.5429,1551.71,1568.52
2013,1,REG,BUF,NE,21.0,23.0,-2.0,1455.78,1578.83,0.4172,1447.43,1587.17
2013,1,REG,CAR,SEA,7.0,12.0,-5.0,1478.98,1526.76,0.5248,1468.48,1537.25
2013,1,REG,CHI,CIN,24.0,21.0,3.0,1521.48,1513.03,0.6041,1529.4,1505.12
2013,1,REG,CLE,MIA,10.0,23.0,-13.0,1442.33,1479.21,0.5404,1431.52,1490.02
2013,1,REG,DET,MIN,34.0,24.0,10.0,1452.11,1499.63,0.5251,1461.61,1490.13
2013,1,REG,IND,LV,21.0,17.0,4.0,1513.61,1447.16,0.6806,1520.0,1440.78
2013,1,REG,JAX,KC,2.0,28.0,-26.0,1418.39,1426.38,0.5813,1406.77,1438.01
2013,1,REG,NO,ATL,23.0,17.0,6.0,1525.92,1561.38,0.5424,1535.07,1552.23
2013,1,REG,NYJ,TB,18.0,17.0,1.0,1481.87,1468.25,0.6113,1489.64,1460.47
2013,1,REG,PIT,TEN,9.0,16.0,-7.0,1524.5,1483.65,0.6478,1511.54,1496.6
2013,1,REG,SF,GB,34.0,28.0,6.0,1560.96,1569.46,0.5806,1569.35,1561.07
2013,1,REG,LA,ARI,27.0,24.0,3.0,1457.25,1457.93,0.5915,1465.42,1449.76
2013,1,REG,DAL,NYG,36.0,31.0,5.0,1499.76,1537.42,0.5393,1508.97,1528.2
2013,1,REG,WAS,PHI,27.0,33.0,-6.0,1497.1,1460.27,0.6425,1484.25,1473.12
2013,1,REG,LAC,HOU,28.0,31.0,-3.0,1493.96,1546.42,0.518,1483.6,1556.78
2013,2,REG,NE,NYJ,13.0,10.0,3.0,1587.17,1489.64,0.7182,1592.81,1484.01
2013,2,REG,ATL,LA,31.0,24.0,7.0,1552.23,1465.42,0.7056,1558.12,1459.53
2013,2,REG,BAL,CLE,14.0,6.0,8.0,1568.52,1431.52,0.7618,1573.29,1426.75
2013,2,REG,BUF,CAR,24.0,23.0,1.0,1447.43,1468.48,0.5629,1456.17,1459.74
2013,2,REG,CHI,MIN,31.0,30.0,1.0,1529.4,1490.13,0.6457,1536.48,1483.04
2013,2,REG,GB,WAS,38.0,20.0,18.0,1561.07,1484.25,0.6935,1567.21,1478.12
2013,2,REG,HOU,TEN,30.0,24.0,6.0,1556.78,1496.6,0.6727,1563.33,1490.06
2013,2,REG,IND,MIA,20.0,24.0,-4.0,1520.0,1490.02,0.6334,1507.33,1502.69
2013,2,REG,KC,DAL,17.0,16.0,1.0,1438.01,1508.97,0.4914,1448.18,1498.8
2013,2,REG,PHI,LAC,30.0,33.0,-3.0,1473.12,1483.6,0.5778,1461.56,1495.15
2013,2,REG,ARI,DET,25.0,21.0,4.0,1449.76,1461.61,0.5759,1458.24,1453.13
2013,2,REG,TB,NO,14.0,16.0,-2.0,1460.47,1535.07,0.4862,1450.75,1544.79
2013,2,REG,NYG,DEN,23.0,41.0,-18.0,1528.2,1551.71,0.5594,1517.02,1562.9
2013,2,REG,LV,JAX,19.0,9.0,10.0,1440.78,1406.77,0.6388,1448.0,1399.54
2013,2,REG,SEA,SF,29.0,3.0,26.0,1537.25,1569.35,0.5472,1546.31,1560.29
2013,2,REG,CIN,PIT,20.0,10.0,10.0,1505.12,1511.54,0.5835,1513.45,1503.21
2013,3,REG,PHI,KC,16.0,26.0,-10.0,1461.56,1448.18,0.6109,1449.34,1460.4
2013,3,REG,BAL,HOU,30.0,9.0,21.0,1573.29,1563.33,0.6062,1581.16,1555.45
2013,3,REG,CAR,NYG,38.0,0.0,38.0,1459.74,1517.02,0.5111,1469.52,1507.24
2013,3,REG,CIN,GB,34.0,30.0,4.0,1513.45,1567.21,0.5162,1523.12,1557.53
2013,3,REG,DAL,LA,31.0,7.0,24.0,1498.8,1459.53,0.6457,1505.88,1452.45
2013,3,REG,MIN,CLE,27.0,31.0,-4.0,1483.04,1426.75,0.6678,1469.69,1440.11
2013,3,REG,NE,TB,23.0,3.0,20.0,1592.81,1450.75,0.7671,1597.47,1446.09
2013,3,REG,NO,ARI,31.0,7.0,24.0,1544.79,1458.24,0.7052,1550.69,1452.35
2013,3,REG,TEN,LAC,20.0,17.0,3.0,1490.06,1495.15,0.5854,1498.35,1486.86
2013,3,REG,WAS,DET,20.0,27.0,-7.0,1478.12,1453.13,0.6267,1465.58,1465.66
2013,3,REG,MIA,ATL,27.0,23.0,4.0,1502.69,1558.12,0.5138,1512.41,1548.39
2013,3,REG,NYJ,BUF,27.0,20.0,7.0,1484.01,1456.17,0.6305,1491.4,1448.78
2013,3,REG,SEA,JAX,45.0,17.0,28.0,1546.31,1399.54,0.7719,1550.87,1394.98
2013,3,REG,SF,IND,7.0,27.0,-20.0,1560.29,1507.33,0.6635,1547.02,1520.6
2013,3,REG,PIT,CHI,23.0,40.0,-17.0,1503.21,1536.48,0.5455,1492.3,1547.39
2013,3,REG,DEN,LV,37.0,21.0,16.0,1562.9,1448.0,0.738,1568.14,1442.76
2013,4,REG,LA,SF,11.0,35.0,-24.0,1452.45,1547.02,0.4575,1443.3,1556.17
2013,4,REG,BUF,BAL,23.0,20.0,3.0,1448.78,1581.16,0.4042,1460.7,1569.25
2013,4,REG,CLE,CIN,17.0,6.0,11.0,1440.11,1523.12,0.4741,1450.63,1512.61
2013,4,REG,DET,CHI,40.0,32.0,8.0,1465.66,1547.39,0.4759,1476.14,1536.91
2013,4,REG,HOU,SEA,20.0,23.0,-3.0,1555.45,1550.87,0.5988,1543.48,1562.85
2013,4,REG,JAX,IND,3.0,37.0,-34.0,1394.98,1520.6,0.4136,1386.71,1528.88
2013,4,REG,KC,NYG,31.0,7.0,24.0,1460.4,1507.24,0.5261,1469.87,1497.76
2013,4,REG,MIN,PIT,34.0,27.0,7.0,1469.69,1492.3,0.5607,1478.47,1483.52
2013,4,REG,TB,ARI,10.0,13.0,-3.0,1446.09,1452.35,0.5837,1434.42,1464.02
2013,4,REG,TEN,NYJ,38.0,13.0,25.0,1498.35,1491.4,0.6021,1506.31,1483.44
2013,4,REG,DEN,PHI,52.0,20.0,32.0,1568.14,1449.34,0.7423,1573.29,1444.19
2013,4,REG,LV,WAS,14.0,24.0,-10.0,1442.76,1465.58,0.5604,1431.55,1476.79
2013,4,REG,LAC,DAL,30.0,21.0,9.0,1486.86,1505.88,0.5658,1495.54,1497.2
2013,4,REG,ATL,NE,23.0,30.0,-7.0,1548.39,1597.47,0.5229,1537.94,1607.92
2013,4,REG,NO,MIA,38.0,17.0,21.0,1550.69,1512.41,0.6444,1557.8,1505.3
2013,5,REG,CLE,BUF,37.0,24.0,13.0,1450.63,1460.7,0.5784,1459.06,1452.27
2013,5,REG,CHI,NO,18.0,26.0,-8.0,1536.91,1557.8,0.5631,1525.65,1569.06
2013,5,REG,CIN,NE,13.0,6.0,7.0,1512.61,1607.92,0.4565,1523.48,1597.05
2013,5,REG,GB,DET,22.0,9.0,13.0,1557.53,1476.14,0.699,1563.55,1470.13
2013,5,REG,IND,SEA,34.0,28.0,6.0,1528.88,1562.85,0.5445,1537.99,1553.74
2013,5,REG,MIA,BAL,23.0,26.0,-3.0,1505.3,1569.25,0.5015,1495.27,1579.28
2013,5,REG,NYG,PHI,21.0,36.0,-15.0,1497.76,1444.19,0.6643,1484.47,1457.47
2013,5,REG,LA,JAX,34.0,20.0,14.0,1443.3,1386.71,0.6682,1449.93,1380.07
2013,5,REG,TEN,KC,17.0,26.0,-9.0,1506.31,1469.87,0.642,1493.47,1482.71
2013,5,REG,ARI,CAR,22.0,6.0,16.0,1464.02,1469.52,0.5848,1472.33,1461.22
2013,5,REG,DAL,DEN,48.0,51.0,-3.0,1497.2,1573.29,0.484,1487.52,1582.98
2013,5,REG,SF,HOU,34.0,3.0,31.0,1556.17,1543.48,0.61,1563.97,1535.68
2013,5,REG,LV,LAC,27.0,17.0,10.0,1431.55,1495.54,0.5015,1441.53,1485.57
2013,5,REG,ATL,NYJ,28.0,30.0,-2.0,1537.94,1483.44,0.6655,1524.63,1496.75
2013,6,REG,CHI,NYG,27.0,21.0,6.0,1525.65,1484.47,0.6482,1532.69,1477.44
2013,6,REG,BAL,GB,17.0,19.0,-2.0,1579.28,1563.55,0.6141,1566.99,1575.83
2013,6,REG,BUF,CIN,24.0,27.0,-3.0,1452.27,1523.48,0.4911,1442.45,1533.3
2013,6,REG,CLE,DET,17.0,31.0,-14.0,1459.06,1470.13,0.577,1447.52,1481.67
2013,6,REG,HOU,LA,13.0,38.0,-25.0,1535.68,1449.93,0.7043,1521.59,1464.02
2013,6,REG,KC,LV,24.0,7.0,17.0,1482.71,1441.53,0.6482,1489.75,1434.49
2013,6,REG,MIN,CAR,10.0,35.0,-25.0,1478.47,1461.22,0.6162,1466.15,1473.54
2013,6,REG,NYJ,PIT,6.0,19.0,-13.0,1496.75,1483.52,0.6107,1484.53,1495.73
2013,6,REG,TB,PHI,20.0,31.0,-11.0,1434.42,1457.47,0.5601,1423.21,1468.67
2013,6,REG,DEN,JAX,35.0,19.0,16.0,1582.98,1380.07,0.8238,1586.5,1376.55
2013,6,REG,SEA,TEN,20.0,13.0,7.0,1553.74,1493.47,0.6728,1560.28,1486.93
2013,6,REG,NE,NO,30.0,27.0,3.0,1597.05,1569.06,0.6307,1604.44,1561.68
2013,6,REG,SF,ARI,32.0,20.0,12.0,1563.97,1472.33,0.7113,1569.75,1466.55
2013,6,REG,DAL,WAS,31.0,16.0,15.0,1487.52,1476.79,0.6073,1495.37,1468.94
2013,6,REG,LAC,IND,19.0,9.0,10.0,1485.57,1537.99,0.5181,1495.21,1528.35
2013,7,REG,ARI,SEA,22.0,34.0,-12.0,1466.55,1560.28,0.4588,1457.38,1569.46
2013,7,REG,ATL,TB,31.0,23.0,8.0,1524.63,1423.21,0.7227,1530.17,1417.67
2013,7,REG,CAR,LA,30.0,15.0,15.0,1473.54,1464.02,0.6056,1481.43,1456.13
2013,7,REG,DET,CIN,24.0,27.0,-3.0,1481.67,1533.3,0.5192,1471.28,1543.68
2013,7,REG,JAX,LAC,6.0,24.0,-18.0,1376.55,1495.21,0.4234,1368.08,1503.68
2013,7,REG,MIA,BUF,21.0,23.0,-2.0,1495.27,1442.45,0.6633,1482.0,1455.71
2013,7,REG,NYJ,NE,30.0,27.0,3.0,1484.53,1604.44,0.4216,1496.1,1592.87
2013,7,REG,PHI,DAL,3.0,17.0,-14.0,1468.67,1495.37,0.5549,1457.58,1506.47
2013,7,REG,WAS,CHI,45.0,41.0,4.0,1468.94,1532.69,0.5018,1478.9,1522.72
2013,7,REG,TEN,SF,17.0,31.0,-14.0,1486.93,1569.75,0.4744,1477.44,1579.23
2013,7,REG,GB,CLE,31.0,13.0,18.0,1575.83,1447.52,0.7526,1580.78,1442.57
2013,7,REG,KC,HOU,17.0,16.0,1.0,1489.75,1521.59,0.5476,1498.8,1512.54
2013,7,REG,PIT,BAL,19.0,16.0,3.0,1495.73,1566.99,0.491,1505.91,1556.81
2013,7,REG,IND,DEN,39.0,33.0,6.0,1528.35,1586.5,0.5099,1538.15,1576.7
2013,7,REG,NYG,MIN,23.0,7.0,16.0,1477.44,1466.15,0.6081,1485.28,1458.31
2013,8,REG,TB,CAR,13.0,31.0,-18.0,1417.67,1481.43,0.5018,1407.63,1491.46
2013,8,REG,DET,DAL,31.0,30.0,1.0,1471.28,1506.47,0.5428,1480.42,1497.33
2013,8,REG,JAX,SF,10.0,42.0,-32.0,1368.08,1579.23,0.3013,1362.05,1585.26
2013,8,REG,KC,CLE,23.0,17.0,6.0,1498.8,1442.57,0.6677,1505.44,1435.93
2013,8,REG,NE,MIA,27.0,17.0,10.0,1592.87,1482.0,0.7335,1598.2,1476.67
2013,8,REG,NO,BUF,35.0,17.0,18.0,1561.68,1455.71,0.7279,1567.12,1450.27
2013,8,REG,PHI,NYG,7.0,15.0,-8.0,1457.58,1485.28,0.5535,1446.51,1496.35
2013,8,REG,CIN,NYJ,49.0,9.0,40.0,1543.68,1496.1,0.6566,1550.55,1489.23
2013,8,REG,LV,PIT,21.0,18.0,3.0,1434.49,1505.91,0.4908,1444.67,1495.73
2013,8,REG,ARI,ATL,27.0,13.0,14.0,1457.38,1530.17,0.4888,1467.6,1519.95
2013,8,REG,DEN,WAS,45.0,21.0,24.0,1576.7,1478.9,0.7185,1582.33,1473.27
2013,8,REG,MIN,GB,31.0,44.0,-13.0,1458.31,1580.78,0.418,1449.95,1589.14
2013,8,REG,LA,SEA,9.0,14.0,-5.0,1456.13,1569.46,0.4309,1447.51,1578.07
2013,9,REG,MIA,CIN,22.0,20.0,2.0,1476.67,1550.55,0.4872,1486.93,1540.3
2013,9,REG,BUF,KC,13.0,23.0,-10.0,1450.27,1505.44,0.5141,1439.99,1515.73
2013,9,REG,CAR,ATL,34.0,10.0,24.0,1491.46,1519.95,0.5524,1500.42,1510.99
2013,9,REG,DAL,MIN,27.0,23.0,4.0,1497.33,1449.95,0.6563,1504.2,1443.08
2013,9,REG,NYJ,NO,26.0,20.0,6.0,1489.23,1567.12,0.4815,1499.6,1556.75
2013,9,REG,LA,TEN,21.0,28.0,-7.0,1447.51,1477.44,0.5503,1436.51,1488.44
2013,9,REG,WAS,LAC,30.0,24.0,6.0,1473.27,1503.68,0.5496,1482.28,1494.67
2013,9,REG,LV,PHI,20.0,49.0,-29.0,1444.67,1446.51,0.5899,1432.88,1458.31
2013,9,REG,SEA,TB,27.0,24.0,3.0,1578.07,1407.63,0.795,1582.17,1403.53
2013,9,REG,CLE,BAL,24.0,18.0,6.0,1435.93,1556.81,0.4203,1447.52,1545.22
2013,9,REG,NE,PIT,55.0,31.0,24.0,1598.2,1495.73,0.7239,1603.72,1490.21
2013,9,REG,HOU,IND,24.0,27.0,-3.0,1512.54,1538.15,0.5564,1501.41,1549.28
2013,9,REG,GB,CHI,20.0,27.0,-7.0,1589.14,1522.72,0.6806,1575.53,1536.33
2013,10,REG,MIN,WAS,34.0,27.0,7.0,1443.08,1482.28,0.5371,1452.33,1473.02
2013,10,REG,ATL,SEA,10.0,33.0,-23.0,1510.99,1582.17,0.4911,1501.17,1592.0
2013,10,REG,BAL,CIN,20.0,17.0,3.0,1545.22,1540.3,0.5993,1553.23,1532.28
2013,10,REG,CHI,DET,19.0,21.0,-2.0,1536.33,1480.42,0.6673,1522.99,1493.77
2013,10,REG,GB,PHI,13.0,27.0,-14.0,1575.53,1458.31,0.7406,1560.72,1473.12
2013,10,REG,IND,LA,8.0,38.0,-30.0,1549.28,1436.51,0.7356,1534.57,1451.22
2013,10,REG,NYG,LV,24.0,20.0,4.0,1496.35,1432.88,0.6769,1502.81,1426.41
2013,10,REG,PIT,BUF,23.0,10.0,13.0,1490.21,1439.99,0.66,1497.01,1433.19
2013,10,REG,TEN,JAX,27.0,29.0,-2.0,1488.44,1362.05,0.7506,1473.43,1377.06
2013,10,REG,SF,CAR,9.0,10.0,-1.0,1585.26,1500.42,0.7032,1571.19,1514.48
2013,10,REG,ARI,HOU,27.0,24.0,3.0,1467.6,1501.41,0.5448,1476.71,1492.31
2013,10,REG,LAC,DEN,20.0,28.0,-8.0,1494.67,1582.33,0.4674,1485.32,1591.68
2013,10,REG,NO,DAL,49.0,17.0,32.0,1556.75,1504.2,0.663,1563.49,1497.46
2013,10,REG,TB,MIA,22.0,19.0,3.0,1403.53,1486.93,0.4736,1414.06,1476.4
2013,11,REG,TEN,IND,27.0,30.0,-3.0,1473.43,1534.57,0.5056,1463.32,1544.68
2013,11,REG,BUF,NYJ,37.0,14.0,23.0,1433.19,1499.6,0.498,1443.23,1489.56
2013,11,REG,CHI,BAL,23.0,20.0,3.0,1522.99,1553.23,0.5499,1531.99,1544.23
2013,11,REG,CIN,CLE,41.0,20.0,21.0,1532.28,1447.52,0.7031,1538.22,1441.58
2013,11,REG,HOU,LV,23.0,28.0,-5.0,1492.31,1426.41,0.6799,1478.71,1440.01
2013,11,REG,JAX,ARI,14.0,27.0,-13.0,1377.06,1476.71,0.4503,1368.06,1485.71
2013,11,REG,PHI,WAS,24.0,16.0,8.0,1473.12,1473.02,0.5926,1481.26,1464.87
2013,11,REG,PIT,DET,37.0,27.0,10.0,1497.01,1493.77,0.597,1505.07,1485.71
2013,11,REG,TB,ATL,41.0,28.0,13.0,1414.06,1501.17,0.4682,1424.7,1490.54
2013,11,REG,MIA,LAC,20.0,16.0,4.0,1476.4,1485.32,0.58,1484.8,1476.92
2013,11,REG,NO,SF,23.0,20.0,3.0,1563.49,1571.19,0.5817,1571.85,1562.83
2013,11,REG,NYG,GB,27.0,13.0,14.0,1502.81,1560.72,0.5102,1512.6,1550.92
2013,11,REG,SEA,MIN,41.0,20.0,21.0,1592.0,1452.33,0.7646,1596.7,1447.63
2013,11,REG,DEN,KC,27.0,17.0,10.0,1591.68,1515.73,0.6924,1597.83,1509.57
2013,11,REG,CAR,NE,24.0,20.0,4.0,1514.48,1603.72,0.4652,1525.18,1593.03
2013,12,REG,ATL,NO,13.0,17.0,-4.0,1490.54,1571.85,0.4765,1481.01,1581.38
2013,12,REG,BAL,NYJ,19.0,3.0,16.0,1544.23,1489.56,0.6657,1550.92,1482.88
2013,12,REG,CLE,PIT,11.0,27.0,-16.0,1441.58,1505.07,0.5022,1431.54,1515.11
2013,12,REG,DET,TB,21.0,24.0,-3.0,1485.71,1424.7,0.6738,1472.23,1438.17
2013,12,REG,GB,MIN,26.0,26.0,0.0,1550.92,1447.63,0.7249,1546.42,1452.12
2013,12,REG,HOU,JAX,6.0,13.0,-7.0,1478.71,1368.06,0.7332,1464.05,1382.72
2013,12,REG,KC,LAC,38.0,41.0,-3.0,1509.57,1476.92,0.6369,1496.83,1489.66
2013,12,REG,MIA,CAR,16.0,20.0,-4.0,1484.8,1525.18,0.5354,1474.09,1535.88
2013,12,REG,LA,CHI,42.0,21.0,21.0,1451.22,1531.99,0.4773,1461.67,1521.54
2013,12,REG,ARI,IND,40.0,11.0,29.0,1485.71,1544.68,0.5087,1495.54,1534.85
2013,12,REG,LV,TEN,19.0,23.0,-4.0,1440.01,1463.32,0.5597,1428.82,1474.52
2013,12,REG,NYG,DAL,21.0,24.0,-3.0,1512.6,1497.46,0.6133,1500.34,1509.73
2013,12,REG,NE,DEN,34.0,31.0,3.0,1593.03,1597.83,0.5858,1601.31,1589.54
2013,12,REG,WAS,SF,6.0,27.0,-21.0,1464.87,1562.83,0.4527,1455.82,1571.88
2013,13,REG,DET,GB,40.0,10.0,30.0,1472.23,1546.42,0.4868,1482.5,1536.16
2013,13,REG,DAL,LV,31.0,24.0,7.0,1509.73,1428.82,0.6984,1515.76,1422.79
2013,13,REG,BAL,PIT,22.0,20.0,2.0,1550.92,1515.11,0.6411,1558.09,1507.93
2013,13,REG,CAR,TB,27.0,6.0,21.0,1535.88,1438.17,0.7184,1541.52,1432.54
2013,13,REG,CLE,JAX,28.0,32.0,-4.0,1431.54,1382.72,0.6582,1418.38,1395.89
2013,13,REG,HOU,NE,31.0,34.0,-3.0,1464.05,1601.31,0.3975,1456.1,1609.26
2013,13,REG,IND,TEN,22.0,14.0,8.0,1534.85,1474.52,0.6729,1541.39,1467.97
2013,13,REG,MIN,CHI,23.0,20.0,3.0,1452.12,1521.54,0.4936,1462.25,1511.41
2013,13,REG,NYJ,MIA,3.0,23.0,-20.0,1482.88,1474.09,0.6046,1470.79,1486.18
2013,13,REG,PHI,ARI,24.0,21.0,3.0,1481.26,1495.54,0.5725,1489.81,1486.99
2013,13,REG,BUF,ATL,31.0,34.0,-3.0,1443.23,1481.01,0.5391,1432.45,1491.79
2013,13,REG,SF,LA,23.0,13.0,10.0,1571.88,1461.67,0.7327,1577.23,1456.33
2013,13,REG,KC,DEN,28.0,35.0,-7.0,1496.83,1589.54,0.4602,1487.63,1598.75
2013,13,REG,LAC,CIN,10.0,17.0,-7.0,1489.66,1538.22,0.5236,1479.19,1548.69
2013,13,REG,WAS,NYG,17.0,24.0,-7.0,1455.82,1500.34,0.5294,1445.23,1510.93
2013,13,REG,SEA,NO,34.0,7.0,27.0,1596.7,1581.38,0.6136,1604.43,1573.66
2013,14,REG,JAX,HOU,27.0,20.0,7.0,1395.89,1456.1,0.5069,1405.75,1446.23
2013,14,REG,BAL,MIN,29.0,26.0,3.0,1558.09,1462.25,0.7162,1563.77,1456.58
2013,14,REG,CIN,IND,42.0,28.0,14.0,1548.69,1541.39,0.6026,1556.64,1533.44
2013,14,REG,GB,ATL,22.0,21.0,1.0,1536.16,1491.79,0.6524,1543.11,1484.84
2013,14,REG,NE,CLE,27.0,26.0,1.0,1609.26,1418.38,0.8135,1612.99,1414.65
2013,14,REG,NYJ,LV,37.0,27.0,10.0,1470.79,1422.79,0.6571,1477.64,1415.93
2013,14,REG,PHI,DET,34.0,20.0,14.0,1489.81,1482.5,0.6026,1497.76,1474.55
2013,14,REG,PIT,MIA,28.0,34.0,-6.0,1507.93,1486.18,0.6223,1495.49,1498.63
2013,14,REG,TB,BUF,27.0,6.0,21.0,1432.54,1432.45,0.5926,1440.69,1424.3
2013,14,REG,WAS,KC,10.0,45.0,-35.0,1445.23,1487.63,0.5325,1434.58,1498.28
2013,14,REG,DEN,TEN,51.0,28.0,23.0,1598.75,1467.97,0.7553,1603.64,1463.08
2013,14,REG,ARI,LA,30.0,10.0,20.0,1486.99,1456.33,0.6343,1494.3,1449.01
2013,14,REG,LAC,NYG,37.0,14.0,23.0,1479.19,1510.93,0.5477,1488.23,1501.88
2013,14,REG,SF,SEA,19.0,17.0,2.0,1577.23,1604.43,0.5542,1586.14,1595.52
2013,14,REG,NO,CAR,31.0,13.0,18.0,1573.66,1541.52,0.6363,1580.93,1534.24
2013,14,REG,CHI,DAL,45.0,28.0,17.0,1511.41,1515.76,0.5864,1519.68,1507.49
2013,15,REG,DEN,LAC,20.0,27.0,-7.0,1603.64,1488.23,0.7386,1588.87,1503.01
2013,15,REG,ATL,WAS,27.0,26.0,1.0,1484.84,1434.58,0.66,1491.64,1427.78
2013,15,REG,CLE,CHI,31.0,38.0,-7.0,1414.65,1519.68,0.4426,1405.79,1528.53
2013,15,REG,IND,HOU,25.0,3.0,22.0,1533.44,1446.23,0.706,1539.32,1440.35
2013,15,REG,JAX,BUF,20.0,27.0,-7.0,1405.75,1424.3,0.5664,1394.42,1435.63
2013,15,REG,MIA,NE,24.0,20.0,4.0,1498.63,1612.99,0.4294,1510.04,1601.58
2013,15,REG,MIN,PHI,48.0,30.0,18.0,1456.58,1497.76,0.5342,1465.89,1488.45
2013,15,REG,NYG,SEA,0.0,23.0,-23.0,1501.88,1595.52,0.4589,1492.7,1604.69
2013,15,REG,TB,SF,14.0,33.0,-19.0,1440.69,1586.14,0.3862,1432.96,1593.87
2013,15,REG,CAR,NYJ,30.0,20.0,10.0,1534.24,1477.64,0.6682,1540.88,1471.01
2013,15,REG,LV,KC,31.0,56.0,-25.0,1415.93,1498.28,0.4751,1406.43,1507.78
2013,15,REG,DAL,GB,36.0,37.0,-1.0,1507.49,1543.11,0.5422,1496.64,1553.95
2013,15,REG,LA,NO,27.0,16.0,11.0,1449.01,1580.93,0.4049,1460.92,1569.03
2013,15,REG,TEN,ARI,34.0,37.0,-3.0,1463.08,1494.3,0.5485,1452.11,1505.27
2013,15,REG,PIT,CIN,30.0,20.0,10.0,1495.49,1556.64,0.5055,1505.38,1546.75
2013,15,REG,DET,BAL,16.0,18.0,-2.0,1474.55,1563.77,0.4652,1465.25,1573.07
2013,16,REG,BUF,MIA,19.0,0.0,19.0,1435.63,1510.04,0.4865,1445.9,1499.77
2013,16,REG,CAR,NO,17.0,13.0,4.0,1540.88,1569.03,0.5528,1549.82,1560.08
2013,16,REG,CIN,MIN,42.0,14.0,28.0,1546.75,1465.89,0.6984,1552.78,1459.86
2013,16,REG,HOU,DEN,13.0,37.0,-24.0,1440.35,1588.87,0.3821,1432.71,1596.51
2013,16,REG,JAX,TEN,16.0,20.0,-4.0,1394.42,1452.11,0.5105,1384.21,1462.32
2013,16,REG,KC,IND,7.0,23.0,-16.0,1507.78,1539.32,0.548,1496.82,1550.28
2013,16,REG,NYJ,CLE,24.0,13.0,11.0,1471.01,1405.79,0.6791,1477.42,1399.38
2013,16,REG,LA,TB,23.0,13.0,10.0,1460.92,1432.96,0.6307,1468.3,1425.58
2013,16,REG,WAS,DAL,23.0,24.0,-1.0,1427.78,1496.64,0.4944,1417.89,1506.53
2013,16,REG,DET,NYG,20.0,23.0,-3.0,1465.25,1492.7,0.5538,1454.17,1503.78
2013,16,REG,SEA,ARI,10.0,17.0,-7.0,1604.69,1505.27,0.7204,1590.28,1519.68
2013,16,REG,BAL,NE,7.0,41.0,-34.0,1573.07,1601.58,0.5523,1562.03,1612.63
2013,16,REG,GB,PIT,31.0,38.0,-7.0,1553.95,1505.38,0.6579,1540.8,1518.53
2013,16,REG,LAC,LV,26.0,13.0,13.0,1503.01,1406.43,0.7171,1508.66,1400.77
2013,16,REG,PHI,CHI,54.0,11.0,43.0,1488.45,1528.53,0.5358,1497.73,1519.25
2013,16,REG,SF,ATL,34.0,24.0,10.0,1593.87,1491.64,0.7237,1599.4,1486.11
2013,17,REG,ATL,CAR,20.0,21.0,-1.0,1486.11,1549.82,0.5019,1476.07,1559.86
2013,17,REG,CIN,BAL,34.0,17.0,17.0,1552.78,1562.03,0.5796,1561.19,1553.62
2013,17,REG,IND,JAX,30.0,10.0,20.0,1550.28,1384.21,0.7909,1554.47,1380.03
2013,17,REG,MIA,NYJ,7.0,20.0,-13.0,1499.77,1477.42,0.6231,1487.31,1489.89
2013,17,REG,MIN,DET,14.0,13.0,1.0,1459.86,1454.17,0.6003,1467.85,1446.18
2013,17,REG,NYG,WAS,20.0,6.0,14.0,1503.78,1417.89,0.7044,1509.69,1411.98
2013,17,REG,PIT,CLE,20.0,7.0,13.0,1518.53,1399.38,0.7427,1523.68,1394.23
2013,17,REG,TEN,HOU,16.0,10.0,6.0,1462.32,1432.71,0.6329,1469.66,1425.37
2013,17,REG,ARI,SF,20.0,23.0,-3.0,1519.68,1599.4,0.4788,1510.1,1608.97
2013,17,REG,CHI,GB,28.0,33.0,-5.0,1519.25,1540.8,0.5622,1508.01,1552.04
2013,17,REG,NE,BUF,34.0,20.0,14.0,1612.63,1445.9,0.7915,1616.8,1441.73
2013,17,REG,NO,TB,42.0,17.0,25.0,1560.08,1425.58,0.7592,1564.9,1420.76
2013,17,REG,LV,DEN,14.0,34.0,-20.0,1400.77,1596.51,0.3203,1394.37,1602.92
2013,17,REG,LAC,KC,27.0,24.0,3.0,1508.66,1496.82,0.6088,1516.49,1489.0
2013,17,REG,SEA,LA,27.0,9.0,18.0,1590.28,1468.3,0.7458,1595.37,1463.22
2013,17,REG,DAL,PHI,22.0,24.0,-2.0,1506.53,1497.73,0.6046,1494.44,1509.82
2013,18,WC,IND,KC,45.0,44.0,1.0,1554.47,1489.0,0.6794,1560.88,1482.59
2013,18,WC,PHI,NO,24.0,26.0,-2.0,1509.82,1564.9,0.5143,1499.54,1575.19
2013,18,WC,CIN,LAC,10.0,27.0,-17.0,1561.19,1516.49,0.6528,1548.14,1529.54
2013,18,WC,GB,SF,20.0,23.0,-3.0,1552.04,1608.97,0.5116,1541.81,1619.2
2013,19,DIV,SEA,NO,23.0,15.0,8.0,1595.37,1575.19,0.6202,1602.96,1567.59
2013,19,DIV,NE,IND,43.0,22.0,21.0,1616.8,1560.88,0.6673,1623.45,1554.23
2013,19,DIV,CAR,SF,10.0,23.0,-13.0,1559.86,1619.2,0.5081,1549.7,1629.37
2013,19,DIV,DEN,LAC,24.0,17.0,7.0,1602.92,1529.54,0.6892,1609.13,1523.33
2013,20,CON,DEN,NE,26.0,16.0,10.0,1609.13,1623.45,0.5724,1617.68,1614.9
2013,20,CON,SEA,SF,23.0,17.0,6.0,1602.96,1629.37,0.5553,1611.86,1620.47
2013,21,SB,DEN,SEA,8.0,43.0,-35.0,1617.68,1611.86,0.6005,1605.67,1623.87
2014,1,REG,SEA,GB,36.0,16.0,20.0,1582.58,1527.87,0.6658,1589.26,1521.19
2014,1,REG,ATL,NO,37.0,34.0,3.0,1484.05,1545.06,0.5057,1493.93,1535.17
2014,1,REG,BAL,CIN,16.0,23.0,-7.0,1535.74,1532.09,0.5975,1523.79,1544.04
2014,1,REG,CHI,BUF,20.0,23.0,-3.0,1505.34,1461.15,0.6522,1492.29,1474.2
2014,1,REG,HOU,WAS,17.0,6.0,11.0,1450.25,1441.32,0.6048,1458.15,1433.42
2014,1,REG,KC,TEN,10.0,26.0,-16.0,1488.39,1479.78,0.6044,1476.3,1491.86
2014,1,REG,MIA,NE,33.0,20.0,13.0,1491.54,1576.6,0.4712,1502.11,1566.02
2014,1,REG,NYJ,LV,19.0,14.0,5.0,1493.26,1429.58,0.6772,1499.71,1423.12
2014,1,REG,PHI,JAX,34.0,17.0,17.0,1499.69,1420.02,0.6969,1505.75,1413.96
2014,1,REG,PIT,CLE,30.0,27.0,3.0,1515.79,1429.49,0.7049,1521.69,1423.59
2014,1,REG,LA,MIN,6.0,34.0,-28.0,1475.48,1478.57,0.5882,1463.72,1490.33
2014,1,REG,DAL,SF,17.0,28.0,-11.0,1496.29,1580.32,0.4727,1486.84,1589.77
2014,1,REG,TB,CAR,14.0,20.0,-6.0,1447.17,1533.13,0.4699,1437.78,1542.53
2014,1,REG,DEN,IND,31.0,24.0,7.0,1570.45,1536.15,0.6391,1577.67,1528.93
2014,1,REG,DET,NYG,35.0,14.0,21.0,1464.12,1506.46,0.5326,1473.47,1497.11
2014,1,REG,ARI,LAC,18.0,17.0,1.0,1506.74,1515.55,0.5802,1515.13,1507.16
2014,2,REG,BAL,PIT,26.0,6.0,20.0,1523.79,1521.69,0.5954,1531.89,1513.6
2014,2,REG,BUF,MIA,29.0,10.0,19.0,1474.2,1502.11,0.5532,1483.13,1493.18
2014,2,REG,CAR,DET,24.0,7.0,17.0,1542.53,1473.47,0.6839,1548.85,1467.14
2014,2,REG,CIN,ATL,24.0,10.0,14.0,1544.04,1493.93,0.6598,1550.84,1487.13
2014,2,REG,CLE,NO,26.0,24.0,2.0,1423.59,1535.17,0.4334,1434.92,1523.84
2014,2,REG,MIN,NE,7.0,30.0,-23.0,1490.33,1566.02,0.4846,1480.64,1575.71
2014,2,REG,NYG,ARI,14.0,25.0,-11.0,1497.11,1515.13,0.5672,1485.77,1526.48
2014,2,REG,TEN,DAL,10.0,26.0,-16.0,1491.86,1486.84,0.5994,1479.87,1498.83
2014,2,REG,WAS,JAX,41.0,10.0,31.0,1433.42,1413.96,0.6192,1441.03,1406.34
2014,2,REG,LAC,SEA,30.0,21.0,9.0,1507.16,1589.26,0.4754,1517.65,1578.77
2014,2,REG,TB,LA,17.0,19.0,-2.0,1437.78,1463.72,0.556,1426.66,1474.84
2014,2,REG,DEN,KC,24.0,17.0,7.0,1577.67,1476.3,0.7227,1583.21,1470.76
2014,2,REG,GB,NYJ,31.0,24.0,7.0,1521.19,1499.71,0.6219,1528.75,1492.15
2014,2,REG,LV,HOU,14.0,30.0,-16.0,1423.12,1458.15,0.543,1412.26,1469.01
2014,2,REG,SF,CHI,20.0,28.0,-8.0,1589.77,1492.29,0.7181,1575.41,1506.66
2014,2,REG,IND,PHI,27.0,30.0,-3.0,1528.93,1505.75,0.6242,1516.45,1518.24
2014,3,REG,ATL,TB,56.0,14.0,42.0,1487.13,1426.66,0.6731,1493.67,1420.12
2014,3,REG,BUF,LAC,10.0,22.0,-12.0,1483.13,1517.65,0.5438,1472.26,1528.52
2014,3,REG,CIN,TEN,33.0,7.0,26.0,1550.84,1479.87,0.6863,1557.12,1473.6
2014,3,REG,CLE,BAL,21.0,23.0,-2.0,1434.92,1531.89,0.4541,1425.84,1540.97
2014,3,REG,DET,GB,19.0,7.0,12.0,1467.14,1528.75,0.5049,1477.05,1518.85
2014,3,REG,JAX,IND,17.0,44.0,-27.0,1406.34,1516.45,0.4354,1397.63,1525.16
2014,3,REG,NE,LV,16.0,9.0,7.0,1575.71,1412.26,0.7884,1579.95,1408.03
2014,3,REG,NO,MIN,20.0,9.0,11.0,1523.84,1480.64,0.6509,1530.82,1473.66
2014,3,REG,NYG,HOU,30.0,17.0,13.0,1485.77,1469.01,0.6155,1493.46,1461.32
2014,3,REG,PHI,WAS,37.0,34.0,3.0,1518.24,1441.03,0.6939,1524.36,1434.91
2014,3,REG,LA,DAL,31.0,34.0,-3.0,1474.84,1498.83,0.5587,1463.66,1510.0
2014,3,REG,ARI,SF,23.0,14.0,9.0,1526.48,1575.41,0.5231,1536.01,1565.87
2014,3,REG,MIA,KC,15.0,34.0,-19.0,1493.18,1470.76,0.6232,1480.71,1483.22
2014,3,REG,SEA,DEN,26.0,20.0,6.0,1578.77,1583.21,0.5863,1587.05,1574.94
2014,3,REG,CAR,PIT,19.0,37.0,-18.0,1548.85,1513.6,0.6404,1536.04,1526.4
2014,3,REG,NYJ,CHI,19.0,27.0,-8.0,1492.15,1506.66,0.5722,1480.71,1518.1
2014,4,REG,WAS,NYG,14.0,45.0,-31.0,1434.91,1493.46,0.5093,1424.73,1503.64
2014,4,REG,BAL,CAR,38.0,10.0,28.0,1540.97,1536.04,0.5993,1548.98,1528.03
2014,4,REG,CHI,GB,17.0,38.0,-21.0,1518.1,1518.85,0.5914,1506.27,1530.67
2014,4,REG,HOU,BUF,23.0,17.0,6.0,1461.32,1472.26,0.5772,1469.78,1463.8
2014,4,REG,IND,TEN,41.0,17.0,24.0,1525.16,1473.6,0.6617,1531.92,1466.83
2014,4,REG,NYJ,DET,17.0,24.0,-7.0,1480.71,1477.05,0.5975,1468.76,1489.0
2014,4,REG,LV,MIA,14.0,38.0,-24.0,1408.03,1480.71,0.4889,1398.25,1490.49
2014,4,REG,PIT,TB,24.0,27.0,-3.0,1526.4,1420.12,0.7283,1511.84,1434.69
2014,4,REG,LAC,JAX,33.0,14.0,19.0,1528.52,1397.63,0.7554,1533.41,1392.74
2014,4,REG,MIN,ATL,41.0,28.0,13.0,1473.66,1493.67,0.5644,1482.37,1484.96
2014,4,REG,SF,PHI,26.0,21.0,5.0,1565.87,1524.36,0.6487,1572.9,1517.33
2014,4,REG,DAL,NO,38.0,17.0,21.0,1510.0,1530.82,0.5632,1518.74,1522.09
2014,4,REG,KC,NE,41.0,14.0,27.0,1483.22,1579.95,0.4545,1494.13,1569.04
2014,5,REG,GB,MIN,42.0,10.0,32.0,1530.67,1482.37,0.6575,1537.52,1475.52
2014,5,REG,CAR,CHI,31.0,24.0,7.0,1528.03,1506.27,0.6223,1535.58,1498.72
2014,5,REG,DAL,HOU,20.0,17.0,3.0,1518.74,1469.78,0.6584,1525.57,1462.95
2014,5,REG,DET,BUF,14.0,17.0,-3.0,1489.0,1463.8,0.627,1476.46,1476.34
2014,5,REG,IND,BAL,20.0,13.0,7.0,1531.92,1548.98,0.5686,1540.55,1540.35
2014,5,REG,JAX,PIT,9.0,17.0,-8.0,1392.74,1511.84,0.4228,1384.28,1520.29
2014,5,REG,NO,TB,37.0,31.0,6.0,1522.09,1434.69,0.7063,1527.96,1428.81
2014,5,REG,NYG,ATL,30.0,20.0,10.0,1503.64,1484.96,0.6182,1511.28,1477.32
2014,5,REG,PHI,LA,34.0,28.0,6.0,1517.33,1463.66,0.6644,1524.04,1456.95
2014,5,REG,TEN,CLE,28.0,29.0,-1.0,1466.83,1425.84,0.648,1453.87,1438.8
2014,5,REG,DEN,ARI,41.0,20.0,21.0,1574.94,1536.01,0.6453,1582.03,1528.92
2014,5,REG,LAC,NYJ,31.0,0.0,31.0,1533.41,1468.76,0.6784,1539.85,1462.33
2014,5,REG,SF,KC,22.0,17.0,5.0,1572.9,1494.13,0.6958,1578.98,1488.05
2014,5,REG,NE,CIN,43.0,17.0,26.0,1569.04,1557.12,0.6089,1576.86,1549.3
2014,5,REG,WAS,SEA,17.0,27.0,-10.0,1424.73,1587.05,0.3635,1417.46,1594.32
2014,6,REG,HOU,IND,28.0,33.0,-5.0,1462.95,1540.55,0.4819,1453.31,1550.19
2014,6,REG,BUF,NE,22.0,37.0,-15.0,1476.34,1576.86,0.4491,1467.36,1585.84
2014,6,REG,CIN,CAR,37.0,37.0,0.0,1549.3,1535.58,0.6114,1547.07,1537.81
2014,6,REG,CLE,PIT,31.0,10.0,21.0,1438.8,1520.29,0.4763,1449.27,1509.82
2014,6,REG,MIA,GB,24.0,27.0,-3.0,1490.49,1537.52,0.5258,1479.98,1548.04
2014,6,REG,MIN,DET,3.0,17.0,-14.0,1475.52,1476.46,0.5912,1463.7,1488.28
2014,6,REG,NYJ,DEN,17.0,31.0,-14.0,1462.33,1582.03,0.4219,1453.89,1590.47
2014,6,REG,TB,BAL,17.0,48.0,-31.0,1428.81,1540.35,0.4334,1420.14,1549.02
2014,6,REG,TEN,JAX,16.0,14.0,2.0,1453.87,1384.28,0.6846,1460.18,1377.98
2014,6,REG,LV,LAC,28.0,31.0,-3.0,1398.25,1539.85,0.3915,1390.42,1547.68
2014,6,REG,ARI,WAS,30.0,20.0,10.0,1528.92,1417.46,0.7342,1534.24,1412.14
2014,6,REG,ATL,CHI,13.0,27.0,-14.0,1477.32,1498.72,0.5624,1466.07,1509.97
2014,6,REG,SEA,DAL,23.0,30.0,-7.0,1594.32,1525.57,0.6835,1580.65,1539.24
2014,6,REG,PHI,NYG,27.0,0.0,27.0,1524.04,1511.28,0.6101,1531.84,1503.48
2014,6,REG,LA,SF,17.0,31.0,-14.0,1456.95,1578.98,0.4187,1448.58,1587.35
2014,7,REG,NE,NYJ,27.0,25.0,2.0,1585.84,1453.89,0.7565,1590.71,1449.02
2014,7,REG,BAL,ATL,29.0,7.0,22.0,1549.02,1466.07,0.7009,1555.0,1460.09
2014,7,REG,BUF,MIN,17.0,16.0,1.0,1467.36,1463.7,0.5975,1475.41,1455.65
2014,7,REG,CHI,MIA,14.0,27.0,-13.0,1509.97,1479.98,0.6334,1497.3,1492.64
2014,7,REG,DET,NO,24.0,23.0,1.0,1488.28,1527.96,0.5364,1497.55,1518.69
2014,7,REG,GB,CAR,38.0,17.0,21.0,1548.04,1537.81,0.6066,1555.91,1529.94
2014,7,REG,IND,CIN,27.0,0.0,27.0,1550.19,1547.07,0.5968,1558.25,1539.01
2014,7,REG,JAX,CLE,24.0,6.0,18.0,1377.98,1449.27,0.4909,1388.16,1439.09
2014,7,REG,LA,SEA,28.0,26.0,2.0,1448.58,1580.65,0.4047,1460.48,1568.74
2014,7,REG,WAS,TEN,19.0,17.0,2.0,1412.14,1460.18,0.5244,1421.65,1450.67
2014,7,REG,LAC,KC,20.0,23.0,-3.0,1547.68,1488.05,0.672,1534.24,1501.49
2014,7,REG,DAL,NYG,31.0,21.0,10.0,1539.24,1503.48,0.6411,1546.42,1496.3
2014,7,REG,LV,ARI,13.0,24.0,-11.0,1390.42,1534.24,0.3885,1382.65,1542.01
2014,7,REG,DEN,SF,42.0,17.0,25.0,1590.47,1587.35,0.5968,1598.54,1579.29
2014,7,REG,PIT,HOU,30.0,23.0,7.0,1509.82,1453.31,0.6681,1516.46,1446.67
2014,8,REG,DEN,LAC,35.0,21.0,14.0,1598.54,1534.24,0.6779,1604.98,1527.8
2014,8,REG,ATL,DET,21.0,22.0,-1.0,1460.09,1497.55,0.5395,1449.3,1508.35
2014,8,REG,CAR,SEA,9.0,13.0,-4.0,1529.94,1568.74,0.5376,1519.19,1579.49
2014,8,REG,CIN,BAL,27.0,24.0,3.0,1539.01,1555.0,0.5701,1547.6,1546.4
2014,8,REG,JAX,MIA,13.0,27.0,-14.0,1388.16,1492.64,0.4434,1379.29,1501.51
2014,8,REG,KC,LA,34.0,7.0,27.0,1501.49,1460.48,0.648,1508.53,1453.44
2014,8,REG,NE,CHI,51.0,23.0,28.0,1590.71,1497.3,0.7134,1596.44,1491.57
2014,8,REG,NYJ,BUF,23.0,43.0,-20.0,1449.02,1475.41,0.5553,1437.91,1486.51
2014,8,REG,TB,MIN,13.0,19.0,-6.0,1420.14,1455.65,0.5423,1409.3,1466.49
2014,8,REG,TEN,HOU,16.0,30.0,-14.0,1450.67,1446.67,0.598,1438.71,1458.63
2014,8,REG,ARI,PHI,24.0,20.0,4.0,1542.01,1531.84,0.6065,1549.88,1523.97
2014,8,REG,CLE,LV,23.0,13.0,10.0,1439.09,1382.65,0.668,1445.73,1376.01
2014,8,REG,PIT,IND,51.0,34.0,17.0,1516.46,1558.25,0.5333,1525.79,1548.92
2014,8,REG,NO,GB,44.0,23.0,21.0,1518.69,1555.91,0.5399,1527.89,1546.71
2014,8,REG,DAL,WAS,17.0,20.0,-3.0,1546.42,1421.65,0.7488,1531.44,1436.63
2014,9,REG,CAR,NO,10.0,28.0,-18.0,1519.19,1527.89,0.5803,1507.58,1539.5
2014,9,REG,CIN,JAX,33.0,23.0,10.0,1547.6,1379.29,0.793,1551.74,1375.15
2014,9,REG,CLE,TB,22.0,17.0,5.0,1445.73,1409.3,0.642,1452.89,1402.13
2014,9,REG,DAL,ARI,17.0,28.0,-11.0,1531.44,1549.88,0.5666,1520.11,1561.21
2014,9,REG,HOU,PHI,21.0,31.0,-10.0,1458.63,1523.97,0.4995,1448.64,1533.96
2014,9,REG,KC,NYJ,24.0,10.0,14.0,1508.53,1437.91,0.6858,1514.81,1431.63
2014,9,REG,MIA,LAC,37.0,0.0,37.0,1501.51,1527.8,0.5555,1510.4,1518.91
2014,9,REG,MIN,WAS,29.0,26.0,3.0,1466.49,1436.63,0.6332,1473.83,1429.29
2014,9,REG,SF,LA,10.0,13.0,-3.0,1579.29,1453.44,0.75,1564.29,1468.44
2014,9,REG,NE,DEN,43.0,21.0,22.0,1596.44,1604.98,0.5806,1604.83,1596.59
2014,9,REG,SEA,LV,30.0,24.0,6.0,1579.49,1376.01,0.8243,1583.01,1372.49
2014,9,REG,PIT,BAL,43.0,23.0,20.0,1525.79,1546.4,0.5635,1534.52,1537.68
2014,9,REG,NYG,IND,24.0,40.0,-16.0,1496.3,1548.92,0.5178,1485.95,1559.28
2014,10,REG,CIN,CLE,3.0,24.0,-21.0,1551.74,1452.89,0.7198,1537.35,1467.29
2014,10,REG,BAL,TEN,21.0,7.0,14.0,1537.68,1438.71,0.7199,1543.28,1433.11
2014,10,REG,BUF,KC,13.0,17.0,-4.0,1486.51,1514.81,0.5526,1475.46,1525.86
2014,10,REG,DET,MIA,20.0,16.0,4.0,1508.35,1510.4,0.5896,1516.55,1502.19
2014,10,REG,JAX,DAL,17.0,31.0,-14.0,1375.15,1520.11,0.3869,1367.41,1527.85
2014,10,REG,NO,SF,24.0,27.0,-3.0,1539.5,1564.29,0.5576,1528.35,1575.44
2014,10,REG,NYJ,PIT,20.0,13.0,7.0,1431.63,1534.52,0.4457,1442.72,1523.43
2014,10,REG,TB,ATL,17.0,27.0,-10.0,1402.13,1449.3,0.5256,1391.62,1459.81
2014,10,REG,LV,DEN,17.0,41.0,-24.0,1372.49,1596.59,0.2858,1366.78,1602.3
2014,10,REG,ARI,LA,31.0,14.0,17.0,1561.21,1468.44,0.7126,1566.96,1462.7
2014,10,REG,SEA,NYG,38.0,17.0,21.0,1583.01,1485.95,0.7177,1588.65,1480.3
2014,10,REG,GB,CHI,55.0,14.0,41.0,1546.71,1491.57,0.6663,1553.38,1484.89
2014,10,REG,PHI,CAR,45.0,21.0,24.0,1533.96,1507.58,0.6286,1541.39,1500.15
2014,11,REG,MIA,BUF,22.0,9.0,13.0,1502.19,1475.46,0.629,1509.61,1468.04
2014,11,REG,CAR,ATL,17.0,19.0,-2.0,1500.15,1459.81,0.6471,1487.21,1472.75
2014,11,REG,CHI,MIN,21.0,13.0,8.0,1484.89,1473.83,0.6077,1492.74,1465.98
2014,11,REG,CLE,HOU,7.0,23.0,-16.0,1467.29,1448.64,0.6181,1454.92,1461.0
2014,11,REG,KC,SEA,24.0,20.0,4.0,1525.86,1588.65,0.5032,1535.8,1578.72
2014,11,REG,NO,CIN,10.0,27.0,-17.0,1528.35,1537.35,0.5799,1516.75,1548.95
2014,11,REG,NYG,SF,10.0,16.0,-6.0,1480.3,1575.44,0.4567,1471.17,1584.57
2014,11,REG,LA,DEN,22.0,7.0,15.0,1462.7,1602.3,0.3942,1474.81,1590.19
2014,11,REG,WAS,TB,7.0,27.0,-20.0,1429.29,1391.62,0.6436,1416.42,1404.49
2014,11,REG,LAC,LV,13.0,6.0,7.0,1518.91,1366.78,0.7773,1523.36,1362.32
2014,11,REG,ARI,DET,14.0,6.0,8.0,1566.96,1516.55,0.6602,1573.75,1509.76
2014,11,REG,GB,PHI,53.0,20.0,33.0,1553.38,1541.39,0.609,1561.2,1533.57
2014,11,REG,IND,NE,20.0,42.0,-22.0,1559.28,1604.83,0.528,1548.72,1615.39
2014,11,REG,TEN,PIT,24.0,27.0,-3.0,1433.11,1523.43,0.4636,1423.84,1532.71
2014,12,REG,LV,KC,24.0,20.0,4.0,1362.32,1535.8,0.3488,1375.35,1522.78
2014,12,REG,ATL,CLE,24.0,26.0,-2.0,1472.75,1454.92,0.617,1460.41,1467.26
2014,12,REG,CHI,TB,21.0,13.0,8.0,1492.74,1404.49,0.7073,1498.59,1398.64
2014,12,REG,HOU,CIN,13.0,22.0,-9.0,1461.0,1548.95,0.467,1451.66,1558.29
2014,12,REG,IND,JAX,23.0,3.0,20.0,1548.72,1367.41,0.805,1552.62,1363.51
2014,12,REG,MIN,GB,21.0,24.0,-3.0,1465.98,1561.2,0.4566,1456.85,1570.33
2014,12,REG,NE,DET,34.0,9.0,25.0,1615.39,1509.76,0.7276,1620.84,1504.31
2014,12,REG,PHI,TEN,43.0,24.0,19.0,1533.57,1423.84,0.7322,1538.93,1418.48
2014,12,REG,LAC,LA,27.0,24.0,3.0,1523.36,1474.81,0.6578,1530.2,1467.97
2014,12,REG,SEA,ARI,19.0,3.0,16.0,1578.72,1573.75,0.5994,1586.73,1565.74
2014,12,REG,DEN,MIA,39.0,36.0,3.0,1590.19,1509.61,0.698,1596.23,1503.57
2014,12,REG,SF,WAS,17.0,13.0,4.0,1584.57,1416.42,0.7928,1588.72,1412.28
2014,12,REG,NYG,DAL,28.0,31.0,-3.0,1471.17,1527.85,0.512,1460.93,1538.09
2014,12,REG,BUF,NYJ,38.0,3.0,35.0,1468.04,1442.72,0.6271,1475.5,1435.26
2014,12,REG,NO,BAL,27.0,34.0,-7.0,1516.75,1543.28,0.5551,1505.65,1554.38
2014,13,REG,DET,CHI,34.0,17.0,17.0,1504.31,1498.59,0.6004,1512.3,1490.6
2014,13,REG,DAL,PHI,10.0,33.0,-23.0,1538.09,1538.93,0.5913,1526.26,1550.75
2014,13,REG,SF,SEA,3.0,19.0,-16.0,1588.72,1586.73,0.5952,1576.81,1598.64
2014,13,REG,BAL,LAC,33.0,34.0,-1.0,1554.38,1530.2,0.6256,1541.87,1542.71
2014,13,REG,BUF,CLE,26.0,10.0,16.0,1475.5,1467.26,0.6039,1483.42,1459.34
2014,13,REG,HOU,TEN,45.0,21.0,24.0,1451.66,1418.48,0.6376,1458.91,1411.23
2014,13,REG,IND,WAS,49.0,27.0,22.0,1552.62,1412.28,0.7653,1557.31,1407.58
2014,13,REG,JAX,NYG,25.0,24.0,1.0,1363.51,1460.93,0.4535,1374.44,1450.0
2014,13,REG,MIN,CAR,31.0,13.0,18.0,1456.85,1487.21,0.5497,1465.86,1478.2
2014,13,REG,PIT,NO,32.0,35.0,-3.0,1532.71,1505.65,0.6295,1520.12,1518.24
2014,13,REG,LA,LV,52.0,0.0,52.0,1467.97,1375.35,0.7125,1473.72,1369.6
2014,13,REG,TB,CIN,13.0,14.0,-1.0,1398.64,1558.29,0.3671,1391.3,1565.63
2014,13,REG,ATL,ARI,29.0,18.0,11.0,1460.41,1565.74,0.4422,1471.57,1554.58
2014,13,REG,GB,NE,26.0,21.0,5.0,1570.33,1620.84,0.5208,1579.92,1611.26
2014,13,REG,KC,DEN,16.0,29.0,-13.0,1522.78,1596.23,0.4878,1513.02,1605.99
2014,13,REG,NYJ,MIA,13.0,16.0,-3.0,1435.26,1503.57,0.4952,1425.35,1513.48
2014,14,REG,CHI,DAL,28.0,41.0,-13.0,1490.6,1526.26,0.5421,1479.76,1537.1
2014,14,REG,CIN,PIT,21.0,42.0,-21.0,1565.63,1520.12,0.6539,1552.55,1533.19
2014,14,REG,CLE,IND,24.0,25.0,-1.0,1459.34,1557.31,0.4527,1450.29,1566.36
2014,14,REG,DET,TB,34.0,17.0,17.0,1512.3,1391.3,0.7447,1517.41,1386.19
2014,14,REG,JAX,HOU,13.0,27.0,-14.0,1374.44,1458.91,0.472,1365.0,1468.35
2014,14,REG,MIA,BAL,13.0,28.0,-15.0,1513.48,1541.87,0.5525,1502.43,1552.92
2014,14,REG,MIN,NYJ,30.0,24.0,6.0,1465.86,1425.35,0.6473,1472.91,1418.3
2014,14,REG,NO,CAR,10.0,41.0,-31.0,1518.24,1478.2,0.6467,1505.3,1491.14
2014,14,REG,TEN,NYG,7.0,36.0,-29.0,1411.23,1450.0,0.5377,1400.48,1460.75
2014,14,REG,WAS,LA,0.0,24.0,-24.0,1407.58,1473.72,0.4984,1397.62,1483.68
2014,14,REG,ARI,KC,17.0,14.0,3.0,1554.58,1513.02,0.6487,1561.61,1505.99
2014,14,REG,DEN,BUF,24.0,17.0,7.0,1605.99,1483.42,0.7464,1611.06,1478.35
2014,14,REG,LV,SF,24.0,13.0,11.0,1369.6,1576.81,0.306,1383.48,1562.93
2014,14,REG,PHI,SEA,14.0,24.0,-10.0,1550.75,1598.64,0.5246,1540.26,1609.13
2014,14,REG,LAC,NE,14.0,23.0,-9.0,1542.71,1611.26,0.4949,1532.82,1621.15
2014,14,REG,GB,ATL,43.0,37.0,6.0,1579.92,1471.57,0.7306,1585.3,1466.18
2014,15,REG,LA,ARI,6.0,12.0,-6.0,1483.68,1561.61,0.4814,1474.06,1571.24
2014,15,REG,ATL,PIT,20.0,27.0,-7.0,1466.18,1533.19,0.4971,1456.24,1543.14
2014,15,REG,BAL,JAX,20.0,12.0,8.0,1552.92,1365.0,0.8109,1556.7,1361.22
2014,15,REG,BUF,GB,21.0,13.0,8.0,1478.35,1585.3,0.4399,1489.55,1574.1
2014,15,REG,CAR,TB,19.0,17.0,2.0,1491.14,1386.19,0.7268,1496.6,1380.73
2014,15,REG,CLE,CIN,0.0,30.0,-30.0,1450.29,1552.55,0.4466,1441.35,1561.48
2014,15,REG,IND,HOU,17.0,10.0,7.0,1566.36,1468.35,0.7188,1571.99,1462.72
2014,15,REG,KC,LV,31.0,13.0,18.0,1505.99,1383.48,0.7464,1511.07,1378.4
2014,15,REG,NE,MIA,41.0,13.0,28.0,1621.15,1502.43,0.7422,1626.31,1497.27
2014,15,REG,NYG,WAS,24.0,13.0,11.0,1460.75,1397.62,0.6765,1467.22,1391.15
2014,15,REG,LAC,DEN,10.0,22.0,-12.0,1532.82,1611.06,0.481,1523.2,1620.68
2014,15,REG,TEN,NYJ,11.0,16.0,-5.0,1400.48,1418.3,0.5675,1389.13,1429.65
2014,15,REG,DET,MIN,16.0,14.0,2.0,1517.41,1472.91,0.6526,1524.36,1465.96
2014,15,REG,SEA,SF,17.0,7.0,10.0,1609.13,1562.93,0.6548,1616.03,1556.03
2014,15,REG,PHI,DAL,27.0,38.0,-11.0,1540.26,1537.1,0.5968,1528.32,1549.04
2014,15,REG,CHI,NO,15.0,31.0,-16.0,1479.76,1505.3,0.5565,1468.63,1516.43
2014,16,REG,JAX,TEN,21.0,13.0,8.0,1361.22,1389.13,0.5532,1370.15,1380.19
2014,16,REG,WAS,PHI,27.0,24.0,3.0,1391.15,1528.32,0.3976,1403.19,1516.28
2014,16,REG,SF,LAC,35.0,38.0,-3.0,1556.03,1523.2,0.6372,1543.29,1535.94
2014,16,REG,CAR,CLE,17.0,13.0,4.0,1496.6,1441.35,0.6665,1503.27,1434.68
2014,16,REG,CHI,DET,14.0,20.0,-6.0,1468.63,1524.36,0.5133,1458.36,1534.62
2014,16,REG,HOU,BAL,25.0,13.0,12.0,1462.72,1556.7,0.4584,1473.56,1545.87
2014,16,REG,MIA,MIN,37.0,35.0,2.0,1497.27,1465.96,0.6352,1504.57,1458.67
2014,16,REG,NO,ATL,14.0,30.0,-16.0,1516.43,1456.24,0.6728,1502.98,1469.69
2014,16,REG,NYJ,NE,16.0,17.0,-1.0,1429.65,1626.31,0.3191,1423.27,1632.69
2014,16,REG,PIT,KC,20.0,12.0,8.0,1543.14,1511.07,0.6362,1550.41,1503.79
2014,16,REG,TB,GB,3.0,20.0,-17.0,1380.73,1574.1,0.3232,1374.26,1580.57
2014,16,REG,LA,NYG,27.0,37.0,-10.0,1474.06,1467.22,0.6019,1462.02,1479.26
2014,16,REG,DAL,IND,42.0,7.0,35.0,1549.04,1571.99,0.5602,1557.84,1563.19
2014,16,REG,LV,BUF,26.0,24.0,2.0,1378.4,1489.55,0.434,1389.72,1478.23
2014,16,REG,ARI,SEA,6.0,35.0,-29.0,1571.24,1616.03,0.529,1560.66,1626.61
2014,16,REG,CIN,DEN,37.0,28.0,9.0,1561.48,1620.68,0.5084,1571.32,1610.84
2014,17,REG,BAL,CLE,20.0,10.0,10.0,1545.87,1434.68,0.7338,1551.19,1429.36
2014,17,REG,HOU,JAX,23.0,17.0,6.0,1473.56,1370.15,0.725,1479.06,1364.65
2014,17,REG,KC,LAC,19.0,7.0,12.0,1503.79,1535.94,0.5471,1512.85,1526.88
2014,17,REG,MIA,NYJ,24.0,37.0,-13.0,1504.57,1423.27,0.6989,1490.59,1437.25
2014,17,REG,MIN,CHI,13.0,9.0,4.0,1458.67,1458.36,0.5929,1466.81,1450.22
2014,17,REG,NE,BUF,9.0,17.0,-8.0,1632.69,1478.23,0.7796,1617.1,1493.82
2014,17,REG,NYG,PHI,26.0,34.0,-8.0,1479.26,1516.28,0.5402,1468.45,1527.08
2014,17,REG,TB,NO,20.0,23.0,-3.0,1374.26,1502.98,0.4093,1366.08,1511.16
2014,17,REG,TEN,IND,10.0,27.0,-17.0,1380.19,1563.19,0.3364,1373.46,1569.92
2014,17,REG,WAS,DAL,17.0,44.0,-27.0,1403.19,1557.84,0.3738,1395.72,1565.31
2014,17,REG,ATL,CAR,3.0,34.0,-31.0,1469.69,1503.27,0.5451,1458.79,1514.18
2014,17,REG,DEN,LV,47.0,14.0,33.0,1610.84,1389.72,0.8385,1614.07,1386.49
2014,17,REG,GB,DET,30.0,20.0,10.0,1580.57,1534.62,0.6544,1587.48,1527.71
2014,17,REG,SEA,LA,20.0,6.0,14.0,1626.61,1462.02,0.7895,1630.82,1457.81
2014,17,REG,SF,ARI,20.0,17.0,3.0,1543.29,1560.66,0.5681,1551.92,1552.02
2014,17,REG,PIT,CIN,27.0,17.0,10.0,1550.41,1571.32,0.5631,1559.15,1562.58
2014,18,WC,CAR,ARI,27.0,16.0,11.0,1514.18,1552.02,0.539,1523.4,1542.8
2014,18,WC,PIT,BAL,17.0,30.0,-13.0,1559.15,1551.19,0.6035,1547.08,1563.26
2014,18,WC,IND,CIN,26.0,10.0,16.0,1569.92,1562.58,0.6026,1577.87,1554.63
2014,18,WC,DAL,DET,24.0,20.0,4.0,1565.31,1527.71,0.6435,1572.44,1520.58
2014,19,DIV,NE,BAL,35.0,31.0,4.0,1617.1,1563.26,0.6647,1623.81,1556.55
2014,19,DIV,SEA,CAR,31.0,17.0,14.0,1630.82,1523.4,0.7296,1636.23,1517.99
2014,19,DIV,GB,DAL,26.0,21.0,5.0,1587.48,1572.44,0.6132,1595.21,1564.71
2014,19,DIV,DEN,IND,13.0,24.0,-11.0,1614.07,1577.87,0.6417,1601.24,1590.7
2014,20,CON,SEA,GB,28.0,22.0,6.0,1636.23,1595.21,0.648,1643.27,1588.17
2014,20,CON,NE,IND,45.0,7.0,38.0,1623.81,1590.7,0.6375,1631.06,1583.45
2014,21,SB,SEA,NE,24.0,28.0,-4.0,1643.27,1631.06,0.6093,1631.09,1643.24
2015,1,REG,NE,PIT,28.0,21.0,7.0,1595.49,1531.39,0.6777,1601.94,1524.94
2015,1,REG,BUF,IND,27.0,14.0,13.0,1495.88,1555.64,0.5076,1505.73,1545.79
2015,1,REG,CHI,GB,23.0,31.0,-8.0,1466.81,1558.78,0.4613,1457.59,1568.01
2015,1,REG,HOU,KC,20.0,27.0,-7.0,1486.04,1508.56,0.5608,1474.82,1519.78
2015,1,REG,JAX,CAR,9.0,20.0,-11.0,1409.77,1511.99,0.4466,1400.84,1520.92
2015,1,REG,NYJ,CLE,31.0,10.0,21.0,1458.16,1452.91,0.5998,1466.17,1444.9
2015,1,REG,LA,SEA,34.0,31.0,3.0,1471.87,1587.39,0.4278,1483.32,1575.95
2015,1,REG,WAS,MIA,10.0,17.0,-7.0,1430.48,1493.73,0.5025,1420.43,1503.78
2015,1,REG,ARI,NO,31.0,19.0,12.0,1528.53,1507.44,0.6214,1536.1,1499.87
2015,1,REG,LAC,DET,33.0,28.0,5.0,1517.92,1513.72,0.5983,1525.96,1505.69
2015,1,REG,DEN,BAL,19.0,13.0,6.0,1567.49,1537.7,0.6331,1574.83,1530.37
2015,1,REG,LV,CIN,13.0,33.0,-20.0,1424.33,1536.42,0.4326,1415.68,1545.07
2015,1,REG,TB,TEN,14.0,42.0,-28.0,1410.72,1415.64,0.5856,1399.01,1427.36
2015,1,REG,DAL,NYG,27.0,26.0,1.0,1543.14,1478.97,0.6778,1549.58,1472.53
2015,1,REG,ATL,PHI,26.0,24.0,2.0,1472.53,1518.05,0.528,1481.97,1508.61
2015,1,REG,SF,MIN,20.0,3.0,17.0,1534.62,1477.87,0.6684,1541.25,1471.24
2015,2,REG,KC,DEN,24.0,31.0,-7.0,1519.78,1574.83,0.5143,1509.49,1585.12
2015,2,REG,BUF,NE,32.0,40.0,-8.0,1505.73,1601.94,0.4552,1496.63,1611.04
2015,2,REG,CAR,HOU,24.0,17.0,7.0,1520.92,1474.82,0.6547,1527.83,1467.91
2015,2,REG,CHI,ARI,23.0,48.0,-25.0,1457.59,1536.1,0.4806,1447.98,1545.71
2015,2,REG,CIN,LAC,24.0,19.0,5.0,1545.07,1525.96,0.6187,1552.7,1518.33
2015,2,REG,CLE,TEN,28.0,14.0,14.0,1444.9,1427.36,0.6166,1452.57,1419.69
2015,2,REG,MIN,DET,26.0,16.0,10.0,1471.24,1505.69,0.5439,1480.36,1496.56
2015,2,REG,NO,TB,19.0,26.0,-7.0,1499.87,1399.01,0.7221,1485.43,1413.45
2015,2,REG,NYG,ATL,20.0,24.0,-4.0,1472.53,1481.97,0.5793,1460.94,1493.55
2015,2,REG,PIT,SF,43.0,18.0,25.0,1524.94,1541.25,0.5696,1533.55,1532.64
2015,2,REG,WAS,LA,24.0,10.0,14.0,1420.43,1483.32,0.503,1430.37,1473.38
2015,2,REG,JAX,MIA,23.0,20.0,3.0,1400.84,1503.78,0.4456,1411.92,1492.69
2015,2,REG,LV,BAL,37.0,33.0,4.0,1415.68,1530.37,0.429,1427.1,1518.94
2015,2,REG,PHI,DAL,10.0,20.0,-10.0,1508.61,1549.58,0.5345,1497.92,1560.27
2015,2,REG,GB,SEA,27.0,17.0,10.0,1568.01,1575.95,0.5814,1576.38,1567.57
2015,2,REG,IND,NYJ,7.0,20.0,-13.0,1545.79,1466.17,0.6969,1531.85,1480.11
2015,3,REG,NYG,WAS,32.0,21.0,11.0,1460.94,1430.37,0.6342,1468.26,1423.05
2015,3,REG,BAL,CIN,24.0,28.0,-4.0,1518.94,1552.7,0.5448,1508.05,1563.6
2015,3,REG,CAR,NO,27.0,22.0,5.0,1527.83,1485.43,0.6498,1534.84,1478.43
2015,3,REG,CLE,LV,20.0,27.0,-7.0,1452.57,1427.1,0.6273,1440.02,1439.64
2015,3,REG,DAL,ATL,28.0,39.0,-11.0,1560.27,1493.55,0.681,1546.65,1507.17
2015,3,REG,HOU,TB,19.0,9.0,10.0,1467.91,1413.45,0.6655,1474.61,1406.76
2015,3,REG,MIN,LAC,31.0,14.0,17.0,1480.36,1518.33,0.5388,1489.59,1509.11
2015,3,REG,NE,JAX,51.0,17.0,34.0,1611.04,1411.92,0.8206,1614.63,1408.34
2015,3,REG,NYJ,PHI,17.0,24.0,-7.0,1480.11,1497.92,0.5675,1468.76,1509.27
2015,3,REG,LA,PIT,6.0,12.0,-6.0,1473.38,1533.55,0.5069,1463.24,1543.69
2015,3,REG,TEN,IND,33.0,35.0,-2.0,1419.69,1531.85,0.4325,1411.04,1540.5
2015,3,REG,ARI,SF,47.0,7.0,40.0,1545.71,1532.64,0.6105,1553.5,1524.85
2015,3,REG,MIA,BUF,14.0,41.0,-27.0,1492.69,1496.63,0.587,1480.95,1508.37
2015,3,REG,SEA,CHI,26.0,0.0,26.0,1567.57,1447.98,0.7432,1572.71,1442.84
2015,3,REG,DET,DEN,12.0,24.0,-12.0,1496.56,1585.12,0.4662,1487.24,1594.44
2015,3,REG,GB,KC,38.0,28.0,10.0,1576.38,1509.49,0.6812,1582.76,1503.12
2015,4,REG,PIT,BAL,20.0,23.0,-3.0,1543.69,1508.05,0.6409,1530.87,1520.87
2015,4,REG,MIA,NYJ,14.0,27.0,-13.0,1480.95,1468.76,0.6093,1468.77,1480.94
2015,4,REG,ATL,HOU,48.0,21.0,27.0,1507.17,1474.61,0.6368,1514.44,1467.34
2015,4,REG,BUF,NYG,10.0,24.0,-14.0,1508.37,1468.26,0.6468,1495.43,1481.19
2015,4,REG,CHI,LV,22.0,20.0,2.0,1442.84,1439.64,0.5969,1450.9,1431.58
2015,4,REG,CIN,KC,36.0,21.0,15.0,1563.6,1503.12,0.6731,1570.13,1496.58
2015,4,REG,IND,JAX,16.0,13.0,3.0,1540.5,1408.34,0.7568,1545.36,1403.47
2015,4,REG,TB,CAR,23.0,37.0,-14.0,1406.76,1534.84,0.4102,1398.55,1543.04
2015,4,REG,WAS,PHI,23.0,20.0,3.0,1423.05,1509.27,0.4695,1433.66,1498.66
2015,4,REG,LAC,CLE,30.0,27.0,3.0,1509.11,1440.02,0.6839,1515.43,1433.7
2015,4,REG,ARI,LA,22.0,24.0,-2.0,1553.5,1463.24,0.7097,1539.31,1477.43
2015,4,REG,DEN,MIN,23.0,20.0,3.0,1594.44,1489.59,0.7267,1599.91,1484.12
2015,4,REG,SF,GB,3.0,17.0,-14.0,1524.85,1582.76,0.5102,1514.65,1592.96
2015,4,REG,NO,DAL,26.0,20.0,6.0,1478.43,1546.65,0.4954,1488.52,1536.56
2015,4,REG,SEA,DET,13.0,10.0,3.0,1572.71,1487.24,0.7039,1578.63,1481.32
2015,5,REG,HOU,IND,20.0,27.0,-7.0,1467.34,1545.36,0.4813,1457.72,1554.99
2015,5,REG,ATL,WAS,25.0,19.0,6.0,1514.44,1433.66,0.6983,1520.47,1427.63
2015,5,REG,BAL,CLE,30.0,33.0,-3.0,1520.87,1433.7,0.706,1506.75,1447.82
2015,5,REG,CIN,SEA,27.0,24.0,3.0,1570.13,1578.63,0.5806,1578.52,1570.24
2015,5,REG,GB,LA,24.0,10.0,14.0,1592.96,1477.43,0.7387,1598.19,1472.2
2015,5,REG,KC,CHI,17.0,18.0,-1.0,1496.58,1450.9,0.6541,1483.5,1463.98
2015,5,REG,PHI,NO,39.0,17.0,22.0,1498.66,1488.52,0.6065,1506.53,1480.65
2015,5,REG,TB,JAX,38.0,31.0,7.0,1398.55,1403.47,0.5856,1406.84,1395.18
2015,5,REG,TEN,BUF,13.0,14.0,-1.0,1411.04,1495.43,0.4721,1401.59,1504.87
2015,5,REG,DET,ARI,17.0,42.0,-25.0,1481.32,1539.31,0.5101,1471.12,1549.51
2015,5,REG,DAL,NE,6.0,30.0,-24.0,1536.56,1614.63,0.4812,1526.94,1624.26
2015,5,REG,LV,DEN,10.0,16.0,-6.0,1431.58,1599.91,0.3555,1424.47,1607.02
2015,5,REG,NYG,SF,30.0,27.0,3.0,1481.19,1514.65,0.5453,1490.29,1505.55
2015,5,REG,LAC,PIT,20.0,24.0,-4.0,1515.43,1530.87,0.5708,1504.01,1542.29
2015,6,REG,NO,ATL,31.0,21.0,10.0,1480.65,1520.47,0.5362,1489.92,1511.19
2015,6,REG,BUF,CIN,21.0,34.0,-13.0,1504.87,1578.52,0.4876,1495.12,1588.27
2015,6,REG,CLE,DEN,23.0,26.0,-3.0,1447.82,1607.02,0.3677,1440.47,1614.37
2015,6,REG,DET,CHI,37.0,34.0,3.0,1471.12,1463.98,0.6023,1479.07,1456.03
2015,6,REG,JAX,HOU,20.0,31.0,-11.0,1395.18,1457.72,0.5036,1385.11,1467.79
2015,6,REG,MIN,KC,16.0,10.0,6.0,1484.12,1483.5,0.5933,1492.25,1475.37
2015,6,REG,NYJ,WAS,34.0,20.0,14.0,1480.94,1427.63,0.664,1487.66,1420.91
2015,6,REG,PIT,ARI,25.0,13.0,12.0,1542.29,1549.51,0.5824,1550.64,1541.16
2015,6,REG,TEN,MIA,10.0,38.0,-28.0,1401.59,1468.77,0.4969,1391.66,1478.7
2015,6,REG,SEA,CAR,23.0,27.0,-4.0,1570.24,1543.04,0.6297,1557.65,1555.63
2015,6,REG,GB,LAC,27.0,20.0,7.0,1598.19,1504.01,0.7143,1603.9,1498.3
2015,6,REG,SF,BAL,25.0,20.0,5.0,1505.55,1506.75,0.5908,1513.74,1498.56
2015,6,REG,IND,NE,27.0,34.0,-7.0,1554.99,1624.26,0.4939,1545.11,1634.13
2015,6,REG,PHI,NYG,27.0,7.0,20.0,1506.53,1490.29,0.6148,1514.24,1482.58
2015,7,REG,SF,SEA,3.0,20.0,-17.0,1513.74,1557.65,0.5303,1503.13,1568.26
2015,7,REG,JAX,BUF,34.0,31.0,3.0,1385.11,1495.12,0.4356,1396.4,1483.83
2015,7,REG,DET,MIN,19.0,28.0,-9.0,1479.07,1492.25,0.574,1467.59,1503.73
2015,7,REG,IND,NO,21.0,27.0,-6.0,1545.11,1489.92,0.6664,1531.79,1503.25
2015,7,REG,KC,PIT,23.0,13.0,10.0,1475.37,1550.64,0.4852,1485.66,1540.34
2015,7,REG,MIA,HOU,44.0,26.0,18.0,1478.7,1467.79,0.6075,1486.55,1459.94
2015,7,REG,NE,NYJ,30.0,23.0,7.0,1634.13,1487.66,0.7716,1638.7,1483.1
2015,7,REG,LA,CLE,24.0,6.0,18.0,1472.2,1440.47,0.6357,1479.49,1433.18
2015,7,REG,TEN,ATL,7.0,10.0,-3.0,1391.66,1511.19,0.4222,1383.21,1519.64
2015,7,REG,WAS,TB,31.0,30.0,1.0,1420.91,1406.84,0.6119,1428.67,1399.08
2015,7,REG,LAC,LV,29.0,37.0,-8.0,1498.3,1424.47,0.6898,1484.5,1438.27
2015,7,REG,NYG,DAL,27.0,20.0,7.0,1482.58,1526.94,0.5297,1491.99,1517.53
2015,7,REG,CAR,PHI,27.0,16.0,11.0,1555.63,1514.24,0.6485,1562.66,1507.21
2015,7,REG,ARI,BAL,26.0,18.0,8.0,1541.16,1498.56,0.6501,1548.16,1491.56
2015,8,REG,NE,MIA,36.0,7.0,29.0,1638.7,1486.55,0.7773,1643.16,1482.1
2015,8,REG,KC,DET,45.0,10.0,35.0,1485.66,1467.59,0.6173,1493.31,1459.94
2015,8,REG,ATL,TB,20.0,23.0,-3.0,1519.64,1399.08,0.7442,1504.75,1413.96
2015,8,REG,BAL,LAC,29.0,26.0,3.0,1491.56,1484.5,0.6022,1499.52,1476.55
2015,8,REG,CHI,MIN,20.0,23.0,-3.0,1456.03,1503.73,0.5249,1445.53,1514.23
2015,8,REG,CLE,ARI,20.0,34.0,-14.0,1433.18,1548.16,0.4286,1424.61,1556.73
2015,8,REG,HOU,TEN,20.0,6.0,14.0,1459.94,1383.21,0.6934,1466.07,1377.08
2015,8,REG,NO,NYG,52.0,49.0,3.0,1503.25,1491.99,0.608,1511.09,1484.15
2015,8,REG,PIT,CIN,10.0,16.0,-6.0,1540.34,1588.27,0.5245,1529.85,1598.76
2015,8,REG,LA,SF,27.0,6.0,21.0,1479.49,1503.13,0.5592,1488.31,1494.31
2015,8,REG,LV,NYJ,34.0,20.0,14.0,1438.27,1483.1,0.529,1447.69,1473.68
2015,8,REG,DAL,SEA,12.0,13.0,-1.0,1517.53,1568.26,0.5205,1507.12,1578.67
2015,8,REG,DEN,GB,29.0,10.0,19.0,1614.37,1603.9,0.6069,1622.23,1596.04
2015,8,REG,CAR,IND,29.0,26.0,3.0,1562.66,1531.79,0.6346,1569.97,1524.48
2015,9,REG,CIN,CLE,31.0,10.0,21.0,1598.76,1424.61,0.7985,1602.79,1420.58
2015,9,REG,BUF,MIA,33.0,17.0,16.0,1483.83,1482.1,0.5949,1491.94,1474.0
2015,9,REG,CAR,GB,37.0,29.0,8.0,1569.97,1596.04,0.5558,1578.86,1587.16
2015,9,REG,MIN,LA,21.0,18.0,3.0,1514.23,1488.31,0.6279,1521.67,1480.86
2015,9,REG,NE,WAS,27.0,10.0,17.0,1643.16,1428.67,0.8333,1646.49,1425.33
2015,9,REG,NO,TEN,28.0,34.0,-6.0,1511.09,1377.08,0.7587,1495.92,1392.25
2015,9,REG,NYJ,JAX,28.0,23.0,5.0,1473.68,1396.4,0.694,1479.79,1390.28
2015,9,REG,PIT,LV,38.0,35.0,3.0,1529.85,1447.69,0.7,1535.85,1441.69
2015,9,REG,SF,ATL,17.0,16.0,1.0,1494.31,1504.75,0.5779,1502.76,1496.31
2015,9,REG,TB,NYG,18.0,32.0,-14.0,1413.96,1484.15,0.4925,1404.11,1494.0
2015,9,REG,IND,DEN,27.0,24.0,3.0,1524.48,1622.23,0.453,1535.42,1611.29
2015,9,REG,DAL,PHI,27.0,33.0,-6.0,1507.12,1507.21,0.5923,1495.27,1519.05
2015,9,REG,LAC,CHI,19.0,22.0,-3.0,1476.55,1445.53,0.6348,1463.85,1458.23
2015,10,REG,NYJ,BUF,17.0,22.0,-5.0,1479.79,1491.94,0.5755,1468.28,1503.45
2015,10,REG,BAL,JAX,20.0,22.0,-2.0,1499.52,1390.28,0.7316,1484.89,1404.91
2015,10,REG,GB,DET,16.0,18.0,-2.0,1587.16,1459.94,0.7515,1572.13,1474.97
2015,10,REG,PHI,MIA,19.0,20.0,-1.0,1519.05,1474.0,0.6533,1505.99,1487.06
2015,10,REG,PIT,CLE,30.0,9.0,21.0,1535.85,1420.58,0.7384,1541.08,1415.35
2015,10,REG,LA,CHI,13.0,37.0,-24.0,1480.86,1458.23,0.6235,1468.39,1470.7
2015,10,REG,TB,DAL,10.0,6.0,4.0,1404.11,1495.27,0.4624,1414.86,1484.52
2015,10,REG,TEN,CAR,10.0,27.0,-17.0,1392.25,1578.86,0.3318,1385.62,1585.49
2015,10,REG,WAS,NO,47.0,14.0,33.0,1425.33,1495.92,0.492,1435.5,1485.76
2015,10,REG,LV,MIN,14.0,30.0,-16.0,1441.69,1521.67,0.4784,1432.12,1531.24
2015,10,REG,DEN,KC,13.0,29.0,-16.0,1611.29,1493.31,0.7414,1596.46,1508.14
2015,10,REG,NYG,NE,26.0,27.0,-1.0,1494.0,1646.49,0.3767,1486.47,1654.02
2015,10,REG,SEA,ARI,32.0,39.0,-7.0,1578.67,1556.73,0.6226,1566.22,1569.18
2015,10,REG,CIN,HOU,6.0,10.0,-4.0,1602.79,1466.07,0.7616,1587.56,1481.3
2015,11,REG,JAX,TEN,19.0,13.0,6.0,1404.91,1385.62,0.619,1412.53,1378.0
2015,11,REG,ATL,IND,21.0,24.0,-3.0,1496.31,1535.42,0.5372,1485.57,1546.16
2015,11,REG,BAL,LA,16.0,13.0,3.0,1484.89,1468.39,0.6152,1492.58,1460.7
2015,11,REG,CAR,WAS,44.0,16.0,28.0,1585.49,1435.5,0.7751,1589.99,1431.0
2015,11,REG,CHI,DEN,15.0,17.0,-2.0,1470.7,1596.46,0.4134,1462.43,1604.73
2015,11,REG,DET,LV,18.0,13.0,5.0,1474.97,1432.12,0.6504,1481.96,1425.13
2015,11,REG,HOU,NYJ,24.0,17.0,7.0,1481.3,1468.28,0.6104,1489.09,1460.49
2015,11,REG,MIA,DAL,14.0,24.0,-10.0,1487.06,1484.52,0.596,1475.14,1496.44
2015,11,REG,PHI,TB,17.0,45.0,-28.0,1505.99,1414.86,0.7107,1491.77,1429.08
2015,11,REG,LAC,KC,3.0,33.0,-30.0,1463.85,1508.14,0.5298,1453.26,1518.74
2015,11,REG,MIN,GB,13.0,30.0,-17.0,1531.24,1572.13,0.5346,1520.55,1582.82
2015,11,REG,SEA,SF,29.0,13.0,16.0,1566.22,1502.76,0.6769,1572.68,1496.29
2015,11,REG,ARI,CIN,34.0,31.0,3.0,1569.18,1587.56,0.5667,1577.85,1578.9
2015,11,REG,NE,BUF,20.0,13.0,7.0,1654.02,1503.45,0.7757,1658.51,1498.96
2015,12,REG,DET,PHI,45.0,14.0,31.0,1481.96,1491.77,0.5788,1490.38,1483.35
2015,12,REG,DAL,CAR,14.0,33.0,-19.0,1496.44,1589.99,0.459,1487.26,1599.17
2015,12,REG,GB,CHI,13.0,17.0,-4.0,1582.82,1462.43,0.7441,1567.94,1477.31
2015,12,REG,ATL,MIN,10.0,20.0,-10.0,1485.57,1520.55,0.5431,1474.7,1531.41
2015,12,REG,CIN,LA,31.0,7.0,24.0,1578.9,1460.7,0.7417,1584.06,1455.53
2015,12,REG,HOU,NO,24.0,6.0,18.0,1489.09,1485.76,0.5971,1497.15,1477.7
2015,12,REG,IND,TB,25.0,12.0,13.0,1546.16,1429.08,0.7404,1551.35,1423.89
2015,12,REG,JAX,LAC,25.0,31.0,-6.0,1412.53,1453.26,0.5349,1401.84,1463.95
2015,12,REG,KC,BUF,30.0,22.0,8.0,1518.74,1498.96,0.6196,1526.35,1491.35
2015,12,REG,NYJ,MIA,38.0,20.0,18.0,1460.49,1475.14,0.572,1469.05,1466.58
2015,12,REG,TEN,LV,21.0,24.0,-3.0,1378.0,1425.13,0.5257,1367.48,1435.64
2015,12,REG,WAS,NYG,20.0,14.0,6.0,1431.0,1486.47,0.5137,1440.72,1476.74
2015,12,REG,SF,ARI,13.0,19.0,-6.0,1496.29,1577.85,0.4762,1486.77,1587.37
2015,12,REG,SEA,PIT,39.0,30.0,9.0,1572.68,1541.08,0.6355,1579.97,1533.79
2015,12,REG,DEN,NE,30.0,24.0,6.0,1604.73,1658.51,0.5161,1614.41,1648.83
2015,12,REG,CLE,BAL,27.0,33.0,-6.0,1415.35,1492.58,0.4824,1405.7,1502.23
2015,13,REG,DET,GB,23.0,27.0,-4.0,1490.38,1567.94,0.4819,1480.74,1577.58
2015,13,REG,BUF,HOU,30.0,21.0,9.0,1491.35,1497.15,0.5844,1499.67,1488.84
2015,13,REG,CHI,SF,20.0,26.0,-6.0,1477.31,1486.77,0.5793,1465.73,1498.36
2015,13,REG,CLE,CIN,3.0,37.0,-34.0,1405.7,1584.06,0.3424,1398.85,1590.91
2015,13,REG,MIA,BAL,15.0,13.0,2.0,1466.58,1502.23,0.5421,1475.74,1493.07
2015,13,REG,MIN,SEA,7.0,38.0,-31.0,1531.41,1579.97,0.5236,1520.94,1590.44
2015,13,REG,NYG,NYJ,20.0,23.0,-3.0,1476.74,1469.05,0.6031,1464.68,1481.12
2015,13,REG,LA,ARI,3.0,27.0,-24.0,1455.53,1587.37,0.405,1447.43,1595.47
2015,13,REG,TB,ATL,23.0,19.0,4.0,1423.89,1474.7,0.5204,1433.48,1465.11
2015,13,REG,TEN,JAX,42.0,39.0,3.0,1367.48,1401.84,0.544,1376.6,1392.72
2015,13,REG,LV,KC,20.0,34.0,-14.0,1435.64,1526.35,0.4631,1426.38,1535.61
2015,13,REG,LAC,DEN,3.0,17.0,-14.0,1463.95,1614.41,0.3794,1456.37,1622.0
2015,13,REG,NE,PHI,28.0,35.0,-7.0,1648.83,1483.35,0.7903,1633.03,1499.15
2015,13,REG,NO,CAR,38.0,41.0,-3.0,1477.7,1599.17,0.4194,1469.31,1607.56
2015,13,REG,PIT,IND,45.0,10.0,35.0,1533.79,1551.35,0.5679,1542.44,1542.71
2015,13,REG,WAS,DAL,16.0,19.0,-3.0,1440.72,1487.26,0.5265,1430.19,1497.79
2015,14,REG,ARI,MIN,23.0,20.0,3.0,1595.47,1520.94,0.6907,1601.66,1514.75
2015,14,REG,BAL,SEA,6.0,35.0,-29.0,1493.07,1590.44,0.4536,1484.0,1599.51
2015,14,REG,CAR,ATL,38.0,0.0,38.0,1607.56,1465.11,0.7675,1612.21,1460.46
2015,14,REG,CHI,WAS,21.0,24.0,-3.0,1465.73,1430.19,0.6408,1452.91,1443.01
2015,14,REG,CIN,PIT,20.0,33.0,-13.0,1590.91,1542.44,0.6577,1577.76,1555.59
2015,14,REG,CLE,SF,24.0,10.0,14.0,1398.85,1498.36,0.4505,1409.84,1487.37
2015,14,REG,JAX,IND,51.0,16.0,35.0,1392.72,1542.71,0.3801,1405.12,1530.31
2015,14,REG,KC,LAC,10.0,3.0,7.0,1535.61,1456.37,0.6964,1541.68,1450.29
2015,14,REG,NYJ,TEN,30.0,8.0,22.0,1481.12,1376.6,0.7263,1486.59,1371.13
2015,14,REG,PHI,BUF,23.0,20.0,3.0,1499.15,1499.67,0.5918,1507.32,1491.5
2015,14,REG,LA,DET,21.0,14.0,7.0,1447.43,1480.74,0.5455,1456.52,1471.65
2015,14,REG,TB,NO,17.0,24.0,-7.0,1433.48,1469.31,0.5419,1422.64,1480.15
2015,14,REG,DEN,LV,12.0,15.0,-3.0,1622.0,1426.38,0.8176,1605.65,1442.73
2015,14,REG,GB,DAL,28.0,7.0,21.0,1577.58,1497.79,0.6971,1583.63,1491.73
2015,14,REG,HOU,NE,6.0,27.0,-21.0,1488.84,1633.03,0.388,1481.08,1640.79
2015,14,REG,MIA,NYG,24.0,31.0,-7.0,1475.74,1464.68,0.6077,1463.58,1476.83
2015,15,REG,LA,TB,31.0,23.0,8.0,1456.52,1422.64,0.6386,1463.75,1415.41
2015,15,REG,DAL,NYJ,16.0,19.0,-3.0,1491.73,1486.59,0.5996,1479.74,1498.58
2015,15,REG,BAL,KC,14.0,34.0,-20.0,1484.0,1541.68,0.5105,1473.79,1551.89
2015,15,REG,IND,HOU,10.0,16.0,-6.0,1530.31,1481.08,0.6587,1517.14,1494.25
2015,15,REG,JAX,ATL,17.0,23.0,-6.0,1405.12,1460.46,0.5139,1394.84,1470.74
2015,15,REG,MIN,CHI,38.0,17.0,21.0,1514.75,1452.91,0.6748,1521.25,1446.41
2015,15,REG,NE,TEN,33.0,16.0,17.0,1640.79,1371.13,0.8729,1643.33,1368.59
2015,15,REG,NYG,CAR,35.0,38.0,-3.0,1476.83,1612.21,0.4001,1468.83,1620.21
2015,15,REG,WAS,BUF,35.0,25.0,10.0,1443.01,1491.5,0.5237,1452.53,1481.98
2015,15,REG,LV,GB,20.0,30.0,-10.0,1442.73,1583.63,0.3925,1434.88,1591.48
2015,15,REG,SEA,CLE,30.0,13.0,17.0,1599.51,1409.84,0.8124,1603.26,1406.09
2015,15,REG,PIT,DEN,34.0,27.0,7.0,1555.59,1605.65,0.5215,1565.16,1596.08
2015,15,REG,LAC,MIA,30.0,14.0,16.0,1450.29,1463.58,0.5739,1458.82,1455.06
2015,15,REG,SF,CIN,14.0,24.0,-10.0,1487.37,1577.76,0.4635,1478.1,1587.03
2015,15,REG,PHI,ARI,17.0,40.0,-23.0,1507.32,1601.66,0.4579,1498.16,1610.82
2015,15,REG,NO,DET,27.0,35.0,-8.0,1480.15,1471.65,0.6042,1468.06,1483.74
2015,16,REG,LV,LAC,23.0,20.0,3.0,1434.88,1458.82,0.5588,1443.7,1449.99
2015,16,REG,PHI,WAS,24.0,38.0,-14.0,1498.16,1452.53,0.654,1485.08,1465.61
2015,16,REG,ATL,CAR,20.0,13.0,7.0,1470.74,1620.21,0.3808,1483.12,1607.83
2015,16,REG,BAL,PIT,20.0,17.0,3.0,1473.79,1565.16,0.4621,1484.55,1554.41
2015,16,REG,BUF,DAL,16.0,6.0,10.0,1481.98,1479.74,0.5956,1490.06,1471.65
2015,16,REG,DET,SF,32.0,17.0,15.0,1483.74,1478.1,0.6003,1491.73,1470.1
2015,16,REG,KC,CLE,17.0,13.0,4.0,1551.89,1406.09,0.7709,1556.47,1401.51
2015,16,REG,MIA,IND,12.0,18.0,-6.0,1455.06,1517.14,0.5042,1444.98,1527.22
2015,16,REG,NYJ,NE,26.0,20.0,6.0,1498.58,1643.33,0.3872,1510.84,1631.07
2015,16,REG,TB,CHI,21.0,26.0,-5.0,1415.41,1446.41,0.5488,1404.44,1457.38
2015,16,REG,TEN,HOU,6.0,34.0,-28.0,1368.59,1494.25,0.4136,1360.32,1502.53
2015,16,REG,NO,JAX,38.0,27.0,11.0,1468.06,1394.84,0.6891,1474.28,1388.62
2015,16,REG,ARI,GB,38.0,8.0,30.0,1610.82,1591.48,0.619,1618.43,1583.86
2015,16,REG,SEA,LA,17.0,23.0,-6.0,1603.26,1463.75,0.7645,1587.97,1479.04
2015,16,REG,MIN,NYG,49.0,17.0,32.0,1521.25,1468.83,0.6628,1528.0,1462.09
2015,16,REG,DEN,CIN,20.0,17.0,3.0,1596.08,1587.03,0.605,1603.98,1579.13
2015,17,REG,ATL,NO,17.0,20.0,-3.0,1483.12,1474.28,0.6047,1471.03,1486.38
2015,17,REG,BUF,NYJ,22.0,17.0,5.0,1490.06,1510.84,0.5633,1498.8,1502.1
2015,17,REG,CHI,DET,20.0,24.0,-4.0,1457.38,1491.73,0.544,1446.5,1502.61
2015,17,REG,CIN,BAL,24.0,16.0,8.0,1579.13,1484.55,0.7148,1584.83,1478.84
2015,17,REG,CLE,PIT,12.0,28.0,-16.0,1401.51,1554.41,0.3761,1393.99,1561.93
2015,17,REG,DAL,WAS,23.0,34.0,-11.0,1471.65,1465.61,0.6008,1459.64,1477.63
2015,17,REG,HOU,JAX,30.0,6.0,24.0,1502.53,1388.62,0.7369,1507.79,1383.36
2015,17,REG,IND,TEN,30.0,24.0,6.0,1527.22,1360.32,0.7917,1531.39,1356.15
2015,17,REG,MIA,NE,20.0,10.0,10.0,1444.98,1631.07,0.3325,1458.33,1617.72
2015,17,REG,NYG,PHI,30.0,35.0,-5.0,1462.09,1485.08,0.5602,1450.89,1496.28
2015,17,REG,ARI,SEA,6.0,36.0,-30.0,1618.43,1587.97,0.634,1605.75,1600.65
2015,17,REG,CAR,TB,38.0,10.0,28.0,1607.83,1404.44,0.8242,1611.34,1400.92
2015,17,REG,DEN,LAC,27.0,20.0,7.0,1603.98,1449.99,0.7791,1608.39,1445.58
2015,17,REG,KC,LV,23.0,17.0,6.0,1556.47,1443.7,0.7356,1561.76,1438.42
2015,17,REG,SF,LA,19.0,16.0,3.0,1470.1,1479.04,0.58,1478.5,1470.64
2015,17,REG,GB,MIN,13.0,20.0,-7.0,1583.86,1528.0,0.6673,1570.52,1541.34
2015,18,WC,HOU,KC,0.0,30.0,-30.0,1507.79,1561.76,0.5159,1497.47,1572.08
2015,18,WC,CIN,PIT,16.0,18.0,-2.0,1584.83,1561.93,0.6239,1572.35,1574.41
2015,18,WC,MIN,SEA,9.0,10.0,-1.0,1541.34,1600.65,0.5082,1531.18,1610.82
2015,18,WC,WAS,GB,18.0,35.0,-17.0,1477.63,1570.52,0.46,1468.43,1579.72
2015,19,DIV,NE,KC,27.0,20.0,7.0,1617.72,1572.08,0.6541,1624.64,1565.16
2015,19,DIV,ARI,GB,26.0,20.0,6.0,1605.75,1579.72,0.6281,1613.19,1572.28
2015,19,DIV,CAR,SEA,31.0,24.0,7.0,1611.34,1610.82,0.5932,1619.48,1602.68
2015,19,DIV,DEN,PIT,23.0,16.0,7.0,1608.39,1574.41,0.6387,1615.62,1567.18
2015,20,CON,DEN,NE,20.0,18.0,2.0,1615.62,1624.64,0.5799,1624.02,1616.24
2015,20,CON,CAR,ARI,49.0,15.0,34.0,1619.48,1613.19,0.6012,1627.45,1605.22
2015,21,SB,DEN,CAR,24.0,10.0,14.0,1624.02,1627.45,0.5877,1632.27,1619.21
2016,1,REG,DEN,CAR,21.0,20.0,1.0,1588.18,1579.47,0.6045,1596.09,1571.56
2016,1,REG,ATL,TB,24.0,31.0,-7.0,1480.69,1433.95,0.6555,1467.58,1447.06
2016,1,REG,BAL,BUF,13.0,7.0,6.0,1485.9,1499.2,0.5739,1494.42,1490.68
2016,1,REG,HOU,CHI,23.0,14.0,9.0,1498.31,1464.34,0.6387,1505.54,1457.11
2016,1,REG,JAX,GB,23.0,27.0,-4.0,1422.24,1548.19,0.4132,1413.97,1556.45
2016,1,REG,KC,LAC,33.0,27.0,6.0,1543.44,1463.72,0.697,1549.5,1457.66
2016,1,REG,NO,LV,34.0,35.0,-1.0,1490.92,1458.94,0.636,1478.2,1471.67
2016,1,REG,NYJ,CIN,22.0,23.0,-1.0,1501.4,1548.24,0.5261,1490.88,1558.76
2016,1,REG,PHI,CLE,29.0,10.0,19.0,1497.52,1429.32,0.6828,1503.87,1422.98
2016,1,REG,TEN,MIN,16.0,25.0,-9.0,1404.1,1520.79,0.4262,1395.58,1529.31
2016,1,REG,SEA,MIA,12.0,10.0,2.0,1568.45,1472.22,0.7167,1574.12,1466.55
2016,1,REG,DAL,NYG,19.0,20.0,-1.0,1473.09,1467.26,0.6005,1461.08,1479.27
2016,1,REG,IND,DET,35.0,39.0,-4.0,1520.93,1501.74,0.6188,1508.55,1514.12
2016,1,REG,ARI,NE,21.0,23.0,-2.0,1570.14,1577.49,0.5822,1558.5,1589.14
2016,1,REG,WAS,PIT,16.0,38.0,-22.0,1478.95,1544.79,0.4988,1468.98,1554.76
2016,1,REG,SF,LA,28.0,0.0,28.0,1485.67,1480.43,0.5997,1493.67,1472.42
2016,2,REG,BUF,NYJ,31.0,37.0,-6.0,1490.68,1490.88,0.5922,1478.83,1502.72
2016,2,REG,ARI,TB,40.0,7.0,33.0,1558.5,1447.06,0.7341,1563.82,1441.74
2016,2,REG,CAR,SF,46.0,27.0,19.0,1571.56,1493.67,0.6948,1577.67,1487.57
2016,2,REG,CLE,BAL,20.0,25.0,-5.0,1422.98,1494.42,0.4907,1413.17,1504.23
2016,2,REG,DET,TEN,15.0,16.0,-1.0,1514.12,1395.58,0.742,1499.28,1410.42
2016,2,REG,HOU,KC,19.0,12.0,7.0,1505.54,1549.5,0.5302,1514.93,1540.1
2016,2,REG,NE,MIA,31.0,24.0,7.0,1589.14,1466.55,0.7465,1594.21,1461.48
2016,2,REG,NYG,NO,16.0,13.0,3.0,1479.27,1478.2,0.594,1487.39,1470.08
2016,2,REG,PIT,CIN,24.0,16.0,8.0,1554.76,1558.76,0.5869,1563.02,1550.5
2016,2,REG,WAS,DAL,23.0,27.0,-4.0,1468.98,1461.08,0.6034,1456.91,1473.15
2016,2,REG,LA,SEA,9.0,3.0,6.0,1472.42,1574.12,0.4474,1483.47,1563.07
2016,2,REG,DEN,IND,34.0,20.0,14.0,1596.09,1508.55,0.7064,1601.96,1502.68
2016,2,REG,LV,ATL,28.0,35.0,-7.0,1471.67,1467.58,0.5981,1459.7,1479.54
2016,2,REG,LAC,JAX,38.0,14.0,24.0,1457.66,1413.97,0.6515,1464.63,1407.0
2016,2,REG,MIN,GB,17.0,14.0,3.0,1529.31,1556.45,0.5543,1538.22,1547.54
2016,2,REG,CHI,PHI,14.0,29.0,-15.0,1457.11,1503.87,0.5262,1446.58,1514.39
2016,3,REG,NE,HOU,27.0,0.0,27.0,1594.21,1514.93,0.6965,1600.28,1508.86
2016,3,REG,BUF,ARI,33.0,18.0,15.0,1478.83,1563.82,0.4713,1489.41,1553.24
2016,3,REG,CAR,MIN,10.0,22.0,-12.0,1577.67,1538.22,0.6459,1564.75,1551.14
2016,3,REG,CIN,DEN,17.0,29.0,-12.0,1550.5,1601.96,0.5195,1540.11,1612.35
2016,3,REG,GB,DET,34.0,27.0,7.0,1547.54,1499.28,0.6575,1554.39,1492.43
2016,3,REG,JAX,BAL,17.0,19.0,-2.0,1407.0,1504.23,0.4538,1397.93,1513.31
2016,3,REG,MIA,CLE,30.0,24.0,6.0,1461.48,1413.17,0.6575,1468.33,1406.32
2016,3,REG,NYG,WAS,27.0,29.0,-2.0,1487.39,1456.91,0.634,1474.71,1469.59
2016,3,REG,TEN,LV,10.0,17.0,-7.0,1410.42,1459.7,0.5226,1399.96,1470.15
2016,3,REG,SEA,SF,37.0,18.0,19.0,1563.07,1487.57,0.6918,1569.23,1481.41
2016,3,REG,TB,LA,32.0,37.0,-5.0,1441.74,1483.47,0.5334,1431.07,1494.14
2016,3,REG,IND,LAC,26.0,22.0,4.0,1502.68,1464.63,0.6441,1509.79,1457.51
2016,3,REG,KC,NYJ,24.0,3.0,21.0,1540.1,1502.72,0.6432,1547.24,1495.59
2016,3,REG,PHI,PIT,34.0,3.0,31.0,1514.39,1563.02,0.5235,1523.92,1553.5
2016,3,REG,DAL,CHI,31.0,17.0,14.0,1473.15,1446.58,0.6288,1480.57,1439.16
2016,3,REG,NO,ATL,32.0,45.0,-13.0,1470.08,1479.54,0.5792,1458.49,1491.12
2016,4,REG,CIN,MIA,22.0,7.0,15.0,1540.11,1468.33,0.6873,1546.36,1462.08
2016,4,REG,JAX,IND,30.0,27.0,3.0,1397.93,1509.79,0.433,1409.27,1498.45
2016,4,REG,ATL,CAR,48.0,33.0,15.0,1491.12,1564.75,0.4876,1501.37,1554.5
2016,4,REG,BAL,LV,27.0,28.0,-1.0,1513.31,1470.15,0.6508,1500.29,1483.17
2016,4,REG,CHI,DET,17.0,14.0,3.0,1439.16,1492.43,0.5169,1448.82,1482.76
2016,4,REG,HOU,TEN,27.0,20.0,7.0,1508.86,1399.96,0.7313,1514.24,1394.59
2016,4,REG,NE,BUF,0.0,16.0,-16.0,1600.28,1489.41,0.7335,1585.61,1504.08
2016,4,REG,NYJ,SEA,17.0,27.0,-10.0,1495.59,1569.23,0.4876,1485.84,1578.98
2016,4,REG,WAS,CLE,31.0,20.0,11.0,1469.59,1406.32,0.6766,1476.06,1399.85
2016,4,REG,TB,DEN,7.0,27.0,-20.0,1431.07,1612.35,0.3386,1424.3,1619.12
2016,4,REG,ARI,LA,13.0,17.0,-4.0,1553.24,1494.14,0.6714,1539.82,1507.57
2016,4,REG,LAC,NO,34.0,35.0,-1.0,1457.51,1458.49,0.5911,1445.69,1470.31
2016,4,REG,SF,DAL,17.0,24.0,-7.0,1481.41,1480.57,0.5936,1469.53,1492.44
2016,4,REG,PIT,KC,43.0,14.0,29.0,1553.5,1547.24,0.6011,1561.47,1539.26
2016,4,REG,MIN,NYG,24.0,10.0,14.0,1551.14,1474.71,0.693,1557.28,1468.57
2016,5,REG,SF,ARI,21.0,33.0,-12.0,1469.53,1539.82,0.4924,1459.68,1549.66
2016,5,REG,BAL,WAS,10.0,16.0,-6.0,1500.29,1476.06,0.6257,1487.78,1488.57
2016,5,REG,CLE,NE,13.0,33.0,-20.0,1399.85,1585.61,0.3329,1393.19,1592.27
2016,5,REG,DET,PHI,24.0,23.0,1.0,1482.76,1523.92,0.5343,1492.08,1514.61
2016,5,REG,IND,CHI,29.0,23.0,6.0,1498.45,1448.82,0.6592,1505.27,1442.01
2016,5,REG,MIA,TEN,17.0,30.0,-13.0,1462.08,1394.59,0.6819,1448.44,1408.23
2016,5,REG,MIN,HOU,31.0,13.0,18.0,1557.28,1514.24,0.6507,1564.27,1507.25
2016,5,REG,PIT,NYJ,31.0,13.0,18.0,1561.47,1485.84,0.692,1567.63,1479.68
2016,5,REG,DEN,ATL,16.0,23.0,-7.0,1619.12,1501.37,0.7412,1604.3,1516.2
2016,5,REG,DAL,CIN,28.0,14.0,14.0,1492.44,1546.36,0.5159,1502.13,1536.68
2016,5,REG,LA,BUF,19.0,30.0,-11.0,1507.57,1504.08,0.5973,1495.62,1516.02
2016,5,REG,LV,LAC,34.0,31.0,3.0,1483.17,1445.69,0.6434,1490.3,1438.55
2016,5,REG,GB,NYG,23.0,16.0,7.0,1554.39,1468.57,0.7044,1560.3,1462.66
2016,5,REG,CAR,TB,14.0,17.0,-3.0,1554.5,1424.3,0.7547,1539.41,1439.39
2016,6,REG,LAC,DEN,21.0,13.0,8.0,1438.55,1604.3,0.3589,1451.38,1591.48
2016,6,REG,BUF,SF,45.0,16.0,29.0,1516.02,1459.68,0.6679,1522.67,1453.04
2016,6,REG,CHI,JAX,16.0,17.0,-1.0,1442.01,1409.27,0.6371,1429.27,1422.01
2016,6,REG,DET,LA,31.0,28.0,3.0,1492.08,1495.62,0.5875,1500.33,1487.37
2016,6,REG,MIA,PIT,30.0,15.0,15.0,1448.44,1567.63,0.4226,1459.98,1556.08
2016,6,REG,NE,CIN,35.0,17.0,18.0,1592.27,1536.68,0.6669,1598.93,1530.02
2016,6,REG,NO,CAR,41.0,38.0,3.0,1470.31,1539.41,0.4941,1480.43,1529.29
2016,6,REG,NYG,BAL,27.0,23.0,4.0,1462.66,1487.78,0.5571,1471.51,1478.92
2016,6,REG,TEN,CLE,28.0,26.0,2.0,1408.23,1393.19,0.6132,1415.96,1385.46
2016,6,REG,WAS,PHI,27.0,20.0,7.0,1488.57,1514.61,0.5558,1497.46,1505.72
2016,6,REG,LV,KC,10.0,26.0,-16.0,1490.3,1539.26,0.5231,1479.84,1549.72
2016,6,REG,GB,DAL,16.0,30.0,-14.0,1560.3,1502.13,0.6702,1546.9,1515.53
2016,6,REG,SEA,ATL,26.0,24.0,2.0,1578.98,1516.2,0.676,1585.46,1509.72
2016,6,REG,HOU,IND,26.0,23.0,3.0,1507.25,1505.27,0.5952,1515.35,1497.17
2016,6,REG,ARI,NYJ,28.0,3.0,25.0,1549.66,1479.68,0.685,1555.96,1473.38
2016,7,REG,GB,CHI,26.0,10.0,16.0,1546.9,1429.27,0.741,1552.08,1424.09
2016,7,REG,LA,NYG,10.0,17.0,-7.0,1487.37,1471.51,0.6143,1475.09,1483.8
2016,7,REG,CIN,CLE,31.0,17.0,14.0,1530.02,1385.46,0.7697,1534.63,1380.85
2016,7,REG,DET,WAS,20.0,17.0,3.0,1500.33,1497.46,0.5965,1508.4,1489.38
2016,7,REG,JAX,LV,16.0,33.0,-17.0,1422.01,1479.84,0.5103,1411.8,1490.05
2016,7,REG,KC,NO,27.0,21.0,6.0,1549.72,1480.43,0.6842,1556.04,1474.11
2016,7,REG,MIA,BUF,28.0,25.0,3.0,1459.98,1522.67,0.5033,1469.92,1512.73
2016,7,REG,NYJ,BAL,24.0,16.0,8.0,1473.38,1478.92,0.5847,1481.68,1470.62
2016,7,REG,PHI,MIN,21.0,10.0,11.0,1505.72,1564.27,0.5093,1515.54,1554.45
2016,7,REG,TEN,IND,26.0,34.0,-8.0,1415.96,1497.17,0.4767,1406.43,1506.71
2016,7,REG,ATL,LAC,30.0,33.0,-3.0,1509.72,1451.38,0.6704,1496.31,1464.78
2016,7,REG,SF,TB,17.0,34.0,-17.0,1453.04,1439.39,0.6113,1440.82,1451.62
2016,7,REG,PIT,NE,16.0,27.0,-11.0,1556.08,1598.93,0.5318,1545.45,1609.57
2016,7,REG,ARI,SEA,6.0,6.0,0.0,1555.96,1585.46,0.5509,1554.94,1586.48
2016,7,REG,DEN,HOU,27.0,9.0,18.0,1591.48,1515.35,0.6926,1597.63,1509.2
2016,8,REG,TEN,JAX,36.0,22.0,14.0,1406.43,1411.8,0.585,1414.73,1403.5
2016,8,REG,CIN,WAS,27.0,27.0,0.0,1534.63,1489.38,0.6535,1531.56,1492.45
2016,8,REG,BUF,NE,25.0,41.0,-16.0,1512.73,1609.57,0.4543,1503.65,1618.65
2016,8,REG,CAR,ARI,30.0,20.0,10.0,1529.29,1554.94,0.5564,1538.16,1546.07
2016,8,REG,CLE,NYJ,28.0,31.0,-3.0,1380.85,1481.68,0.4486,1371.88,1490.66
2016,8,REG,HOU,DET,20.0,13.0,7.0,1509.2,1508.4,0.5936,1517.33,1500.27
2016,8,REG,IND,KC,14.0,30.0,-16.0,1506.71,1556.04,0.5225,1496.26,1566.49
2016,8,REG,NO,SEA,25.0,20.0,5.0,1474.11,1586.48,0.4323,1485.47,1575.12
2016,8,REG,TB,LV,24.0,30.0,-6.0,1451.62,1490.05,0.5382,1440.85,1500.81
2016,8,REG,DEN,LAC,27.0,19.0,8.0,1597.63,1464.78,0.7575,1602.48,1459.93
2016,8,REG,ATL,GB,33.0,32.0,1.0,1496.31,1552.08,0.5133,1506.04,1542.34
2016,8,REG,DAL,PHI,29.0,23.0,6.0,1515.53,1515.54,0.5925,1523.68,1507.39
2016,8,REG,CHI,MIN,20.0,10.0,10.0,1424.09,1554.45,0.407,1435.95,1542.59
2016,9,REG,TB,ATL,28.0,43.0,-15.0,1440.85,1506.04,0.4997,1430.86,1516.04
2016,9,REG,BAL,PIT,21.0,14.0,7.0,1470.62,1545.45,0.4859,1480.9,1535.17
2016,9,REG,CLE,DAL,10.0,35.0,-25.0,1371.88,1523.68,0.3776,1364.32,1531.23
2016,9,REG,KC,JAX,19.0,14.0,5.0,1566.49,1403.5,0.7879,1570.73,1399.26
2016,9,REG,MIA,NYJ,27.0,23.0,4.0,1469.92,1490.66,0.5634,1478.65,1481.92
2016,9,REG,MIN,DET,16.0,22.0,-6.0,1542.59,1500.27,0.6497,1529.6,1513.27
2016,9,REG,NYG,PHI,28.0,23.0,5.0,1483.8,1507.39,0.5593,1492.61,1498.57
2016,9,REG,LA,CAR,10.0,13.0,-3.0,1475.09,1538.16,0.5028,1465.03,1548.22
2016,9,REG,SF,NO,23.0,41.0,-18.0,1440.82,1485.47,0.5292,1430.23,1496.05
2016,9,REG,GB,IND,26.0,31.0,-5.0,1542.34,1496.26,0.6546,1529.25,1509.35
2016,9,REG,LAC,TEN,43.0,35.0,8.0,1459.93,1414.73,0.6535,1466.86,1407.8
2016,9,REG,LV,DEN,30.0,20.0,10.0,1500.81,1602.48,0.4474,1511.86,1591.43
2016,9,REG,SEA,BUF,31.0,25.0,6.0,1575.12,1503.65,0.6869,1581.39,1497.38
2016,10,REG,BAL,CLE,28.0,7.0,21.0,1480.9,1364.32,0.7399,1486.1,1359.12
2016,10,REG,CAR,KC,17.0,20.0,-3.0,1548.22,1570.73,0.5608,1537.0,1581.95
2016,10,REG,JAX,HOU,21.0,24.0,-3.0,1399.26,1517.33,0.4242,1390.78,1525.81
2016,10,REG,NO,DEN,23.0,25.0,-2.0,1496.05,1591.43,0.4564,1486.93,1600.55
2016,10,REG,NYJ,LA,6.0,9.0,-3.0,1481.92,1465.03,0.6157,1469.61,1477.35
2016,10,REG,PHI,ATL,24.0,15.0,9.0,1498.57,1516.04,0.568,1507.21,1507.4
2016,10,REG,TB,CHI,36.0,10.0,26.0,1430.86,1435.95,0.5854,1439.15,1427.65
2016,10,REG,TEN,GB,47.0,25.0,22.0,1407.8,1529.25,0.4195,1419.41,1517.64
2016,10,REG,WAS,MIN,26.0,20.0,6.0,1492.45,1529.6,0.54,1501.65,1520.4
2016,10,REG,LAC,MIA,24.0,31.0,-7.0,1466.86,1478.65,0.576,1455.34,1490.17
2016,10,REG,ARI,SF,23.0,20.0,3.0,1546.07,1430.23,0.739,1551.29,1425.01
2016,10,REG,PIT,DAL,30.0,35.0,-5.0,1535.17,1531.23,0.5979,1523.21,1543.19
2016,10,REG,NE,SEA,24.0,31.0,-7.0,1618.65,1581.39,0.6431,1605.79,1594.25
2016,10,REG,NYG,CIN,21.0,20.0,1.0,1492.61,1531.56,0.5374,1501.86,1522.3
2016,11,REG,CAR,NO,23.0,20.0,3.0,1537.0,1486.93,0.6598,1543.8,1480.12
2016,11,REG,CIN,BUF,12.0,16.0,-4.0,1522.3,1497.38,0.6266,1509.77,1509.92
2016,11,REG,CLE,PIT,9.0,24.0,-15.0,1359.12,1523.21,0.3611,1351.9,1530.43
2016,11,REG,DAL,BAL,27.0,17.0,10.0,1543.19,1486.1,0.6688,1549.81,1479.48
2016,11,REG,DET,JAX,26.0,19.0,7.0,1513.27,1390.78,0.7464,1518.34,1385.71
2016,11,REG,IND,TEN,24.0,17.0,7.0,1509.35,1419.41,0.7093,1515.16,1413.6
2016,11,REG,KC,TB,17.0,19.0,-2.0,1581.95,1439.15,0.7678,1566.59,1454.51
2016,11,REG,MIN,ARI,30.0,24.0,6.0,1520.4,1551.29,0.5489,1529.42,1542.27
2016,11,REG,NYG,CHI,22.0,16.0,6.0,1501.86,1427.65,0.6903,1508.06,1421.46
2016,11,REG,LA,MIA,10.0,14.0,-4.0,1477.35,1490.17,0.5745,1465.86,1501.66
2016,11,REG,SEA,PHI,26.0,15.0,11.0,1594.25,1507.21,0.7058,1600.13,1501.33
2016,11,REG,SF,NE,17.0,30.0,-13.0,1425.01,1605.79,0.3393,1418.23,1612.58
2016,11,REG,WAS,GB,42.0,24.0,18.0,1501.65,1517.64,0.5701,1510.25,1509.04
2016,11,REG,LV,HOU,27.0,20.0,7.0,1511.86,1525.81,0.5729,1520.4,1517.27
2016,12,REG,DET,MIN,16.0,13.0,3.0,1518.34,1529.42,0.577,1526.8,1520.96
2016,12,REG,DAL,WAS,31.0,26.0,5.0,1549.81,1510.25,0.6461,1556.89,1503.18
2016,12,REG,IND,PIT,7.0,28.0,-21.0,1515.16,1530.43,0.5711,1503.74,1541.85
2016,12,REG,ATL,ARI,38.0,19.0,19.0,1507.4,1542.27,0.5432,1516.53,1533.13
2016,12,REG,BAL,CIN,19.0,14.0,5.0,1479.48,1509.77,0.5498,1488.48,1500.77
2016,12,REG,BUF,JAX,28.0,21.0,7.0,1509.92,1385.71,0.7482,1514.95,1380.67
2016,12,REG,CHI,TEN,21.0,27.0,-6.0,1421.46,1413.6,0.6033,1409.39,1425.66
2016,12,REG,CLE,NYG,13.0,27.0,-14.0,1351.9,1508.06,0.3717,1344.46,1515.49
2016,12,REG,HOU,LAC,13.0,21.0,-8.0,1517.27,1455.34,0.6749,1503.77,1468.84
2016,12,REG,MIA,SF,31.0,24.0,7.0,1501.66,1418.23,0.7015,1507.63,1412.26
2016,12,REG,NO,LA,49.0,21.0,28.0,1480.12,1465.86,0.6121,1487.88,1458.1
2016,12,REG,TB,SEA,14.0,5.0,9.0,1454.51,1600.13,0.386,1466.79,1587.85
2016,12,REG,NYJ,NE,17.0,22.0,-5.0,1469.61,1612.58,0.3896,1461.82,1620.37
2016,12,REG,LV,CAR,35.0,32.0,3.0,1520.4,1543.8,0.5596,1529.21,1535.0
2016,12,REG,DEN,KC,27.0,30.0,-3.0,1600.55,1566.59,0.6387,1587.78,1579.37
2016,12,REG,PHI,GB,13.0,27.0,-14.0,1501.33,1509.04,0.5817,1489.69,1520.67
2016,13,REG,MIN,DAL,15.0,17.0,-2.0,1520.96,1556.89,0.5417,1510.13,1567.73
2016,13,REG,ATL,KC,28.0,29.0,-1.0,1516.53,1579.37,0.5031,1506.47,1589.43
2016,13,REG,BAL,MIA,38.0,6.0,32.0,1488.48,1507.63,0.5656,1497.17,1498.94
2016,13,REG,CHI,SF,26.0,6.0,20.0,1409.39,1412.26,0.5885,1417.62,1404.03
2016,13,REG,CIN,PHI,32.0,14.0,18.0,1500.77,1489.69,0.6078,1508.61,1481.85
2016,13,REG,GB,HOU,21.0,13.0,8.0,1520.67,1503.77,0.6157,1528.36,1496.09
2016,13,REG,JAX,DEN,10.0,20.0,-10.0,1380.67,1587.78,0.3062,1374.55,1593.9
2016,13,REG,NE,LA,26.0,10.0,16.0,1620.37,1458.1,0.7872,1624.62,1453.84
2016,13,REG,NO,DET,13.0,28.0,-15.0,1487.88,1526.8,0.5375,1477.13,1537.55
2016,13,REG,LV,BUF,38.0,24.0,14.0,1529.21,1514.95,0.6121,1536.97,1507.19
2016,13,REG,ARI,WAS,31.0,23.0,8.0,1533.13,1503.18,0.6334,1540.47,1495.84
2016,13,REG,PIT,NYG,24.0,14.0,10.0,1541.85,1515.49,0.6285,1549.28,1508.06
2016,13,REG,LAC,TB,21.0,28.0,-7.0,1468.84,1466.79,0.5953,1456.94,1478.69
2016,13,REG,SEA,CAR,40.0,7.0,33.0,1587.85,1535.0,0.6634,1594.58,1528.26
2016,13,REG,NYJ,IND,10.0,41.0,-31.0,1461.82,1503.74,0.5332,1451.15,1514.41
2016,14,REG,KC,LV,21.0,13.0,8.0,1589.43,1536.97,0.6629,1596.17,1530.23
2016,14,REG,BUF,PIT,20.0,27.0,-7.0,1507.19,1549.28,0.5329,1496.54,1559.94
2016,14,REG,CAR,LAC,28.0,16.0,12.0,1528.26,1456.94,0.6867,1534.53,1450.67
2016,14,REG,CLE,CIN,10.0,23.0,-13.0,1344.46,1508.61,0.3611,1337.24,1515.83
2016,14,REG,DET,CHI,20.0,17.0,3.0,1537.55,1417.62,0.7436,1542.68,1412.49
2016,14,REG,IND,HOU,17.0,22.0,-5.0,1514.41,1496.09,0.6177,1502.05,1508.44
2016,14,REG,JAX,MIN,16.0,25.0,-9.0,1374.55,1510.13,0.3998,1366.55,1518.12
2016,14,REG,MIA,ARI,26.0,23.0,3.0,1498.94,1540.47,0.5337,1508.27,1531.14
2016,14,REG,PHI,WAS,22.0,27.0,-5.0,1481.85,1495.84,0.5729,1470.39,1507.3
2016,14,REG,TEN,DEN,13.0,10.0,3.0,1425.66,1593.9,0.3557,1438.55,1581.02
2016,14,REG,SF,NYJ,17.0,23.0,-6.0,1404.03,1451.15,0.5257,1393.51,1461.67
2016,14,REG,GB,SEA,38.0,10.0,28.0,1528.36,1594.58,0.4982,1538.39,1584.55
2016,14,REG,LA,ATL,14.0,42.0,-28.0,1453.84,1506.47,0.5178,1443.49,1516.83
2016,14,REG,TB,NO,16.0,11.0,5.0,1478.69,1477.13,0.5946,1486.8,1469.02
2016,14,REG,NYG,DAL,10.0,7.0,3.0,1508.06,1567.73,0.5077,1517.91,1557.88
2016,14,REG,NE,BAL,30.0,23.0,7.0,1624.62,1497.17,0.7517,1629.59,1492.21
2016,15,REG,SEA,LA,24.0,3.0,21.0,1584.55,1443.49,0.7661,1589.23,1438.81
2016,15,REG,NYJ,MIA,13.0,34.0,-21.0,1461.67,1508.27,0.5265,1451.14,1518.8
2016,15,REG,BAL,PHI,27.0,26.0,1.0,1492.21,1470.39,0.6224,1499.76,1462.84
2016,15,REG,BUF,CLE,33.0,13.0,20.0,1496.54,1337.24,0.7843,1500.85,1332.93
2016,15,REG,CHI,GB,27.0,30.0,-3.0,1412.49,1538.39,0.4132,1404.23,1546.66
2016,15,REG,CIN,PIT,20.0,24.0,-4.0,1515.83,1559.94,0.53,1505.23,1570.54
2016,15,REG,HOU,JAX,21.0,20.0,1.0,1508.44,1366.55,0.7669,1513.1,1361.89
2016,15,REG,KC,TEN,17.0,19.0,-2.0,1596.17,1438.55,0.7827,1580.52,1454.21
2016,15,REG,MIN,IND,6.0,34.0,-28.0,1518.12,1502.05,0.6146,1505.83,1514.34
2016,15,REG,NYG,DET,17.0,6.0,11.0,1517.91,1542.68,0.5576,1526.76,1533.83
2016,15,REG,ARI,NO,41.0,48.0,-7.0,1531.14,1469.02,0.6752,1517.64,1482.53
2016,15,REG,ATL,SF,41.0,13.0,28.0,1516.83,1393.51,0.7473,1521.88,1388.46
2016,15,REG,DEN,NE,3.0,16.0,-13.0,1581.02,1629.59,0.5236,1570.54,1640.06
2016,15,REG,LAC,LV,16.0,19.0,-3.0,1450.67,1530.23,0.4791,1441.09,1539.81
2016,15,REG,DAL,TB,26.0,20.0,6.0,1557.88,1486.8,0.6864,1564.15,1480.53
2016,15,REG,WAS,CAR,15.0,26.0,-11.0,1507.3,1534.53,0.5541,1496.22,1545.61
2016,16,REG,PHI,NYG,24.0,19.0,5.0,1462.84,1526.76,0.5016,1472.81,1516.79
2016,16,REG,BUF,MIA,31.0,34.0,-3.0,1500.85,1518.8,0.5673,1489.5,1530.14
2016,16,REG,CAR,ATL,16.0,33.0,-17.0,1545.61,1521.88,0.625,1533.11,1534.38
2016,16,REG,CHI,WAS,21.0,41.0,-20.0,1404.23,1496.22,0.4612,1395.0,1505.44
2016,16,REG,CLE,LAC,20.0,17.0,3.0,1332.93,1441.09,0.4382,1344.16,1429.85
2016,16,REG,GB,MIN,38.0,25.0,13.0,1546.66,1505.83,0.6478,1553.7,1498.79
2016,16,REG,JAX,TEN,38.0,17.0,21.0,1361.89,1454.21,0.4608,1372.67,1443.42
2016,16,REG,NE,NYJ,41.0,3.0,38.0,1640.06,1451.14,0.8118,1643.83,1447.37
2016,16,REG,LV,IND,33.0,25.0,8.0,1539.81,1514.34,0.6273,1547.26,1506.89
2016,16,REG,LA,SF,21.0,22.0,-1.0,1438.81,1388.46,0.6602,1425.6,1401.66
2016,16,REG,NO,TB,31.0,24.0,7.0,1482.53,1480.53,0.5952,1490.62,1472.43
2016,16,REG,SEA,ARI,31.0,34.0,-3.0,1589.23,1517.64,0.687,1575.49,1531.38
2016,16,REG,HOU,CIN,12.0,10.0,2.0,1513.1,1505.23,0.6034,1521.04,1497.3
2016,16,REG,PIT,BAL,31.0,27.0,4.0,1570.54,1499.76,0.686,1576.82,1493.48
2016,16,REG,KC,DEN,33.0,10.0,23.0,1580.52,1570.54,0.6062,1588.39,1562.67
2016,16,REG,DAL,DET,42.0,21.0,21.0,1564.15,1533.83,0.6338,1571.48,1526.51
2016,17,REG,CIN,BAL,27.0,10.0,17.0,1497.3,1493.48,0.5978,1505.34,1485.43
2016,17,REG,IND,JAX,24.0,20.0,4.0,1506.89,1372.67,0.7589,1511.71,1367.85
2016,17,REG,MIA,NE,14.0,35.0,-21.0,1530.14,1643.83,0.4304,1521.54,1652.43
2016,17,REG,MIN,CHI,38.0,10.0,28.0,1498.79,1395.0,0.7254,1504.28,1389.51
2016,17,REG,NYJ,BUF,30.0,10.0,20.0,1447.37,1489.5,0.5329,1456.72,1480.16
2016,17,REG,PHI,DAL,27.0,13.0,14.0,1472.81,1571.48,0.4517,1483.78,1560.51
2016,17,REG,PIT,CLE,27.0,24.0,3.0,1576.82,1344.16,0.8473,1579.87,1341.11
2016,17,REG,TB,CAR,17.0,16.0,1.0,1472.43,1533.11,0.5062,1482.31,1523.24
2016,17,REG,TEN,HOU,24.0,17.0,7.0,1443.42,1521.04,0.4819,1453.78,1510.67
2016,17,REG,ATL,NO,38.0,32.0,6.0,1534.38,1490.62,0.6516,1541.35,1483.65
2016,17,REG,DEN,LV,24.0,6.0,18.0,1562.67,1547.26,0.6137,1570.39,1539.54
2016,17,REG,LA,ARI,6.0,44.0,-38.0,1425.6,1531.38,0.4416,1416.77,1540.21
2016,17,REG,LAC,KC,27.0,37.0,-10.0,1429.85,1588.39,0.3685,1422.48,1595.76
2016,17,REG,SF,SEA,23.0,25.0,-2.0,1401.66,1575.49,0.3483,1394.69,1582.45
2016,17,REG,WAS,NYG,10.0,19.0,-9.0,1505.44,1516.79,0.5766,1493.91,1528.32
2016,17,REG,DET,GB,24.0,31.0,-7.0,1526.51,1553.7,0.5542,1515.42,1564.79
2016,18,WC,HOU,LV,27.0,14.0,13.0,1510.67,1539.54,0.5518,1519.64,1530.57
2016,18,WC,SEA,DET,26.0,6.0,20.0,1582.45,1515.42,0.6814,1588.83,1509.05
2016,18,WC,PIT,MIA,30.0,12.0,18.0,1579.87,1521.54,0.6704,1586.47,1514.94
2016,18,WC,GB,NYG,38.0,13.0,25.0,1564.79,1528.32,0.642,1571.95,1521.16
2016,19,DIV,ATL,SEA,36.0,20.0,16.0,1541.35,1588.83,0.5252,1550.84,1579.33
2016,19,DIV,NE,HOU,34.0,16.0,18.0,1652.43,1519.64,0.7574,1657.29,1514.78
2016,19,DIV,DAL,GB,31.0,34.0,-3.0,1560.51,1571.95,0.5765,1548.98,1583.48
2016,19,DIV,KC,PIT,16.0,18.0,-2.0,1595.76,1586.47,0.6053,1583.66,1598.57
2016,20,CON,ATL,GB,44.0,21.0,23.0,1550.84,1583.48,0.5464,1559.92,1574.41
2016,20,CON,NE,PIT,36.0,17.0,19.0,1657.29,1598.57,0.6709,1663.87,1591.99
2016,21,SB,ATL,NE,28.0,34.0,-6.0,1559.92,1663.87,0.4442,1551.03,1672.75
2017,1,REG,NE,KC,27.0,42.0,-15.0,1615.17,1555.77,0.6717,1601.73,1569.21
2017,1,REG,BUF,NYJ,21.0,12.0,9.0,1486.77,1471.14,0.614,1494.49,1463.42
2017,1,REG,CHI,ATL,17.0,23.0,-6.0,1426.34,1534.02,0.4389,1417.56,1542.8
2017,1,REG,CIN,BAL,0.0,20.0,-20.0,1503.56,1490.29,0.6108,1491.35,1502.5
2017,1,REG,CLE,PIT,18.0,21.0,-3.0,1394.07,1561.33,0.357,1386.93,1568.47
2017,1,REG,DET,ARI,35.0,23.0,12.0,1506.03,1526.81,0.5633,1514.77,1518.07
2017,1,REG,HOU,JAX,7.0,29.0,-22.0,1509.86,1411.9,0.7187,1495.48,1426.28
2017,1,REG,TEN,LV,16.0,26.0,-10.0,1469.19,1520.38,0.5199,1458.79,1530.78
2017,1,REG,WAS,PHI,17.0,30.0,-13.0,1495.94,1489.18,0.6018,1483.9,1501.22
2017,1,REG,LA,IND,46.0,9.0,37.0,1444.52,1507.81,0.5025,1454.47,1497.86
2017,1,REG,GB,SEA,17.0,9.0,8.0,1549.6,1552.89,0.5879,1557.85,1544.64
2017,1,REG,SF,CAR,3.0,23.0,-20.0,1429.8,1515.49,0.4703,1420.39,1524.9
2017,1,REG,DAL,NYG,19.0,3.0,16.0,1532.65,1514.11,0.618,1540.29,1506.47
2017,1,REG,MIN,NO,29.0,19.0,10.0,1502.85,1489.1,0.6114,1510.62,1481.33
2017,1,REG,DEN,LAC,24.0,21.0,3.0,1546.93,1448.32,0.7195,1552.54,1442.71
2017,2,REG,CIN,HOU,9.0,13.0,-4.0,1491.35,1495.48,0.5867,1479.61,1507.22
2017,2,REG,BAL,CLE,24.0,10.0,14.0,1502.5,1386.93,0.7387,1507.73,1381.71
2017,2,REG,CAR,BUF,9.0,3.0,6.0,1524.9,1494.49,0.6339,1532.22,1487.17
2017,2,REG,IND,ARI,13.0,16.0,-3.0,1497.86,1518.07,0.5641,1486.58,1529.36
2017,2,REG,JAX,TEN,16.0,37.0,-21.0,1426.28,1458.79,0.5466,1415.34,1469.72
2017,2,REG,KC,PHI,27.0,20.0,7.0,1569.21,1501.22,0.6826,1575.55,1494.87
2017,2,REG,NO,NE,20.0,36.0,-16.0,1481.33,1601.73,0.4209,1472.91,1610.15
2017,2,REG,PIT,MIN,26.0,9.0,17.0,1568.47,1510.62,0.6698,1575.07,1504.02
2017,2,REG,TB,CHI,29.0,7.0,22.0,1488.21,1417.56,0.6859,1494.49,1411.28
2017,2,REG,LAC,MIA,17.0,19.0,-2.0,1442.71,1509.96,0.4968,1432.78,1519.9
2017,2,REG,LV,NYJ,45.0,20.0,25.0,1530.78,1463.42,0.6818,1537.14,1457.06
2017,2,REG,DEN,DAL,42.0,17.0,25.0,1552.54,1540.29,0.6094,1560.35,1532.48
2017,2,REG,LA,WAS,20.0,27.0,-7.0,1454.47,1483.9,0.551,1443.45,1494.92
2017,2,REG,SEA,SF,12.0,9.0,3.0,1544.64,1420.39,0.7483,1549.68,1415.36
2017,2,REG,ATL,GB,34.0,23.0,11.0,1542.8,1557.85,0.5714,1551.37,1549.27
2017,2,REG,NYG,DET,10.0,24.0,-14.0,1506.47,1514.77,0.5809,1494.85,1526.38
2017,3,REG,SF,LA,39.0,41.0,-2.0,1415.36,1443.45,0.5529,1404.3,1454.5
2017,3,REG,BUF,DEN,26.0,16.0,10.0,1487.17,1560.35,0.4882,1497.41,1550.12
2017,3,REG,CAR,NO,13.0,34.0,-21.0,1532.22,1472.91,0.6716,1518.78,1486.34
2017,3,REG,CHI,PIT,23.0,17.0,6.0,1411.28,1575.07,0.3615,1424.05,1562.3
2017,3,REG,DET,ATL,26.0,30.0,-4.0,1526.38,1551.37,0.5573,1515.24,1562.52
2017,3,REG,IND,CLE,31.0,28.0,3.0,1486.58,1381.71,0.7267,1492.04,1376.24
2017,3,REG,MIN,TB,34.0,17.0,17.0,1504.02,1494.49,0.6056,1511.91,1486.6
2017,3,REG,NE,HOU,36.0,33.0,3.0,1610.15,1507.22,0.7245,1615.66,1501.71
2017,3,REG,NYJ,MIA,20.0,6.0,14.0,1457.06,1519.9,0.5031,1467.0,1509.96
2017,3,REG,PHI,NYG,27.0,24.0,3.0,1494.87,1494.85,0.5925,1503.02,1486.7
2017,3,REG,TEN,SEA,33.0,27.0,6.0,1469.72,1549.68,0.4785,1480.15,1539.25
2017,3,REG,GB,CIN,27.0,24.0,3.0,1549.27,1479.61,0.6846,1555.58,1473.31
2017,3,REG,LAC,KC,10.0,24.0,-14.0,1432.78,1575.55,0.3899,1424.98,1583.35
2017,3,REG,WAS,LV,27.0,10.0,17.0,1494.92,1537.14,0.5327,1504.27,1527.8
2017,3,REG,JAX,BAL,44.0,7.0,37.0,1415.34,1507.73,0.4607,1426.13,1496.94
2017,3,REG,ARI,DAL,17.0,28.0,-11.0,1529.36,1532.48,0.5881,1517.59,1544.24
2017,4,REG,GB,CHI,35.0,14.0,21.0,1555.58,1424.05,0.7561,1560.46,1419.17
2017,4,REG,ATL,BUF,17.0,23.0,-6.0,1562.52,1497.41,0.679,1548.94,1510.99
2017,4,REG,BAL,PIT,9.0,26.0,-17.0,1496.94,1562.3,0.4995,1486.95,1572.29
2017,4,REG,CLE,CIN,7.0,31.0,-24.0,1376.24,1473.31,0.454,1367.16,1482.39
2017,4,REG,DAL,LA,30.0,35.0,-5.0,1544.24,1454.5,0.709,1530.06,1468.69
2017,4,REG,HOU,TEN,57.0,14.0,43.0,1501.71,1480.15,0.622,1509.26,1472.6
2017,4,REG,MIN,DET,7.0,14.0,-7.0,1511.91,1515.24,0.5878,1500.15,1526.99
2017,4,REG,NE,CAR,30.0,33.0,-3.0,1615.66,1518.78,0.7174,1601.31,1533.13
2017,4,REG,NYJ,JAX,23.0,20.0,3.0,1467.0,1426.13,0.6478,1474.04,1419.09
2017,4,REG,ARI,SF,18.0,15.0,3.0,1517.59,1404.3,0.7362,1522.87,1399.02
2017,4,REG,LAC,PHI,24.0,26.0,-2.0,1424.98,1503.02,0.4812,1415.35,1512.65
2017,4,REG,TB,NYG,25.0,23.0,2.0,1486.6,1486.7,0.5923,1494.76,1478.55
2017,4,REG,DEN,LV,16.0,10.0,6.0,1550.12,1527.8,0.6231,1557.66,1520.26
2017,4,REG,SEA,IND,46.0,18.0,28.0,1539.25,1492.04,0.6561,1546.13,1485.16
2017,4,REG,MIA,NO,0.0,20.0,-20.0,1509.96,1486.34,0.6248,1497.46,1498.84
2017,4,REG,KC,WAS,29.0,20.0,9.0,1583.35,1504.27,0.6962,1589.43,1498.19
2017,5,REG,TB,NE,14.0,19.0,-5.0,1494.76,1601.31,0.4405,1485.95,1610.12
2017,5,REG,CIN,BUF,20.0,16.0,4.0,1482.39,1510.99,0.5522,1491.34,1502.03
2017,5,REG,CLE,NYJ,14.0,17.0,-3.0,1367.16,1474.04,0.44,1358.36,1482.84
2017,5,REG,DET,CAR,24.0,27.0,-3.0,1526.99,1533.13,0.5839,1515.32,1544.81
2017,5,REG,IND,SF,26.0,23.0,3.0,1485.16,1399.02,0.7048,1491.07,1393.12
2017,5,REG,MIA,TEN,16.0,10.0,6.0,1497.46,1472.6,0.6265,1504.93,1465.13
2017,5,REG,NYG,LAC,22.0,27.0,-5.0,1478.55,1415.35,0.6765,1465.01,1428.88
2017,5,REG,PHI,ARI,34.0,7.0,27.0,1512.65,1522.87,0.5782,1521.08,1514.43
2017,5,REG,PIT,JAX,9.0,30.0,-21.0,1572.29,1419.09,0.7784,1556.72,1434.65
2017,5,REG,LA,SEA,10.0,16.0,-6.0,1468.69,1546.13,0.4821,1459.04,1555.77
2017,5,REG,LV,BAL,17.0,30.0,-13.0,1520.26,1486.95,0.6378,1507.5,1499.71
2017,5,REG,DAL,GB,31.0,35.0,-4.0,1530.06,1560.46,0.5496,1519.07,1571.45
2017,5,REG,HOU,KC,34.0,42.0,-8.0,1509.26,1589.43,0.4782,1499.7,1598.99
2017,5,REG,CHI,MIN,17.0,20.0,-3.0,1419.17,1500.15,0.477,1409.63,1509.69
2017,6,REG,CAR,PHI,23.0,28.0,-5.0,1544.81,1521.08,0.625,1532.31,1533.58
2017,6,REG,ATL,MIA,17.0,20.0,-3.0,1548.94,1504.93,0.6519,1535.9,1517.97
2017,6,REG,BAL,CHI,24.0,27.0,-3.0,1499.71,1409.63,0.7094,1485.52,1423.82
2017,6,REG,HOU,CLE,33.0,17.0,16.0,1499.7,1358.36,0.7663,1504.37,1353.69
2017,6,REG,MIN,GB,23.0,10.0,13.0,1509.69,1571.45,0.5047,1519.6,1561.55
2017,6,REG,NO,DET,52.0,38.0,14.0,1498.84,1515.32,0.5694,1507.45,1506.7
2017,6,REG,NYJ,NE,17.0,24.0,-7.0,1482.84,1610.12,0.4113,1474.62,1618.35
2017,6,REG,WAS,SF,26.0,24.0,2.0,1498.19,1393.12,0.7269,1503.65,1387.66
2017,6,REG,ARI,TB,38.0,33.0,5.0,1514.43,1485.95,0.6314,1521.8,1478.57
2017,6,REG,JAX,LA,17.0,27.0,-10.0,1434.65,1459.04,0.5582,1423.49,1470.21
2017,6,REG,KC,PIT,13.0,19.0,-6.0,1598.99,1556.72,0.6496,1586.0,1569.72
2017,6,REG,LV,LAC,16.0,17.0,-1.0,1507.5,1428.88,0.6957,1493.59,1442.8
2017,6,REG,DEN,NYG,10.0,23.0,-13.0,1557.66,1465.01,0.7125,1543.41,1479.26
2017,6,REG,TEN,IND,36.0,22.0,14.0,1465.13,1491.07,0.556,1474.01,1482.19
2017,7,REG,LV,KC,31.0,30.0,1.0,1493.59,1586.0,0.4606,1504.38,1575.21
2017,7,REG,BUF,TB,30.0,27.0,3.0,1502.03,1478.57,0.6246,1509.54,1471.07
2017,7,REG,CHI,CAR,17.0,3.0,14.0,1423.82,1532.31,0.4377,1435.07,1521.07
2017,7,REG,CLE,TEN,9.0,12.0,-3.0,1353.69,1474.01,0.4211,1345.27,1482.43
2017,7,REG,GB,NO,17.0,26.0,-9.0,1561.55,1507.45,0.665,1548.25,1520.75
2017,7,REG,IND,JAX,0.0,27.0,-27.0,1482.19,1423.49,0.6709,1468.77,1436.91
2017,7,REG,LA,ARI,33.0,0.0,33.0,1470.21,1521.8,0.5193,1479.82,1512.19
2017,7,REG,MIA,NYJ,31.0,28.0,3.0,1517.97,1474.62,0.6511,1524.95,1467.64
2017,7,REG,MIN,BAL,24.0,16.0,8.0,1519.6,1485.52,0.6388,1526.82,1478.3
2017,7,REG,SF,DAL,10.0,40.0,-30.0,1387.66,1519.07,0.4056,1379.54,1527.18
2017,7,REG,LAC,DEN,21.0,0.0,21.0,1442.8,1543.41,0.4489,1453.82,1532.39
2017,7,REG,NYG,SEA,7.0,24.0,-17.0,1479.26,1555.77,0.4834,1469.6,1565.44
2017,7,REG,PIT,CIN,29.0,14.0,15.0,1569.72,1491.34,0.6954,1575.81,1485.25
2017,7,REG,NE,ATL,23.0,7.0,16.0,1618.35,1535.9,0.7003,1624.34,1529.91
2017,7,REG,PHI,WAS,34.0,24.0,10.0,1533.58,1503.65,0.6333,1540.92,1496.32
2017,8,REG,BAL,MIA,40.0,0.0,40.0,1478.3,1524.95,0.5264,1487.77,1515.48
2017,8,REG,BUF,LV,34.0,14.0,20.0,1509.54,1504.38,0.5996,1517.55,1496.37
2017,8,REG,CIN,IND,24.0,23.0,1.0,1485.25,1468.77,0.6152,1492.95,1461.07
2017,8,REG,NE,LAC,21.0,13.0,8.0,1624.34,1453.82,0.7951,1628.44,1449.72
2017,8,REG,NO,CHI,20.0,12.0,8.0,1520.75,1435.07,0.7042,1526.67,1429.15
2017,8,REG,NYJ,ATL,20.0,25.0,-5.0,1467.64,1529.91,0.5039,1457.56,1539.99
2017,8,REG,PHI,SF,33.0,10.0,23.0,1540.92,1379.54,0.7864,1545.19,1375.27
2017,8,REG,TB,CAR,3.0,17.0,-14.0,1471.07,1521.07,0.5216,1460.63,1531.5
2017,8,REG,SEA,HOU,41.0,38.0,3.0,1565.44,1504.37,0.6739,1571.96,1497.85
2017,8,REG,WAS,DAL,19.0,33.0,-14.0,1496.32,1527.18,0.549,1485.34,1538.16
2017,8,REG,DET,PIT,15.0,20.0,-5.0,1506.7,1575.81,0.4941,1496.82,1585.69
2017,8,REG,CLE,MIN,16.0,33.0,-17.0,1345.27,1526.82,0.3383,1338.5,1533.59
2017,8,REG,KC,DEN,29.0,19.0,10.0,1575.21,1532.39,0.6504,1582.2,1525.39
2017,9,REG,NYJ,BUF,34.0,21.0,13.0,1457.56,1517.55,0.5072,1467.41,1507.69
2017,9,REG,CAR,ATL,20.0,17.0,3.0,1531.5,1539.99,0.5806,1539.89,1531.6
2017,9,REG,HOU,IND,14.0,20.0,-6.0,1497.85,1461.07,0.6424,1485.0,1473.92
2017,9,REG,JAX,CIN,23.0,7.0,16.0,1436.91,1492.95,0.5129,1446.65,1483.2
2017,9,REG,NO,TB,30.0,10.0,20.0,1526.67,1460.63,0.6801,1533.07,1454.24
2017,9,REG,NYG,LA,17.0,51.0,-34.0,1469.6,1479.82,0.5782,1458.03,1491.38
2017,9,REG,PHI,DEN,51.0,23.0,28.0,1545.19,1525.39,0.6197,1552.8,1517.79
2017,9,REG,TEN,BAL,23.0,20.0,3.0,1482.43,1487.77,0.585,1490.73,1479.47
2017,9,REG,SEA,WAS,14.0,17.0,-3.0,1571.96,1485.34,0.7053,1557.85,1499.45
2017,9,REG,SF,ARI,10.0,20.0,-10.0,1375.27,1512.19,0.398,1367.31,1520.15
2017,9,REG,DAL,KC,28.0,17.0,11.0,1538.16,1582.2,0.5301,1547.56,1572.81
2017,9,REG,MIA,LV,24.0,27.0,-3.0,1515.48,1496.37,0.6187,1503.1,1508.74
2017,9,REG,GB,DET,17.0,30.0,-13.0,1548.25,1496.82,0.6615,1535.02,1510.05
2017,10,REG,ARI,SEA,16.0,22.0,-6.0,1520.15,1557.85,0.5392,1509.37,1568.64
2017,10,REG,BUF,NO,10.0,47.0,-37.0,1507.69,1533.07,0.5568,1496.55,1544.2
2017,10,REG,CHI,GB,16.0,23.0,-7.0,1429.15,1535.02,0.4415,1420.32,1543.84
2017,10,REG,DET,CLE,38.0,24.0,14.0,1510.05,1338.5,0.796,1514.13,1334.42
2017,10,REG,IND,PIT,17.0,20.0,-3.0,1473.92,1585.69,0.4331,1465.26,1594.35
2017,10,REG,JAX,LAC,20.0,17.0,3.0,1446.65,1449.72,0.5882,1454.88,1441.48
2017,10,REG,TB,NYJ,15.0,10.0,5.0,1454.24,1467.41,0.574,1462.76,1458.89
2017,10,REG,TEN,CIN,24.0,20.0,4.0,1490.73,1483.2,0.6029,1498.67,1475.26
2017,10,REG,WAS,MIN,30.0,38.0,-8.0,1499.45,1533.59,0.5443,1488.56,1544.47
2017,10,REG,LA,HOU,33.0,7.0,26.0,1491.38,1485.0,0.6013,1499.36,1477.03
2017,10,REG,ATL,DAL,27.0,7.0,20.0,1531.6,1547.56,0.5701,1540.2,1538.96
2017,10,REG,SF,NYG,31.0,21.0,10.0,1367.31,1458.03,0.4631,1378.05,1447.29
2017,10,REG,DEN,NE,16.0,41.0,-25.0,1517.79,1628.44,0.4347,1509.09,1637.14
2017,10,REG,CAR,MIA,45.0,21.0,24.0,1539.89,1503.1,0.6424,1547.04,1495.95
2017,11,REG,PIT,TEN,40.0,17.0,23.0,1594.35,1498.67,0.7161,1600.03,1492.99
2017,11,REG,CHI,DET,24.0,27.0,-3.0,1420.32,1514.13,0.4586,1411.15,1523.31
2017,11,REG,CLE,JAX,7.0,19.0,-12.0,1334.42,1454.88,0.4209,1326.01,1463.3
2017,11,REG,GB,BAL,0.0,23.0,-23.0,1543.84,1479.47,0.678,1530.28,1493.03
2017,11,REG,HOU,ARI,31.0,21.0,10.0,1477.03,1509.37,0.5469,1486.09,1500.3
2017,11,REG,MIA,TB,20.0,30.0,-10.0,1495.95,1462.76,0.6377,1483.2,1475.51
2017,11,REG,MIN,LA,24.0,7.0,17.0,1544.47,1499.36,0.6534,1551.4,1492.43
2017,11,REG,NO,WAS,34.0,31.0,3.0,1544.2,1488.56,0.667,1550.86,1481.9
2017,11,REG,NYG,KC,12.0,9.0,3.0,1447.29,1572.81,0.4138,1459.02,1561.08
2017,11,REG,LAC,BUF,54.0,24.0,30.0,1441.48,1496.55,0.5143,1451.2,1486.84
2017,11,REG,DEN,CIN,17.0,20.0,-3.0,1509.09,1475.26,0.6385,1496.32,1488.03
2017,11,REG,LV,NE,8.0,33.0,-25.0,1508.74,1637.14,0.4098,1500.55,1645.33
2017,11,REG,DAL,PHI,9.0,37.0,-28.0,1538.96,1552.8,0.5731,1527.5,1564.26
2017,11,REG,SEA,ATL,31.0,34.0,-3.0,1568.64,1540.2,0.6313,1556.01,1552.82
2017,12,REG,DET,MIN,23.0,30.0,-7.0,1523.31,1551.4,0.5529,1512.25,1562.46
2017,12,REG,DAL,LAC,6.0,28.0,-22.0,1527.5,1451.2,0.6928,1513.64,1465.05
2017,12,REG,WAS,NYG,20.0,10.0,10.0,1481.9,1459.02,0.6238,1489.42,1451.49
2017,12,REG,ATL,TB,34.0,20.0,14.0,1552.82,1475.51,0.6941,1558.94,1469.39
2017,12,REG,CIN,CLE,30.0,16.0,14.0,1488.03,1326.01,0.787,1492.29,1321.75
2017,12,REG,IND,TEN,16.0,20.0,-4.0,1465.26,1492.99,0.5534,1454.19,1504.06
2017,12,REG,KC,BUF,10.0,16.0,-6.0,1561.08,1486.84,0.6903,1547.28,1500.65
2017,12,REG,NE,MIA,35.0,17.0,18.0,1645.33,1483.2,0.7871,1649.59,1478.94
2017,12,REG,NYJ,CAR,27.0,35.0,-8.0,1458.89,1547.04,0.4667,1449.56,1556.37
2017,12,REG,PHI,CHI,31.0,3.0,28.0,1564.26,1411.15,0.7783,1568.69,1406.71
2017,12,REG,SF,SEA,13.0,24.0,-11.0,1378.05,1556.01,0.3429,1371.19,1562.87
2017,12,REG,ARI,JAX,27.0,24.0,3.0,1500.3,1463.3,0.6427,1507.45,1456.16
2017,12,REG,LA,NO,26.0,20.0,6.0,1492.43,1550.86,0.5094,1502.24,1541.05
2017,12,REG,LV,DEN,21.0,14.0,7.0,1500.55,1496.32,0.5983,1508.58,1488.29
2017,12,REG,PIT,GB,31.0,28.0,3.0,1600.03,1530.28,0.6847,1606.34,1523.98
2017,12,REG,BAL,HOU,23.0,16.0,7.0,1493.03,1486.09,0.6021,1500.99,1478.13
2017,13,REG,DAL,WAS,38.0,14.0,24.0,1513.64,1489.42,0.6256,1521.13,1481.94
2017,13,REG,ATL,MIN,9.0,14.0,-5.0,1558.94,1562.46,0.5876,1547.19,1574.21
2017,13,REG,BAL,DET,44.0,20.0,24.0,1500.99,1512.25,0.5767,1509.45,1503.78
2017,13,REG,BUF,NE,3.0,23.0,-20.0,1500.65,1649.59,0.3815,1493.02,1657.22
2017,13,REG,CHI,SF,14.0,15.0,-1.0,1406.71,1371.19,0.6408,1393.9,1384.01
2017,13,REG,GB,TB,26.0,20.0,6.0,1523.98,1469.39,0.6656,1530.67,1462.7
2017,13,REG,JAX,IND,30.0,10.0,20.0,1456.16,1454.19,0.5952,1464.25,1446.1
2017,13,REG,MIA,DEN,35.0,9.0,26.0,1478.94,1488.29,0.5794,1487.35,1479.88
2017,13,REG,NYJ,KC,38.0,31.0,7.0,1449.56,1547.28,0.4531,1460.5,1536.34
2017,13,REG,TEN,HOU,24.0,13.0,11.0,1504.06,1478.13,0.6279,1511.5,1470.69
2017,13,REG,LAC,CLE,19.0,10.0,9.0,1465.05,1321.75,0.7684,1469.69,1317.11
2017,13,REG,ARI,LA,16.0,32.0,-16.0,1507.45,1502.24,0.5997,1495.45,1514.23
2017,13,REG,NO,CAR,31.0,21.0,10.0,1541.05,1556.37,0.571,1549.63,1547.79
2017,13,REG,LV,NYG,24.0,17.0,7.0,1508.58,1451.49,0.6688,1515.21,1444.87
2017,13,REG,SEA,PHI,24.0,10.0,14.0,1562.87,1568.69,0.5844,1571.18,1560.38
2017,13,REG,CIN,PIT,20.0,23.0,-3.0,1492.29,1606.34,0.4299,1483.69,1614.93
2017,14,REG,ATL,NO,20.0,17.0,3.0,1547.19,1549.63,0.5891,1555.41,1541.41
2017,14,REG,BUF,IND,13.0,7.0,6.0,1493.02,1446.1,0.6557,1499.9,1439.21
2017,14,REG,CAR,MIN,31.0,24.0,7.0,1547.79,1574.21,0.5553,1556.69,1565.32
2017,14,REG,CIN,CHI,7.0,33.0,-26.0,1483.69,1393.9,0.7091,1469.51,1408.08
2017,14,REG,CLE,GB,21.0,27.0,-6.0,1317.11,1530.67,0.2984,1311.15,1536.63
2017,14,REG,HOU,SF,16.0,26.0,-10.0,1470.69,1384.01,0.7054,1456.58,1398.12
2017,14,REG,KC,LV,26.0,15.0,11.0,1536.34,1515.21,0.6215,1543.91,1507.64
2017,14,REG,NYG,DAL,10.0,30.0,-20.0,1444.87,1521.13,0.4838,1435.19,1530.81
2017,14,REG,TB,DET,21.0,24.0,-3.0,1462.7,1503.78,0.5344,1452.02,1514.47
2017,14,REG,ARI,TEN,12.0,7.0,5.0,1495.45,1511.5,0.57,1504.05,1502.9
2017,14,REG,DEN,NYJ,23.0,0.0,23.0,1479.88,1460.5,0.6191,1487.5,1452.88
2017,14,REG,LAC,WAS,30.0,13.0,17.0,1469.69,1481.94,0.5753,1478.18,1473.44
2017,14,REG,JAX,SEA,30.0,24.0,6.0,1464.25,1571.18,0.4399,1475.45,1559.98
2017,14,REG,LA,PHI,35.0,43.0,-8.0,1514.23,1560.38,0.5271,1503.69,1570.92
2017,14,REG,PIT,BAL,39.0,38.0,1.0,1614.93,1509.45,0.7274,1620.39,1504.0
2017,14,REG,MIA,NE,27.0,20.0,7.0,1487.35,1657.22,0.3535,1500.28,1644.29
2017,15,REG,IND,DEN,13.0,25.0,-12.0,1439.21,1487.5,0.524,1428.73,1497.98
2017,15,REG,DET,CHI,20.0,10.0,10.0,1514.47,1408.08,0.7284,1519.9,1402.65
2017,15,REG,KC,LAC,30.0,13.0,17.0,1543.91,1478.18,0.6797,1550.31,1471.78
2017,15,REG,BUF,MIA,24.0,16.0,8.0,1499.9,1500.28,0.5919,1508.06,1492.12
2017,15,REG,CAR,GB,31.0,24.0,7.0,1556.69,1536.63,0.62,1564.29,1529.03
2017,15,REG,CLE,BAL,10.0,27.0,-17.0,1311.15,1504.0,0.3239,1304.67,1510.48
2017,15,REG,JAX,HOU,45.0,7.0,38.0,1475.45,1456.58,0.6184,1483.09,1448.95
2017,15,REG,MIN,CIN,34.0,7.0,27.0,1565.32,1469.51,0.7162,1571.0,1463.84
2017,15,REG,NO,NYJ,31.0,19.0,12.0,1541.41,1452.88,0.7076,1547.26,1447.03
2017,15,REG,NYG,PHI,29.0,34.0,-5.0,1435.19,1570.92,0.3996,1427.2,1578.91
2017,15,REG,WAS,ARI,20.0,15.0,5.0,1473.44,1504.05,0.5493,1482.46,1495.04
2017,15,REG,SEA,LA,7.0,42.0,-35.0,1559.98,1503.69,0.6678,1546.63,1517.04
2017,15,REG,PIT,NE,24.0,27.0,-3.0,1620.39,1644.29,0.5589,1609.21,1655.47
2017,15,REG,SF,TEN,25.0,23.0,2.0,1398.12,1502.9,0.443,1409.26,1491.76
2017,15,REG,LV,DAL,17.0,20.0,-3.0,1507.64,1530.81,0.5599,1496.44,1542.0
2017,15,REG,TB,ATL,21.0,24.0,-3.0,1452.02,1555.41,0.445,1443.12,1564.31
2017,16,REG,BAL,IND,23.0,16.0,7.0,1510.48,1428.73,0.6995,1516.49,1422.72
2017,16,REG,GB,MIN,0.0,16.0,-16.0,1529.03,1571.0,0.5331,1518.37,1581.66
2017,16,REG,CAR,TB,22.0,19.0,3.0,1564.29,1443.12,0.7449,1569.39,1438.01
2017,16,REG,CHI,CLE,20.0,3.0,17.0,1402.65,1304.67,0.7187,1408.27,1299.04
2017,16,REG,CIN,DET,26.0,17.0,9.0,1463.84,1519.9,0.5129,1473.58,1510.16
2017,16,REG,KC,MIA,29.0,13.0,16.0,1550.31,1492.12,0.6702,1556.91,1485.52
2017,16,REG,NE,BUF,37.0,16.0,21.0,1655.47,1508.06,0.7725,1660.02,1503.51
2017,16,REG,NO,ATL,23.0,13.0,10.0,1547.26,1564.31,0.5686,1555.89,1555.68
2017,16,REG,NYJ,LAC,7.0,14.0,-7.0,1447.03,1471.78,0.5577,1435.88,1482.93
2017,16,REG,TEN,LA,23.0,27.0,-4.0,1491.76,1517.04,0.5569,1480.62,1528.18
2017,16,REG,WAS,DEN,27.0,11.0,16.0,1482.46,1497.98,0.5707,1491.04,1489.39
2017,16,REG,SF,JAX,44.0,33.0,11.0,1409.26,1483.09,0.4873,1419.51,1472.83
2017,16,REG,ARI,NYG,23.0,0.0,23.0,1495.04,1427.2,0.6824,1501.39,1420.85
2017,16,REG,DAL,SEA,12.0,21.0,-9.0,1542.0,1546.63,0.586,1530.28,1558.35
2017,16,REG,HOU,PIT,6.0,34.0,-28.0,1448.95,1609.21,0.3662,1441.63,1616.53
2017,16,REG,PHI,LV,19.0,10.0,9.0,1578.91,1496.44,0.7003,1584.91,1490.44
2017,17,REG,DET,GB,35.0,11.0,24.0,1510.16,1518.37,0.581,1518.54,1509.99
2017,17,REG,IND,HOU,22.0,13.0,9.0,1422.72,1441.63,0.5659,1431.4,1432.95
2017,17,REG,MIN,CHI,23.0,10.0,13.0,1581.66,1408.27,0.7977,1585.7,1404.23
2017,17,REG,NE,NYJ,26.0,6.0,20.0,1660.02,1435.88,0.8408,1663.2,1432.7
2017,17,REG,NYG,WAS,18.0,10.0,8.0,1420.85,1491.04,0.4925,1431.0,1480.89
2017,17,REG,PHI,DAL,0.0,6.0,-6.0,1584.91,1530.28,0.6657,1571.59,1543.6
2017,17,REG,PIT,CLE,28.0,24.0,4.0,1616.53,1299.04,0.9004,1618.53,1297.05
2017,17,REG,ATL,CAR,22.0,10.0,12.0,1555.68,1569.39,0.5733,1564.21,1560.85
2017,17,REG,BAL,CIN,27.0,31.0,-4.0,1516.49,1473.58,0.6505,1503.48,1486.59
2017,17,REG,DEN,KC,24.0,27.0,-3.0,1489.39,1556.91,0.4964,1479.46,1566.84
2017,17,REG,LA,SF,13.0,34.0,-21.0,1528.18,1419.51,0.731,1513.56,1434.13
2017,17,REG,LAC,LV,30.0,10.0,20.0,1482.93,1490.44,0.582,1491.29,1482.08
2017,17,REG,MIA,BUF,16.0,22.0,-6.0,1485.52,1503.51,0.5672,1474.18,1514.86
2017,17,REG,SEA,ARI,24.0,26.0,-2.0,1558.35,1501.39,0.6686,1544.97,1514.77
2017,17,REG,TB,NO,31.0,24.0,7.0,1438.01,1555.89,0.4245,1449.52,1544.38
2017,17,REG,TEN,JAX,15.0,10.0,5.0,1480.62,1472.83,0.6032,1488.56,1464.9
2017,18,WC,KC,TEN,21.0,22.0,-1.0,1566.84,1488.56,0.6953,1552.93,1502.46
2017,18,WC,LA,ATL,13.0,26.0,-13.0,1513.56,1564.21,0.5206,1503.15,1574.63
2017,18,WC,JAX,BUF,10.0,3.0,7.0,1464.9,1514.86,0.5216,1474.46,1505.29
2017,18,WC,NO,CAR,31.0,26.0,5.0,1544.38,1560.85,0.5694,1552.99,1552.24
2017,19,DIV,PHI,ATL,15.0,10.0,5.0,1571.59,1574.63,0.5882,1579.83,1566.39
2017,19,DIV,NE,TEN,35.0,14.0,21.0,1663.2,1502.46,0.7857,1667.48,1498.18
2017,19,DIV,PIT,JAX,42.0,45.0,-3.0,1618.53,1474.46,0.7691,1603.14,1489.85
2017,19,DIV,MIN,NO,29.0,24.0,5.0,1585.7,1552.99,0.637,1592.96,1545.73
2017,20,CON,NE,JAX,24.0,20.0,4.0,1667.48,1489.85,0.8017,1671.45,1485.88
2017,20,CON,PHI,MIN,38.0,7.0,31.0,1579.83,1592.96,0.5741,1588.35,1584.44
2017,21,SB,NE,PHI,33.0,41.0,-8.0,1671.45,1588.35,0.7011,1657.43,1602.37
2018,1,REG,PHI,ATL,18.0,12.0,6.0,1568.25,1544.26,0.6253,1575.74,1536.77
2018,1,REG,BAL,BUF,47.0,3.0,44.0,1502.32,1503.53,0.5908,1510.5,1495.34
2018,1,REG,CLE,PIT,21.0,21.0,0.0,1364.7,1568.76,0.3099,1368.5,1564.96
2018,1,REG,IND,CIN,23.0,34.0,-11.0,1454.27,1491.06,0.5405,1443.46,1501.87
2018,1,REG,MIA,TEN,27.0,20.0,7.0,1482.79,1498.78,0.5701,1491.39,1490.19
2018,1,REG,MIN,SF,24.0,16.0,8.0,1556.3,1456.09,0.7213,1561.87,1450.51
2018,1,REG,NE,HOU,27.0,20.0,7.0,1604.95,1455.3,0.7748,1609.46,1450.79
2018,1,REG,NO,TB,40.0,48.0,-8.0,1530.49,1466.35,0.6777,1516.93,1479.9
2018,1,REG,NYG,JAX,15.0,20.0,-5.0,1454.0,1490.59,0.5408,1443.18,1501.4
2018,1,REG,LAC,KC,28.0,38.0,-10.0,1494.19,1535.29,0.5343,1483.51,1545.97
2018,1,REG,ARI,WAS,6.0,24.0,-18.0,1509.84,1487.26,0.6234,1497.38,1499.73
2018,1,REG,CAR,DAL,16.0,8.0,8.0,1534.83,1529.06,0.6005,1542.82,1521.07
2018,1,REG,DEN,SEA,27.0,24.0,3.0,1486.31,1529.98,0.5307,1495.7,1520.6
2018,1,REG,GB,CHI,24.0,23.0,1.0,1506.66,1436.15,0.6857,1512.95,1429.87
2018,1,REG,DET,NYJ,17.0,48.0,-31.0,1512.36,1455.13,0.669,1498.98,1468.51
2018,1,REG,LV,LA,13.0,33.0,-20.0,1488.06,1502.1,0.5728,1476.6,1513.56
2018,2,REG,CIN,BAL,34.0,23.0,11.0,1501.87,1510.5,0.5804,1510.26,1502.11
2018,2,REG,ATL,CAR,31.0,24.0,7.0,1536.77,1542.82,0.584,1545.09,1534.5
2018,2,REG,BUF,LAC,20.0,31.0,-11.0,1495.34,1483.51,0.6088,1483.17,1495.68
2018,2,REG,GB,MIN,29.0,29.0,0.0,1512.95,1561.87,0.5231,1512.48,1562.33
2018,2,REG,NO,CLE,21.0,18.0,3.0,1516.93,1368.5,0.7736,1521.46,1363.97
2018,2,REG,NYJ,MIA,12.0,20.0,-8.0,1468.51,1491.39,0.5603,1457.3,1502.59
2018,2,REG,PIT,KC,37.0,42.0,-5.0,1564.96,1545.97,0.6186,1552.59,1558.35
2018,2,REG,TB,PHI,27.0,21.0,6.0,1479.9,1575.74,0.4557,1490.79,1564.85
2018,2,REG,TEN,HOU,20.0,17.0,3.0,1490.19,1450.79,0.6459,1497.27,1443.71
2018,2,REG,WAS,IND,9.0,21.0,-12.0,1499.73,1443.46,0.6678,1486.38,1456.81
2018,2,REG,LA,ARI,34.0,0.0,34.0,1513.56,1497.38,0.6147,1521.26,1489.67
2018,2,REG,SF,DET,30.0,27.0,3.0,1450.51,1498.98,0.5238,1460.04,1489.45
2018,2,REG,DEN,LV,20.0,19.0,1.0,1495.7,1476.6,0.6187,1503.32,1468.97
2018,2,REG,JAX,NE,31.0,20.0,11.0,1501.4,1609.46,0.4384,1512.64,1598.22
2018,2,REG,DAL,NYG,20.0,13.0,7.0,1521.07,1443.18,0.6948,1527.18,1437.08
2018,2,REG,CHI,SEA,24.0,17.0,7.0,1429.87,1520.6,0.463,1440.61,1509.86
2018,3,REG,CLE,NYJ,21.0,17.0,4.0,1363.97,1457.3,0.4593,1374.79,1446.49
2018,3,REG,ATL,NO,37.0,43.0,-6.0,1545.09,1521.46,0.6248,1532.59,1533.96
2018,3,REG,BAL,DEN,27.0,14.0,13.0,1502.11,1503.32,0.5908,1510.3,1495.14
2018,3,REG,CAR,CIN,31.0,21.0,10.0,1534.5,1510.26,0.6257,1541.99,1502.77
2018,3,REG,HOU,NYG,22.0,27.0,-5.0,1443.71,1437.08,0.6017,1431.68,1449.11
2018,3,REG,JAX,TEN,6.0,9.0,-3.0,1512.64,1497.27,0.6136,1500.36,1509.54
2018,3,REG,KC,SF,38.0,27.0,11.0,1558.35,1460.04,0.7191,1563.96,1454.42
2018,3,REG,MIA,LV,28.0,20.0,8.0,1502.59,1468.97,0.6382,1509.83,1461.74
2018,3,REG,MIN,BUF,6.0,27.0,-21.0,1562.33,1483.17,0.6963,1548.41,1497.09
2018,3,REG,PHI,IND,20.0,16.0,4.0,1564.85,1456.81,0.7303,1570.25,1451.42
2018,3,REG,WAS,GB,31.0,17.0,14.0,1486.38,1512.48,0.5557,1495.26,1503.6
2018,3,REG,LA,LAC,35.0,23.0,12.0,1521.26,1495.68,0.6275,1528.71,1488.23
2018,3,REG,ARI,CHI,14.0,16.0,-2.0,1489.67,1440.61,0.6585,1476.5,1453.78
2018,3,REG,SEA,DAL,24.0,13.0,11.0,1509.86,1527.18,0.5682,1518.49,1518.54
2018,3,REG,DET,NE,26.0,10.0,16.0,1489.45,1598.22,0.4373,1500.71,1586.97
2018,3,REG,TB,PIT,27.0,30.0,-3.0,1490.79,1552.59,0.5046,1480.7,1562.68
2018,4,REG,LA,MIN,38.0,31.0,7.0,1528.71,1548.41,0.5648,1537.41,1539.7
2018,4,REG,ATL,CIN,36.0,37.0,-1.0,1532.59,1502.77,0.6332,1519.93,1515.44
2018,4,REG,CHI,TB,48.0,10.0,38.0,1453.78,1480.7,0.5546,1462.68,1471.79
2018,4,REG,DAL,DET,26.0,24.0,2.0,1518.54,1500.71,0.617,1526.2,1493.05
2018,4,REG,GB,BUF,22.0,0.0,22.0,1503.6,1497.09,0.6015,1511.57,1489.12
2018,4,REG,IND,HOU,34.0,37.0,-3.0,1451.42,1431.68,0.6196,1439.03,1444.07
2018,4,REG,JAX,NYJ,31.0,12.0,19.0,1500.36,1446.49,0.6647,1507.07,1439.78
2018,4,REG,NE,MIA,38.0,7.0,31.0,1586.97,1509.83,0.6939,1593.09,1503.7
2018,4,REG,TEN,PHI,26.0,23.0,3.0,1509.54,1570.25,0.5062,1519.42,1560.37
2018,4,REG,ARI,SEA,17.0,20.0,-3.0,1476.5,1518.49,0.5331,1465.84,1529.15
2018,4,REG,LV,CLE,45.0,42.0,3.0,1461.74,1374.79,0.7057,1467.62,1368.9
2018,4,REG,LAC,SF,29.0,27.0,2.0,1488.23,1454.42,0.6385,1495.46,1447.19
2018,4,REG,NYG,NO,18.0,33.0,-15.0,1449.11,1533.96,0.4715,1439.68,1543.39
2018,4,REG,PIT,BAL,14.0,26.0,-12.0,1562.68,1510.3,0.6628,1549.43,1523.55
2018,4,REG,DEN,KC,23.0,27.0,-4.0,1495.14,1563.96,0.4945,1485.25,1573.85
2018,5,REG,NE,IND,38.0,24.0,14.0,1593.09,1439.03,0.7792,1597.51,1434.61
2018,5,REG,BUF,TEN,13.0,12.0,1.0,1489.12,1519.42,0.5498,1498.13,1510.41
2018,5,REG,CAR,NYG,33.0,31.0,2.0,1541.99,1439.68,0.7237,1547.51,1434.16
2018,5,REG,CIN,MIA,27.0,17.0,10.0,1515.44,1503.7,0.6087,1523.26,1495.88
2018,5,REG,CLE,BAL,12.0,9.0,3.0,1368.9,1523.55,0.3738,1381.43,1511.03
2018,5,REG,DET,GB,31.0,23.0,8.0,1493.05,1511.57,0.5665,1501.72,1502.9
2018,5,REG,KC,JAX,30.0,14.0,16.0,1573.85,1507.07,0.6811,1580.23,1500.69
2018,5,REG,NYJ,DEN,34.0,16.0,18.0,1439.78,1485.25,0.5281,1449.22,1475.81
2018,5,REG,PIT,ATL,41.0,17.0,24.0,1549.43,1519.93,0.6327,1556.77,1512.58
2018,5,REG,LAC,LV,26.0,10.0,16.0,1495.46,1467.62,0.6305,1502.85,1460.23
2018,5,REG,PHI,MIN,21.0,23.0,-2.0,1560.37,1539.7,0.6208,1547.95,1552.12
2018,5,REG,SEA,LA,31.0,33.0,-2.0,1529.15,1537.41,0.5809,1517.54,1549.03
2018,5,REG,SF,ARI,18.0,28.0,-10.0,1447.19,1465.84,0.5663,1435.86,1477.17
2018,5,REG,HOU,DAL,19.0,16.0,3.0,1444.07,1526.2,0.4754,1454.56,1515.71
2018,5,REG,NO,WAS,43.0,19.0,24.0,1543.39,1495.26,0.6573,1550.24,1488.41
2018,6,REG,NYG,PHI,13.0,34.0,-21.0,1434.16,1547.95,0.4302,1425.55,1556.56
2018,6,REG,ATL,TB,34.0,29.0,5.0,1512.58,1471.79,0.6477,1519.63,1464.74
2018,6,REG,CIN,PIT,21.0,28.0,-7.0,1523.26,1556.77,0.5452,1512.36,1567.68
2018,6,REG,CLE,LAC,14.0,38.0,-24.0,1381.43,1502.85,0.4195,1373.04,1511.24
2018,6,REG,HOU,BUF,20.0,13.0,7.0,1454.56,1498.13,0.5308,1463.95,1488.74
2018,6,REG,MIA,CHI,31.0,28.0,3.0,1495.88,1462.68,0.6377,1503.12,1455.44
2018,6,REG,MIN,ARI,27.0,17.0,10.0,1552.12,1477.17,0.6912,1558.3,1470.99
2018,6,REG,NYJ,IND,42.0,34.0,8.0,1449.22,1434.61,0.6126,1456.97,1426.86
2018,6,REG,LV,SEA,3.0,27.0,-24.0,1460.23,1517.54,0.5111,1450.01,1527.76
2018,6,REG,WAS,CAR,23.0,17.0,6.0,1488.41,1547.51,0.5085,1498.24,1537.68
2018,6,REG,DEN,LA,20.0,23.0,-3.0,1475.81,1549.03,0.4882,1466.05,1558.8
2018,6,REG,DAL,JAX,40.0,7.0,33.0,1515.71,1500.69,0.6132,1523.45,1492.95
2018,6,REG,TEN,BAL,0.0,21.0,-21.0,1510.41,1511.03,0.5916,1498.58,1522.86
2018,6,REG,NE,KC,43.0,40.0,3.0,1597.51,1580.23,0.6162,1605.18,1572.56
2018,6,REG,GB,SF,33.0,30.0,3.0,1502.9,1435.86,0.6814,1509.27,1429.49
2018,7,REG,ARI,DEN,10.0,45.0,-35.0,1470.99,1466.05,0.5993,1459.0,1478.03
2018,7,REG,CHI,NE,31.0,38.0,-7.0,1455.44,1605.18,0.3804,1447.83,1612.79
2018,7,REG,IND,BUF,37.0,5.0,32.0,1426.86,1488.74,0.5045,1436.77,1478.83
2018,7,REG,JAX,HOU,7.0,20.0,-13.0,1492.95,1463.95,0.6321,1480.31,1476.59
2018,7,REG,MIA,DET,21.0,32.0,-11.0,1503.12,1501.72,0.5944,1491.24,1513.61
2018,7,REG,NYJ,MIN,17.0,37.0,-20.0,1456.97,1558.3,0.4479,1448.01,1567.25
2018,7,REG,PHI,CAR,17.0,21.0,-4.0,1556.56,1537.68,0.6184,1544.19,1550.05
2018,7,REG,TB,CLE,26.0,23.0,3.0,1464.74,1373.04,0.7114,1470.52,1367.26
2018,7,REG,BAL,NO,23.0,24.0,-1.0,1522.86,1550.24,0.5539,1511.78,1561.32
2018,7,REG,SF,LA,10.0,39.0,-29.0,1429.49,1558.8,0.4085,1421.32,1566.97
2018,7,REG,WAS,DAL,20.0,17.0,3.0,1498.24,1523.45,0.557,1507.1,1514.59
2018,7,REG,KC,CIN,45.0,10.0,35.0,1572.56,1512.36,0.6728,1579.1,1505.82
2018,7,REG,LAC,TEN,20.0,19.0,1.0,1511.24,1498.58,0.6099,1519.04,1490.78
2018,7,REG,ATL,NYG,23.0,20.0,3.0,1519.63,1425.55,0.7142,1525.34,1419.84
2018,8,REG,HOU,MIA,42.0,23.0,19.0,1476.59,1491.24,0.572,1485.15,1482.68
2018,8,REG,CAR,BAL,36.0,21.0,15.0,1550.05,1511.78,0.6444,1557.16,1504.67
2018,8,REG,CHI,NYJ,24.0,10.0,14.0,1447.83,1448.01,0.5922,1455.99,1439.86
2018,8,REG,CIN,TB,37.0,34.0,3.0,1505.82,1470.52,0.6405,1513.01,1463.33
2018,8,REG,DET,SEA,14.0,28.0,-14.0,1513.61,1527.76,0.5727,1502.15,1539.21
2018,8,REG,KC,DEN,30.0,23.0,7.0,1579.1,1478.03,0.7223,1584.66,1472.48
2018,8,REG,NYG,WAS,13.0,20.0,-7.0,1419.84,1507.1,0.468,1410.48,1516.46
2018,8,REG,PIT,CLE,33.0,18.0,15.0,1567.68,1367.26,0.8217,1571.24,1363.7
2018,8,REG,LV,IND,28.0,42.0,-14.0,1450.01,1436.77,0.6107,1437.8,1448.99
2018,8,REG,ARI,SF,18.0,15.0,3.0,1459.0,1421.32,0.6436,1466.13,1414.19
2018,8,REG,LA,GB,29.0,27.0,2.0,1566.97,1509.27,0.6696,1573.58,1502.66
2018,8,REG,MIN,NO,20.0,30.0,-10.0,1567.25,1561.32,0.6007,1555.24,1573.33
2018,8,REG,JAX,PHI,18.0,24.0,-6.0,1480.31,1544.19,0.5016,1470.28,1554.22
2018,8,REG,BUF,NE,6.0,25.0,-19.0,1478.83,1612.79,0.402,1470.79,1620.83
2018,9,REG,SF,LV,34.0,3.0,31.0,1414.19,1437.8,0.5593,1423.01,1428.98
2018,9,REG,BAL,PIT,16.0,23.0,-7.0,1504.67,1571.24,0.4977,1494.72,1581.2
2018,9,REG,BUF,CHI,9.0,41.0,-32.0,1470.79,1455.99,0.6129,1458.54,1468.24
2018,9,REG,CAR,TB,42.0,28.0,14.0,1557.16,1463.33,0.7139,1562.88,1457.6
2018,9,REG,CLE,KC,21.0,37.0,-16.0,1363.7,1584.66,0.2895,1357.91,1590.45
2018,9,REG,MIA,NYJ,13.0,6.0,7.0,1482.68,1439.86,0.6504,1489.67,1432.86
2018,9,REG,MIN,DET,24.0,9.0,15.0,1555.24,1502.15,0.6637,1561.97,1495.43
2018,9,REG,WAS,ATL,14.0,38.0,-24.0,1516.46,1525.34,0.5801,1504.86,1536.94
2018,9,REG,DEN,HOU,17.0,19.0,-2.0,1472.48,1485.15,0.5747,1460.98,1496.64
2018,9,REG,SEA,LAC,17.0,25.0,-8.0,1539.21,1519.04,0.6202,1526.81,1531.45
2018,9,REG,NO,LA,45.0,35.0,10.0,1573.33,1573.58,0.5921,1581.49,1565.42
2018,9,REG,NE,GB,31.0,17.0,14.0,1620.83,1502.66,0.7416,1626.0,1497.5
2018,9,REG,DAL,TEN,14.0,28.0,-14.0,1514.59,1490.78,0.6251,1502.08,1503.28
2018,10,REG,PIT,CAR,52.0,21.0,31.0,1581.2,1562.88,0.6177,1588.84,1555.24
2018,10,REG,CHI,DET,34.0,22.0,12.0,1468.24,1495.43,0.5542,1477.16,1486.51
2018,10,REG,CIN,NO,14.0,51.0,-37.0,1513.01,1581.49,0.495,1503.11,1591.39
2018,10,REG,CLE,ATL,28.0,16.0,12.0,1357.91,1536.94,0.3415,1371.08,1523.78
2018,10,REG,IND,JAX,29.0,26.0,3.0,1448.99,1470.28,0.5626,1457.74,1461.53
2018,10,REG,KC,ARI,26.0,14.0,12.0,1590.45,1466.13,0.7483,1595.48,1461.1
2018,10,REG,NYJ,BUF,10.0,41.0,-31.0,1432.86,1458.54,0.5564,1421.74,1469.66
2018,10,REG,TB,WAS,3.0,16.0,-13.0,1457.6,1504.86,0.5255,1447.09,1515.37
2018,10,REG,TEN,NE,34.0,10.0,24.0,1503.28,1626.0,0.4177,1514.93,1614.35
2018,10,REG,LV,LAC,6.0,20.0,-14.0,1428.98,1531.45,0.4463,1420.06,1540.37
2018,10,REG,GB,MIA,31.0,12.0,19.0,1497.5,1489.67,0.6033,1505.43,1481.73
2018,10,REG,LA,SEA,36.0,31.0,5.0,1565.42,1526.81,0.6448,1572.52,1519.7
2018,10,REG,PHI,DAL,20.0,27.0,-7.0,1554.22,1502.08,0.6625,1540.97,1515.33
2018,10,REG,SF,NYG,23.0,27.0,-4.0,1423.01,1410.48,0.6098,1410.81,1422.67
2018,11,REG,SEA,GB,27.0,24.0,3.0,1519.7,1505.43,0.6121,1527.46,1497.67
2018,11,REG,ATL,DAL,19.0,22.0,-3.0,1523.78,1515.33,0.6041,1511.69,1527.42
2018,11,REG,BAL,CIN,24.0,21.0,3.0,1494.72,1503.11,0.5808,1503.1,1494.72
2018,11,REG,DET,CAR,20.0,19.0,1.0,1486.51,1555.24,0.4946,1496.62,1545.13
2018,11,REG,IND,TEN,38.0,10.0,28.0,1457.74,1514.93,0.5112,1467.51,1505.15
2018,11,REG,JAX,PIT,16.0,20.0,-4.0,1461.53,1588.84,0.4113,1453.31,1597.07
2018,11,REG,NYG,TB,38.0,35.0,3.0,1422.67,1447.09,0.5581,1431.51,1438.26
2018,11,REG,WAS,HOU,21.0,23.0,-2.0,1515.37,1496.64,0.6182,1503.0,1509.01
2018,11,REG,ARI,LV,21.0,23.0,-2.0,1461.1,1420.06,0.648,1448.14,1433.02
2018,11,REG,LAC,DEN,22.0,23.0,-1.0,1540.37,1460.98,0.6966,1526.44,1474.92
2018,11,REG,NO,PHI,48.0,7.0,41.0,1591.39,1540.97,0.6602,1598.19,1534.18
2018,11,REG,CHI,MIN,25.0,20.0,5.0,1477.16,1561.97,0.4715,1487.73,1551.4
2018,11,REG,LA,KC,54.0,51.0,3.0,1572.52,1595.48,0.5602,1581.32,1586.68
2018,12,REG,DET,CHI,16.0,23.0,-7.0,1496.62,1487.73,0.6048,1484.52,1499.82
2018,12,REG,DAL,WAS,31.0,23.0,8.0,1527.42,1503.0,0.6259,1534.9,1495.52
2018,12,REG,NO,ATL,31.0,17.0,14.0,1598.19,1511.69,0.7052,1604.08,1505.8
2018,12,REG,BAL,LV,34.0,17.0,17.0,1503.1,1433.02,0.6852,1509.4,1426.72
2018,12,REG,BUF,JAX,24.0,21.0,3.0,1469.66,1453.31,0.615,1477.36,1445.6
2018,12,REG,CAR,SEA,27.0,30.0,-3.0,1545.13,1527.46,0.6168,1532.79,1539.8
2018,12,REG,CIN,CLE,20.0,35.0,-15.0,1494.72,1371.08,0.7476,1479.77,1386.03
2018,12,REG,NYJ,NE,13.0,27.0,-14.0,1421.74,1614.35,0.3242,1415.25,1620.84
2018,12,REG,PHI,NYG,25.0,22.0,3.0,1534.18,1431.51,0.7242,1539.7,1425.99
2018,12,REG,TB,SF,27.0,9.0,18.0,1438.26,1410.81,0.63,1445.66,1403.41
2018,12,REG,LAC,ARI,45.0,10.0,35.0,1526.44,1448.14,0.6953,1532.53,1442.04
2018,12,REG,DEN,PIT,24.0,17.0,7.0,1474.92,1597.07,0.4185,1486.55,1585.44
2018,12,REG,IND,MIA,27.0,24.0,3.0,1467.51,1481.73,0.5726,1476.06,1473.19
2018,12,REG,MIN,GB,24.0,17.0,7.0,1551.4,1497.67,0.6645,1558.11,1490.96
2018,12,REG,HOU,TEN,34.0,17.0,17.0,1509.01,1505.15,0.5978,1517.05,1497.11
2018,13,REG,DAL,NO,13.0,10.0,3.0,1534.9,1604.08,0.494,1545.02,1593.96
2018,13,REG,ATL,BAL,16.0,26.0,-10.0,1505.8,1509.4,0.5875,1494.05,1521.15
2018,13,REG,CIN,DEN,10.0,24.0,-14.0,1479.77,1486.55,0.583,1468.11,1498.21
2018,13,REG,DET,LA,16.0,30.0,-14.0,1484.52,1581.32,0.4544,1475.44,1590.4
2018,13,REG,GB,ARI,17.0,20.0,-3.0,1490.96,1442.04,0.6583,1477.8,1455.21
2018,13,REG,HOU,CLE,29.0,13.0,16.0,1517.05,1386.03,0.7555,1521.94,1381.14
2018,13,REG,JAX,IND,6.0,0.0,6.0,1445.6,1476.06,0.5496,1454.61,1467.05
2018,13,REG,MIA,BUF,21.0,17.0,4.0,1473.19,1477.36,0.5866,1481.45,1469.1
2018,13,REG,NYG,CHI,30.0,27.0,3.0,1425.99,1499.82,0.4873,1436.25,1489.57
2018,13,REG,TB,CAR,24.0,17.0,7.0,1445.66,1532.79,0.4682,1456.29,1522.16
2018,13,REG,LV,KC,33.0,40.0,-7.0,1426.72,1586.68,0.3666,1419.39,1594.02
2018,13,REG,TEN,NYJ,26.0,22.0,4.0,1497.11,1415.25,0.6996,1503.12,1409.24
2018,13,REG,NE,MIN,24.0,10.0,14.0,1620.84,1558.11,0.676,1627.32,1551.63
2018,13,REG,SEA,SF,43.0,16.0,27.0,1539.8,1403.41,0.7612,1544.57,1398.64
2018,13,REG,PIT,LAC,30.0,33.0,-3.0,1585.44,1532.53,0.6635,1572.17,1545.8
2018,13,REG,PHI,WAS,28.0,13.0,15.0,1539.7,1495.52,0.6521,1546.65,1488.56
2018,14,REG,TEN,JAX,30.0,9.0,21.0,1503.12,1454.61,0.6578,1509.96,1447.77
2018,14,REG,BUF,NYJ,23.0,27.0,-4.0,1469.1,1409.24,0.6723,1455.65,1422.69
2018,14,REG,CLE,CAR,26.0,20.0,6.0,1381.14,1522.16,0.3923,1393.29,1510.0
2018,14,REG,GB,ATL,34.0,20.0,14.0,1477.8,1494.05,0.5697,1486.4,1485.44
2018,14,REG,HOU,IND,21.0,24.0,-3.0,1521.94,1467.05,0.666,1508.62,1480.37
2018,14,REG,KC,BAL,27.0,24.0,3.0,1594.02,1521.15,0.6886,1600.24,1514.92
2018,14,REG,MIA,NE,34.0,33.0,1.0,1481.45,1627.32,0.3857,1493.74,1615.03
2018,14,REG,TB,NO,14.0,28.0,-14.0,1456.29,1593.96,0.3969,1448.35,1601.9
2018,14,REG,WAS,NYG,16.0,40.0,-24.0,1488.56,1436.25,0.6627,1475.31,1449.5
2018,14,REG,LAC,CIN,26.0,21.0,5.0,1545.8,1468.11,0.6945,1551.91,1462.0
2018,14,REG,SF,DEN,20.0,14.0,6.0,1398.64,1498.21,0.4504,1409.63,1487.21
2018,14,REG,ARI,DET,3.0,17.0,-14.0,1455.21,1475.44,0.5641,1443.93,1486.72
2018,14,REG,DAL,PHI,29.0,23.0,6.0,1545.02,1546.65,0.5902,1553.21,1538.46
2018,14,REG,LV,PIT,24.0,21.0,3.0,1419.39,1572.17,0.3763,1431.86,1559.7
2018,14,REG,CHI,LA,15.0,6.0,9.0,1489.57,1590.4,0.4486,1500.6,1579.38
2018,14,REG,SEA,MIN,21.0,7.0,14.0,1544.57,1551.63,0.5826,1552.92,1543.28
2018,15,REG,KC,LAC,28.0,29.0,-1.0,1600.24,1551.91,0.6575,1587.09,1565.06
2018,15,REG,NYJ,HOU,22.0,29.0,-7.0,1422.69,1508.62,0.4699,1413.29,1518.02
2018,15,REG,DEN,CLE,16.0,17.0,-1.0,1487.21,1393.29,0.714,1472.93,1407.57
2018,15,REG,ATL,ARI,40.0,14.0,26.0,1485.44,1443.93,0.6487,1492.47,1436.9
2018,15,REG,BAL,TB,20.0,12.0,8.0,1514.92,1448.35,0.6808,1521.3,1441.97
2018,15,REG,BUF,DET,14.0,13.0,1.0,1455.65,1486.72,0.5487,1464.68,1477.69
2018,15,REG,CHI,GB,24.0,17.0,7.0,1500.6,1486.4,0.612,1508.36,1478.64
2018,15,REG,CIN,LV,30.0,16.0,14.0,1462.0,1431.86,0.6336,1469.33,1424.54
2018,15,REG,IND,DAL,23.0,0.0,23.0,1480.37,1553.21,0.4887,1490.6,1542.99
2018,15,REG,JAX,WAS,13.0,16.0,-3.0,1447.77,1475.31,0.5537,1436.7,1486.38
2018,15,REG,MIN,MIA,41.0,17.0,24.0,1543.28,1493.74,0.6591,1550.1,1486.92
2018,15,REG,NYG,TEN,0.0,17.0,-17.0,1449.5,1509.96,0.5065,1439.37,1520.09
2018,15,REG,SF,SEA,26.0,23.0,3.0,1409.63,1552.92,0.3892,1421.84,1540.7
2018,15,REG,PIT,NE,17.0,10.0,7.0,1559.7,1615.03,0.5139,1569.42,1605.31
2018,15,REG,LA,PHI,23.0,30.0,-7.0,1579.38,1538.46,0.6479,1566.42,1551.41
2018,15,REG,CAR,NO,9.0,12.0,-3.0,1510.0,1601.9,0.4614,1500.78,1611.13
2018,16,REG,TEN,WAS,25.0,16.0,9.0,1520.09,1486.38,0.6384,1527.32,1479.15
2018,16,REG,LAC,BAL,10.0,22.0,-12.0,1565.06,1521.3,0.6516,1552.03,1534.33
2018,16,REG,CAR,ATL,10.0,24.0,-14.0,1500.78,1492.47,0.604,1488.7,1504.55
2018,16,REG,CLE,CIN,26.0,18.0,8.0,1407.57,1469.33,0.5047,1417.48,1459.42
2018,16,REG,DAL,TB,27.0,20.0,7.0,1542.99,1441.97,0.7223,1548.54,1436.41
2018,16,REG,DET,MIN,9.0,27.0,-18.0,1477.69,1550.1,0.4893,1467.9,1559.88
2018,16,REG,IND,NYG,28.0,27.0,1.0,1490.6,1439.37,0.6613,1497.37,1432.59
2018,16,REG,MIA,JAX,7.0,17.0,-10.0,1486.92,1436.7,0.66,1473.72,1449.9
2018,16,REG,NE,BUF,24.0,12.0,12.0,1605.31,1464.68,0.7656,1610.0,1459.99
2018,16,REG,NYJ,GB,38.0,44.0,-6.0,1413.29,1478.64,0.4995,1403.3,1488.63
2018,16,REG,PHI,HOU,32.0,30.0,2.0,1551.41,1518.02,0.6379,1558.66,1510.78
2018,16,REG,ARI,LA,9.0,31.0,-22.0,1436.9,1566.42,0.4082,1428.74,1574.58
2018,16,REG,SF,CHI,9.0,14.0,-5.0,1421.84,1508.36,0.4691,1412.46,1517.74
2018,16,REG,NO,PIT,31.0,28.0,3.0,1611.13,1569.42,0.6489,1618.15,1562.4
2018,16,REG,SEA,KC,38.0,31.0,7.0,1540.7,1587.09,0.5268,1550.17,1577.63
2018,16,REG,LV,DEN,27.0,14.0,13.0,1424.54,1472.93,0.5239,1434.06,1463.41
2018,17,REG,BUF,MIA,42.0,17.0,25.0,1459.99,1473.72,0.5732,1468.52,1465.19
2018,17,REG,GB,DET,0.0,31.0,-31.0,1488.63,1467.9,0.6209,1476.22,1480.32
2018,17,REG,HOU,JAX,20.0,3.0,17.0,1510.78,1449.9,0.6736,1517.3,1443.37
2018,17,REG,NE,NYJ,38.0,3.0,35.0,1610.0,1403.3,0.8269,1613.46,1399.84
2018,17,REG,NO,CAR,14.0,33.0,-19.0,1618.15,1488.7,0.7539,1603.07,1503.77
2018,17,REG,NYG,DAL,35.0,36.0,-1.0,1432.59,1548.54,0.4272,1424.05,1557.09
2018,17,REG,TB,ATL,32.0,34.0,-2.0,1436.41,1504.55,0.4955,1426.5,1514.46
2018,17,REG,BAL,CLE,26.0,24.0,2.0,1534.33,1417.48,0.7402,1539.53,1412.28
2018,17,REG,DEN,LAC,9.0,23.0,-14.0,1463.41,1552.03,0.4661,1454.09,1561.35
2018,17,REG,KC,LV,35.0,3.0,32.0,1577.63,1434.06,0.7686,1582.26,1429.43
2018,17,REG,LA,SF,48.0,32.0,16.0,1574.58,1412.46,0.7871,1578.84,1408.2
2018,17,REG,MIN,CHI,10.0,24.0,-14.0,1559.88,1517.74,0.6495,1546.89,1530.73
2018,17,REG,PIT,CIN,16.0,13.0,3.0,1562.4,1459.42,0.7245,1567.91,1453.91
2018,17,REG,SEA,ARI,27.0,24.0,3.0,1550.17,1428.74,0.7452,1555.26,1423.64
2018,17,REG,WAS,PHI,0.0,24.0,-24.0,1479.15,1558.66,0.4791,1469.57,1568.24
2018,17,REG,TEN,IND,17.0,33.0,-16.0,1527.32,1497.37,0.6333,1514.66,1510.04
2018,18,WC,HOU,IND,7.0,21.0,-14.0,1517.3,1510.04,0.6025,1505.25,1522.09
2018,18,WC,DAL,SEA,24.0,22.0,2.0,1557.09,1555.26,0.595,1565.19,1547.16
2018,18,WC,BAL,LAC,17.0,23.0,-6.0,1539.53,1561.35,0.5618,1528.29,1572.59
2018,18,WC,CHI,PHI,15.0,16.0,-1.0,1530.73,1568.24,0.5395,1519.94,1579.03
2018,19,DIV,KC,IND,31.0,13.0,18.0,1582.26,1522.09,0.6727,1588.8,1515.54
2018,19,DIV,LA,DAL,30.0,22.0,8.0,1578.84,1565.19,0.6113,1586.62,1557.41
2018,19,DIV,NE,LAC,41.0,28.0,13.0,1613.46,1572.59,0.6478,1620.5,1565.55
2018,19,DIV,NO,PHI,20.0,14.0,6.0,1603.07,1579.03,0.6254,1610.56,1571.54
2018,20,CON,NO,LA,23.0,26.0,-3.0,1610.56,1586.62,0.6253,1598.06,1599.12
2018,20,CON,KC,NE,31.0,37.0,-6.0,1588.8,1620.5,0.5478,1577.85,1631.46
2018,21,SB,LA,NE,3.0,13.0,-10.0,1599.12,1631.46,0.5469,1588.18,1642.4
2019,1,REG,CHI,GB,3.0,10.0,-7.0,1513.29,1484.14,0.6323,1500.65,1496.79
2019,1,REG,CAR,LA,27.0,30.0,-3.0,1502.52,1558.79,0.5126,1492.27,1569.04
2019,1,REG,CLE,TEN,13.0,43.0,-30.0,1441.52,1509.77,0.4953,1431.62,1519.68
2019,1,REG,JAX,KC,26.0,40.0,-14.0,1462.25,1551.9,0.4646,1452.95,1561.19
2019,1,REG,MIA,BAL,10.0,59.0,-49.0,1476.79,1518.86,0.5329,1466.13,1529.52
2019,1,REG,MIN,ATL,28.0,12.0,16.0,1531.26,1509.64,0.6221,1538.82,1502.08
2019,1,REG,NYJ,BUF,16.0,17.0,-1.0,1433.23,1479.02,0.5276,1422.68,1489.57
2019,1,REG,PHI,WAS,32.0,27.0,5.0,1547.69,1479.71,0.6825,1554.04,1473.36
2019,1,REG,LAC,IND,30.0,24.0,6.0,1543.7,1510.36,0.6379,1550.94,1503.12
2019,1,REG,SEA,CIN,21.0,20.0,1.0,1531.44,1469.27,0.6753,1537.94,1462.78
2019,1,REG,ARI,DET,27.0,27.0,0.0,1449.09,1486.88,0.5391,1448.31,1487.66
2019,1,REG,DAL,NYG,35.0,17.0,18.0,1538.28,1449.37,0.7081,1544.11,1443.53
2019,1,REG,TB,SF,17.0,31.0,-14.0,1451.0,1438.8,0.6093,1438.82,1450.99
2019,1,REG,NE,PIT,33.0,3.0,30.0,1594.93,1545.27,0.6593,1601.75,1538.46
2019,1,REG,NO,HOU,30.0,28.0,2.0,1565.37,1503.5,0.6749,1571.88,1497.0
2019,1,REG,LV,DEN,24.0,16.0,8.0,1452.95,1469.39,0.5694,1461.56,1460.78
2019,2,REG,CAR,TB,14.0,20.0,-6.0,1492.27,1438.82,0.6642,1478.98,1452.1
2019,2,REG,BAL,ARI,23.0,17.0,6.0,1529.52,1448.31,0.6988,1535.55,1442.29
2019,2,REG,CIN,SF,17.0,41.0,-24.0,1462.78,1450.99,0.6087,1450.6,1463.16
2019,2,REG,DET,LAC,13.0,10.0,3.0,1487.66,1550.94,0.5025,1497.61,1540.99
2019,2,REG,GB,MIN,21.0,16.0,5.0,1496.79,1538.82,0.533,1506.13,1529.48
2019,2,REG,HOU,JAX,13.0,12.0,1.0,1497.0,1452.95,0.652,1503.96,1445.99
2019,2,REG,MIA,NE,0.0,43.0,-43.0,1466.13,1601.75,0.3998,1458.14,1609.74
2019,2,REG,NYG,BUF,14.0,28.0,-14.0,1443.53,1489.57,0.5273,1432.98,1500.11
2019,2,REG,PIT,SEA,26.0,28.0,-2.0,1538.46,1537.94,0.5932,1526.59,1549.8
2019,2,REG,TEN,IND,17.0,19.0,-2.0,1519.68,1503.12,0.6153,1507.37,1515.42
2019,2,REG,WAS,DAL,21.0,31.0,-10.0,1473.36,1544.11,0.4917,1463.53,1553.95
2019,2,REG,LV,KC,10.0,28.0,-18.0,1461.56,1561.19,0.4503,1452.56,1570.2
2019,2,REG,DEN,CHI,14.0,16.0,-2.0,1460.78,1500.65,0.5361,1450.06,1511.37
2019,2,REG,LA,NO,27.0,9.0,18.0,1569.04,1571.88,0.5885,1577.27,1563.65
2019,2,REG,ATL,PHI,24.0,20.0,4.0,1502.08,1554.04,0.5188,1511.71,1544.41
2019,2,REG,NYJ,CLE,3.0,23.0,-20.0,1422.68,1431.62,0.58,1411.08,1443.22
2019,3,REG,JAX,TEN,20.0,7.0,13.0,1445.99,1507.37,0.5052,1455.89,1497.48
2019,3,REG,BUF,CIN,21.0,17.0,4.0,1500.11,1450.6,0.6591,1506.93,1443.79
2019,3,REG,DAL,MIA,31.0,6.0,25.0,1553.95,1458.14,0.7162,1559.63,1452.46
2019,3,REG,GB,DEN,27.0,16.0,11.0,1506.13,1450.06,0.6675,1512.78,1443.41
2019,3,REG,IND,ATL,27.0,24.0,3.0,1515.42,1511.71,0.5976,1523.47,1503.66
2019,3,REG,KC,BAL,33.0,28.0,5.0,1570.2,1535.55,0.6396,1577.4,1528.34
2019,3,REG,MIN,LV,34.0,14.0,20.0,1529.48,1452.56,0.6936,1535.61,1446.43
2019,3,REG,NE,NYJ,30.0,14.0,16.0,1609.74,1411.08,0.8202,1613.34,1407.48
2019,3,REG,PHI,DET,24.0,27.0,-3.0,1544.41,1497.61,0.6556,1531.3,1510.72
2019,3,REG,ARI,CAR,20.0,38.0,-18.0,1442.29,1478.98,0.5406,1431.48,1489.8
2019,3,REG,TB,NYG,31.0,32.0,-1.0,1452.1,1432.98,0.6187,1439.72,1445.36
2019,3,REG,LAC,HOU,20.0,27.0,-7.0,1540.99,1503.96,0.6428,1528.13,1516.82
2019,3,REG,SEA,NO,27.0,33.0,-6.0,1549.8,1563.65,0.5731,1538.34,1575.11
2019,3,REG,SF,PIT,24.0,20.0,4.0,1463.16,1526.59,0.5023,1473.12,1516.64
2019,3,REG,CLE,LA,13.0,20.0,-7.0,1443.22,1577.27,0.4019,1435.18,1585.31
2019,3,REG,WAS,CHI,15.0,31.0,-16.0,1463.53,1511.37,0.5247,1453.03,1521.86
2019,4,REG,GB,PHI,27.0,34.0,-7.0,1512.78,1531.3,0.5665,1501.45,1542.63
2019,4,REG,ATL,TEN,10.0,24.0,-14.0,1503.66,1497.48,0.601,1491.64,1509.5
2019,4,REG,BAL,CLE,25.0,40.0,-15.0,1528.34,1435.18,0.7131,1514.08,1449.44
2019,4,REG,BUF,NE,10.0,16.0,-6.0,1506.93,1613.34,0.4407,1498.12,1622.15
2019,4,REG,DET,KC,30.0,34.0,-4.0,1510.72,1577.4,0.4976,1500.77,1587.35
2019,4,REG,HOU,CAR,10.0,16.0,-6.0,1516.82,1489.8,0.6294,1504.23,1502.38
2019,4,REG,IND,LV,24.0,31.0,-7.0,1523.47,1446.43,0.6937,1509.6,1460.3
2019,4,REG,MIA,LAC,10.0,30.0,-20.0,1452.46,1528.13,0.4846,1442.77,1537.83
2019,4,REG,NYG,WAS,24.0,3.0,21.0,1445.36,1453.03,0.5818,1453.72,1444.67
2019,4,REG,ARI,SEA,10.0,27.0,-17.0,1431.48,1538.34,0.44,1422.67,1547.14
2019,4,REG,LA,TB,40.0,55.0,-15.0,1585.31,1439.72,0.7707,1569.89,1455.14
2019,4,REG,CHI,MIN,16.0,6.0,10.0,1521.86,1535.61,0.5732,1530.4,1527.07
2019,4,REG,DEN,JAX,24.0,26.0,-2.0,1443.41,1455.89,0.575,1431.91,1467.39
2019,4,REG,NO,DAL,12.0,10.0,2.0,1575.11,1559.63,0.6138,1582.83,1551.9
2019,4,REG,PIT,CIN,27.0,3.0,24.0,1516.64,1443.79,0.6886,1522.87,1437.56
2019,5,REG,SEA,LA,30.0,29.0,1.0,1547.14,1569.89,0.5605,1555.93,1561.1
2019,5,REG,CAR,JAX,34.0,27.0,7.0,1502.38,1467.39,0.6401,1509.58,1460.19
2019,5,REG,CIN,ARI,23.0,26.0,-3.0,1437.56,1422.67,0.613,1425.3,1434.93
2019,5,REG,HOU,ATL,53.0,32.0,21.0,1504.23,1491.64,0.6098,1512.03,1483.83
2019,5,REG,NO,TB,31.0,24.0,7.0,1582.83,1455.14,0.752,1587.79,1450.18
2019,5,REG,NYG,MIN,10.0,28.0,-18.0,1453.72,1527.07,0.488,1443.96,1536.83
2019,5,REG,LV,CHI,24.0,21.0,3.0,1460.3,1530.4,0.4927,1470.45,1520.25
2019,5,REG,PHI,NYJ,31.0,6.0,25.0,1542.63,1407.48,0.7599,1547.44,1402.68
2019,5,REG,PIT,BAL,23.0,26.0,-3.0,1522.87,1514.08,0.6046,1510.77,1526.17
2019,5,REG,TEN,BUF,7.0,14.0,-7.0,1509.5,1498.12,0.6082,1497.33,1510.28
2019,5,REG,WAS,NE,7.0,33.0,-26.0,1444.67,1622.15,0.3436,1437.8,1629.02
2019,5,REG,LAC,DEN,13.0,20.0,-7.0,1537.83,1431.91,0.7279,1523.27,1446.47
2019,5,REG,DAL,GB,24.0,34.0,-10.0,1551.9,1501.45,0.6603,1538.7,1514.65
2019,5,REG,KC,IND,13.0,19.0,-6.0,1587.35,1509.6,0.6946,1573.46,1523.49
2019,5,REG,SF,CLE,31.0,3.0,28.0,1473.12,1449.44,0.6249,1480.62,1441.94
2019,6,REG,NE,NYG,35.0,14.0,21.0,1629.02,1443.96,0.8084,1632.85,1440.13
2019,6,REG,TB,CAR,26.0,37.0,-11.0,1450.18,1509.58,0.5081,1440.02,1519.74
2019,6,REG,BAL,CIN,23.0,17.0,6.0,1526.17,1425.3,0.7221,1531.73,1419.74
2019,6,REG,CLE,SEA,28.0,32.0,-4.0,1441.94,1555.93,0.43,1433.34,1564.53
2019,6,REG,JAX,NO,6.0,13.0,-7.0,1460.19,1587.79,0.4109,1451.97,1596.01
2019,6,REG,KC,HOU,24.0,31.0,-7.0,1573.46,1512.03,0.6743,1559.98,1525.52
2019,6,REG,MIA,WAS,16.0,17.0,-1.0,1442.77,1437.8,0.5994,1430.78,1449.79
2019,6,REG,MIN,PHI,38.0,20.0,18.0,1536.83,1547.44,0.5776,1545.28,1538.99
2019,6,REG,ARI,ATL,34.0,33.0,1.0,1434.93,1483.83,0.5232,1444.47,1474.3
2019,6,REG,LA,SF,7.0,20.0,-13.0,1561.1,1480.62,0.6979,1547.15,1494.58
2019,6,REG,DEN,TEN,16.0,0.0,16.0,1446.47,1497.33,0.5203,1456.06,1487.74
2019,6,REG,NYJ,DAL,24.0,22.0,2.0,1402.68,1538.7,0.3992,1414.69,1526.68
2019,6,REG,LAC,PIT,17.0,24.0,-7.0,1523.27,1510.77,0.6097,1511.08,1522.97
2019,6,REG,GB,DET,23.0,22.0,1.0,1514.65,1500.77,0.6116,1522.42,1493.01
2019,7,REG,DEN,KC,6.0,30.0,-24.0,1456.06,1559.98,0.4442,1447.18,1568.86
2019,7,REG,ATL,LA,10.0,37.0,-27.0,1474.3,1547.15,0.4887,1464.52,1556.92
2019,7,REG,BUF,MIA,31.0,21.0,10.0,1510.28,1430.78,0.6967,1516.35,1424.72
2019,7,REG,CIN,JAX,17.0,27.0,-10.0,1419.74,1451.97,0.547,1408.8,1462.91
2019,7,REG,DET,MIN,30.0,42.0,-12.0,1493.01,1545.28,0.5183,1482.64,1555.65
2019,7,REG,GB,LV,42.0,24.0,18.0,1522.42,1470.45,0.6623,1529.18,1463.7
2019,7,REG,IND,HOU,30.0,23.0,7.0,1523.49,1525.52,0.5896,1531.7,1517.31
2019,7,REG,NYG,ARI,21.0,27.0,-6.0,1440.13,1444.47,0.5864,1428.4,1456.2
2019,7,REG,WAS,SF,0.0,9.0,-9.0,1449.79,1494.58,0.529,1439.2,1505.16
2019,7,REG,TEN,LAC,23.0,20.0,3.0,1487.74,1511.08,0.5597,1496.55,1502.27
2019,7,REG,CHI,NO,25.0,36.0,-11.0,1520.25,1596.01,0.4845,1510.56,1605.7
2019,7,REG,SEA,BAL,16.0,30.0,-14.0,1564.53,1531.73,0.6371,1551.79,1544.47
2019,7,REG,DAL,PHI,37.0,10.0,27.0,1526.68,1538.99,0.5753,1535.17,1530.49
2019,7,REG,NYJ,NE,0.0,33.0,-33.0,1414.69,1632.85,0.2928,1408.84,1638.71
2019,8,REG,MIN,WAS,19.0,9.0,10.0,1555.65,1439.2,0.7397,1560.85,1434.0
2019,8,REG,ATL,SEA,20.0,27.0,-7.0,1464.52,1551.79,0.468,1455.16,1561.15
2019,8,REG,BUF,PHI,13.0,31.0,-18.0,1516.35,1530.49,0.5727,1504.89,1541.95
2019,8,REG,CHI,LAC,16.0,17.0,-1.0,1510.56,1502.27,0.6039,1498.48,1514.35
2019,8,REG,DET,NYG,31.0,26.0,5.0,1482.64,1428.4,0.6652,1489.34,1421.71
2019,8,REG,IND,DEN,15.0,13.0,2.0,1531.7,1447.18,0.7028,1537.64,1441.23
2019,8,REG,JAX,NYJ,29.0,15.0,14.0,1462.91,1408.84,0.665,1469.61,1402.14
2019,8,REG,LA,CIN,24.0,10.0,14.0,1556.92,1408.8,0.7733,1561.45,1404.26
2019,8,REG,NO,ARI,31.0,9.0,22.0,1605.7,1456.2,0.7747,1610.21,1451.69
2019,8,REG,TEN,TB,27.0,23.0,4.0,1496.55,1440.02,0.6681,1503.19,1433.38
2019,8,REG,SF,CAR,51.0,13.0,38.0,1505.16,1519.74,0.572,1513.72,1511.18
2019,8,REG,HOU,LV,27.0,24.0,3.0,1517.31,1463.7,0.6644,1524.02,1456.98
2019,8,REG,NE,CLE,27.0,13.0,14.0,1638.71,1433.34,0.8258,1642.19,1429.86
2019,8,REG,KC,GB,24.0,31.0,-7.0,1568.86,1529.18,0.6463,1555.94,1542.1
2019,8,REG,PIT,MIA,27.0,14.0,13.0,1522.97,1424.72,0.719,1528.59,1419.1
2019,9,REG,ARI,SF,25.0,28.0,-3.0,1451.69,1513.72,0.5043,1441.61,1523.8
2019,9,REG,JAX,HOU,3.0,26.0,-23.0,1469.61,1524.02,0.5152,1459.31,1534.33
2019,9,REG,BUF,WAS,24.0,9.0,15.0,1504.89,1434.0,0.6862,1511.17,1427.72
2019,9,REG,CAR,TEN,30.0,20.0,10.0,1511.18,1503.19,0.6035,1519.11,1495.26
2019,9,REG,KC,MIN,26.0,23.0,3.0,1555.94,1560.85,0.5856,1564.22,1552.56
2019,9,REG,MIA,NYJ,26.0,18.0,8.0,1419.1,1402.14,0.6158,1426.78,1394.45
2019,9,REG,PHI,CHI,22.0,14.0,8.0,1541.95,1498.48,0.6512,1548.92,1491.51
2019,9,REG,PIT,IND,26.0,24.0,2.0,1528.59,1537.64,0.5798,1536.99,1529.24
2019,9,REG,LV,DET,31.0,24.0,7.0,1456.98,1489.34,0.5468,1466.05,1480.27
2019,9,REG,SEA,TB,40.0,34.0,6.0,1561.15,1433.38,0.7521,1566.11,1428.42
2019,9,REG,DEN,CLE,24.0,19.0,5.0,1441.23,1429.86,0.6082,1449.07,1422.02
2019,9,REG,LAC,GB,26.0,11.0,15.0,1514.35,1542.1,0.5534,1523.28,1533.17
2019,9,REG,BAL,NE,37.0,20.0,17.0,1544.47,1642.19,0.453,1555.41,1631.25
2019,9,REG,NYG,DAL,18.0,37.0,-19.0,1421.71,1535.17,0.4307,1413.09,1543.79
2019,10,REG,LV,LAC,26.0,24.0,2.0,1466.05,1523.28,0.5112,1475.82,1513.5
2019,10,REG,CHI,DET,20.0,13.0,7.0,1491.51,1480.27,0.608,1499.35,1472.43
2019,10,REG,CIN,BAL,13.0,49.0,-36.0,1404.26,1555.41,0.3785,1396.69,1562.98
2019,10,REG,CLE,BUF,19.0,16.0,3.0,1422.02,1511.17,0.4653,1432.71,1500.48
2019,10,REG,NO,ATL,9.0,26.0,-17.0,1610.21,1455.16,0.7802,1594.6,1470.77
2019,10,REG,NYJ,NYG,34.0,27.0,7.0,1394.45,1413.09,0.5663,1403.13,1404.42
2019,10,REG,TB,ARI,30.0,27.0,3.0,1428.42,1441.61,0.574,1436.94,1433.09
2019,10,REG,TEN,KC,35.0,32.0,3.0,1495.26,1564.22,0.4943,1505.37,1554.11
2019,10,REG,IND,MIA,12.0,16.0,-4.0,1529.24,1426.78,0.7239,1514.76,1441.26
2019,10,REG,GB,CAR,24.0,16.0,8.0,1533.17,1519.11,0.6118,1540.93,1511.35
2019,10,REG,PIT,LA,17.0,12.0,5.0,1536.99,1561.45,0.5581,1545.83,1552.62
2019,10,REG,DAL,MIN,24.0,28.0,-4.0,1543.79,1552.56,0.5802,1532.18,1564.17
2019,10,REG,SF,SEA,24.0,27.0,-3.0,1523.8,1566.11,0.5326,1513.15,1576.76
2019,11,REG,CLE,PIT,21.0,7.0,14.0,1432.71,1545.83,0.4312,1444.09,1534.45
2019,11,REG,BAL,HOU,41.0,7.0,34.0,1562.98,1534.33,0.6316,1570.35,1526.96
2019,11,REG,CAR,ATL,3.0,29.0,-26.0,1511.35,1470.77,0.6474,1498.4,1483.72
2019,11,REG,DET,DAL,27.0,35.0,-8.0,1472.43,1532.18,0.5076,1462.28,1542.33
2019,11,REG,IND,JAX,33.0,13.0,20.0,1514.76,1459.31,0.6667,1521.42,1452.64
2019,11,REG,MIA,BUF,20.0,37.0,-17.0,1441.26,1500.48,0.5083,1431.09,1510.64
2019,11,REG,MIN,DEN,27.0,23.0,4.0,1564.17,1449.07,0.7382,1569.4,1443.83
2019,11,REG,TB,NO,17.0,34.0,-17.0,1436.94,1594.6,0.3697,1429.55,1602.0
2019,11,REG,WAS,NYJ,17.0,34.0,-17.0,1427.72,1403.13,0.6262,1415.2,1415.65
2019,11,REG,SF,ARI,36.0,26.0,10.0,1513.15,1433.09,0.6974,1519.2,1427.04
2019,11,REG,LV,CIN,17.0,10.0,7.0,1475.82,1396.69,0.6963,1481.9,1390.62
2019,11,REG,PHI,NE,10.0,17.0,-7.0,1548.92,1631.25,0.4751,1539.42,1640.76
2019,11,REG,LA,CHI,17.0,7.0,10.0,1552.62,1499.35,0.6639,1559.34,1492.62
2019,11,REG,LAC,KC,17.0,24.0,-7.0,1513.5,1554.11,0.535,1502.8,1564.81
2019,12,REG,HOU,IND,20.0,17.0,3.0,1526.96,1521.42,0.6001,1534.96,1513.43
2019,12,REG,ATL,TB,22.0,35.0,-13.0,1483.72,1429.55,0.6651,1470.41,1442.85
2019,12,REG,BUF,DEN,20.0,3.0,17.0,1510.64,1443.83,0.6811,1517.02,1437.46
2019,12,REG,CHI,NYG,19.0,14.0,5.0,1492.62,1404.42,0.7072,1498.48,1398.56
2019,12,REG,CIN,PIT,10.0,16.0,-6.0,1390.62,1534.45,0.3885,1382.85,1542.22
2019,12,REG,CLE,MIA,41.0,24.0,17.0,1444.09,1431.09,0.6104,1451.88,1423.3
2019,12,REG,NO,CAR,34.0,31.0,3.0,1602.0,1498.4,0.7252,1607.49,1492.91
2019,12,REG,NYJ,LV,34.0,3.0,31.0,1415.65,1481.9,0.4982,1425.69,1471.86
2019,12,REG,PHI,SEA,9.0,17.0,-8.0,1539.42,1576.76,0.5397,1528.63,1587.55
2019,12,REG,WAS,DET,19.0,16.0,3.0,1415.2,1462.28,0.5258,1424.68,1452.8
2019,12,REG,TEN,JAX,42.0,20.0,22.0,1505.37,1452.64,0.6632,1512.11,1445.91
2019,12,REG,NE,DAL,13.0,9.0,4.0,1640.76,1542.33,0.7192,1646.37,1536.72
2019,12,REG,SF,GB,37.0,8.0,29.0,1519.2,1540.93,0.562,1527.96,1532.17
2019,12,REG,LA,BAL,6.0,45.0,-39.0,1559.34,1570.35,0.5771,1547.8,1581.89
2019,13,REG,DET,CHI,20.0,24.0,-4.0,1452.8,1498.48,0.5278,1442.24,1509.04
2019,13,REG,DAL,BUF,15.0,26.0,-11.0,1536.72,1517.02,0.6195,1524.33,1529.41
2019,13,REG,ATL,NO,18.0,26.0,-8.0,1470.41,1607.49,0.3977,1462.46,1615.45
2019,13,REG,BAL,SF,20.0,17.0,3.0,1581.89,1527.96,0.6648,1588.59,1521.26
2019,13,REG,CAR,WAS,21.0,29.0,-8.0,1492.91,1424.68,0.6828,1479.25,1438.34
2019,13,REG,CIN,NYJ,22.0,6.0,16.0,1382.85,1425.69,0.5319,1392.21,1416.32
2019,13,REG,IND,TEN,17.0,31.0,-14.0,1513.43,1512.11,0.5943,1501.54,1523.99
2019,13,REG,JAX,TB,11.0,28.0,-17.0,1445.91,1442.85,0.5967,1433.97,1454.78
2019,13,REG,MIA,PHI,37.0,31.0,6.0,1423.3,1528.63,0.4422,1434.46,1517.47
2019,13,REG,NYG,GB,13.0,31.0,-18.0,1398.56,1532.17,0.4025,1390.51,1540.22
2019,13,REG,PIT,CLE,20.0,13.0,7.0,1542.22,1451.88,0.7098,1548.03,1446.08
2019,13,REG,ARI,LA,7.0,34.0,-27.0,1427.04,1547.8,0.4204,1418.63,1556.2
2019,13,REG,DEN,LAC,23.0,20.0,3.0,1437.46,1502.8,0.4995,1447.47,1492.79
2019,13,REG,KC,LV,40.0,9.0,31.0,1564.81,1471.86,0.7128,1570.55,1466.12
2019,13,REG,HOU,NE,28.0,22.0,6.0,1534.96,1646.37,0.4336,1546.28,1635.04
2019,13,REG,SEA,MIN,37.0,30.0,7.0,1587.55,1569.4,0.6174,1595.2,1561.75
2019,14,REG,CHI,DAL,31.0,24.0,7.0,1509.04,1524.33,0.571,1517.61,1515.75
2019,14,REG,ATL,CAR,40.0,20.0,20.0,1462.46,1479.25,0.5689,1471.08,1470.63
2019,14,REG,BUF,BAL,17.0,24.0,-7.0,1529.41,1588.59,0.5084,1519.24,1598.76
2019,14,REG,CLE,CIN,27.0,19.0,8.0,1446.08,1392.21,0.6647,1452.78,1385.51
2019,14,REG,GB,WAS,20.0,15.0,5.0,1540.22,1438.34,0.7233,1545.76,1432.81
2019,14,REG,HOU,DEN,24.0,38.0,-14.0,1546.28,1447.47,0.7197,1531.89,1461.86
2019,14,REG,MIN,DET,20.0,7.0,13.0,1561.75,1442.24,0.7431,1566.89,1437.1
2019,14,REG,NO,SF,46.0,48.0,-2.0,1615.45,1521.26,0.7143,1601.16,1535.55
2019,14,REG,NYJ,MIA,22.0,21.0,1.0,1416.32,1434.46,0.567,1424.98,1425.8
2019,14,REG,TB,IND,38.0,35.0,3.0,1454.78,1501.54,0.5262,1464.26,1492.07
2019,14,REG,JAX,LAC,10.0,45.0,-35.0,1433.97,1492.79,0.5089,1423.8,1502.97
2019,14,REG,ARI,PIT,17.0,23.0,-6.0,1418.63,1548.03,0.4084,1410.46,1556.19
2019,14,REG,NE,KC,16.0,23.0,-7.0,1635.04,1570.55,0.6782,1621.48,1584.12
2019,14,REG,LV,TEN,21.0,42.0,-21.0,1466.12,1523.99,0.5103,1455.91,1534.2
2019,14,REG,LA,SEA,28.0,12.0,16.0,1556.2,1595.2,0.5373,1565.46,1585.95
2019,14,REG,PHI,NYG,23.0,17.0,6.0,1517.47,1390.51,0.7512,1522.45,1385.54
2019,15,REG,BAL,NYJ,42.0,21.0,21.0,1598.76,1424.98,0.7981,1602.8,1420.94
2019,15,REG,CAR,SEA,24.0,30.0,-6.0,1470.63,1585.95,0.4281,1462.07,1594.51
2019,15,REG,CIN,NE,13.0,34.0,-21.0,1385.51,1621.48,0.2721,1380.07,1626.92
2019,15,REG,DET,TB,17.0,38.0,-21.0,1437.1,1464.26,0.5543,1426.02,1475.34
2019,15,REG,GB,CHI,21.0,13.0,8.0,1545.76,1517.61,0.6309,1553.14,1510.23
2019,15,REG,KC,DEN,23.0,3.0,20.0,1584.12,1461.86,0.7461,1589.19,1456.78
2019,15,REG,NYG,MIA,36.0,20.0,16.0,1385.54,1425.8,0.5355,1394.83,1416.51
2019,15,REG,TEN,HOU,21.0,24.0,-3.0,1534.2,1531.89,0.5957,1522.28,1543.8
2019,15,REG,WAS,PHI,27.0,37.0,-10.0,1432.81,1522.45,0.4646,1423.51,1531.74
2019,15,REG,ARI,CLE,38.0,24.0,14.0,1410.46,1452.78,0.5326,1419.81,1443.43
2019,15,REG,LAC,MIN,10.0,39.0,-29.0,1502.97,1566.89,0.5016,1492.94,1576.92
2019,15,REG,LV,JAX,16.0,20.0,-4.0,1455.91,1423.8,0.6362,1443.19,1436.52
2019,15,REG,DAL,LA,44.0,21.0,23.0,1515.75,1565.46,0.522,1525.31,1555.9
2019,15,REG,SF,ATL,22.0,29.0,-7.0,1535.55,1471.08,0.6781,1521.98,1484.64
2019,15,REG,PIT,BUF,10.0,17.0,-7.0,1556.19,1519.24,0.6426,1543.34,1532.1
2019,15,REG,NO,IND,34.0,7.0,27.0,1601.16,1492.07,0.7315,1606.53,1486.69
2019,16,REG,TB,HOU,20.0,23.0,-3.0,1475.34,1543.8,0.495,1465.44,1553.7
2019,16,REG,NE,BUF,24.0,17.0,7.0,1626.92,1532.1,0.715,1632.62,1526.4
2019,16,REG,SF,LA,34.0,31.0,3.0,1521.98,1555.9,0.5446,1531.09,1546.79
2019,16,REG,ATL,JAX,24.0,12.0,12.0,1484.64,1436.52,0.6573,1491.5,1429.67
2019,16,REG,CLE,BAL,15.0,31.0,-16.0,1443.43,1602.8,0.3674,1436.09,1610.15
2019,16,REG,IND,CAR,38.0,6.0,32.0,1486.69,1462.07,0.6262,1494.17,1454.59
2019,16,REG,MIA,CIN,38.0,35.0,3.0,1416.51,1380.07,0.642,1423.67,1372.91
2019,16,REG,NYJ,PIT,16.0,10.0,6.0,1420.94,1543.34,0.4181,1432.58,1531.7
2019,16,REG,TEN,NO,28.0,38.0,-10.0,1522.28,1606.53,0.4723,1512.84,1615.98
2019,16,REG,WAS,NYG,35.0,41.0,-6.0,1423.51,1394.83,0.6317,1410.88,1407.46
2019,16,REG,DEN,DET,27.0,17.0,10.0,1456.78,1426.02,0.6344,1464.09,1418.71
2019,16,REG,LAC,LV,17.0,24.0,-7.0,1492.94,1443.19,0.6594,1479.75,1456.38
2019,16,REG,PHI,DAL,17.0,9.0,8.0,1531.74,1525.31,0.6014,1539.71,1517.34
2019,16,REG,SEA,ARI,13.0,27.0,-14.0,1594.51,1419.81,0.799,1578.53,1435.79
2019,16,REG,CHI,KC,3.0,26.0,-23.0,1510.23,1589.19,0.4799,1500.63,1598.79
2019,16,REG,MIN,GB,10.0,23.0,-13.0,1576.92,1553.14,0.6251,1564.42,1565.64
2019,17,REG,BUF,NYJ,6.0,13.0,-7.0,1526.4,1432.58,0.7139,1512.12,1446.86
2019,17,REG,CAR,NO,10.0,42.0,-32.0,1454.59,1615.98,0.3647,1447.3,1623.27
2019,17,REG,CIN,CLE,33.0,23.0,10.0,1372.91,1436.09,0.5026,1382.85,1426.14
2019,17,REG,DET,GB,20.0,23.0,-3.0,1418.71,1565.64,0.3842,1411.02,1573.33
2019,17,REG,KC,LAC,31.0,21.0,10.0,1598.79,1479.75,0.7426,1603.94,1474.6
2019,17,REG,MIN,CHI,19.0,21.0,-2.0,1564.42,1500.63,0.6773,1550.87,1514.18
2019,17,REG,NE,MIA,24.0,27.0,-3.0,1632.62,1423.67,0.8288,1616.04,1440.24
2019,17,REG,TB,ATL,22.0,28.0,-6.0,1465.44,1491.5,0.5558,1454.33,1502.61
2019,17,REG,BAL,PIT,28.0,10.0,18.0,1610.15,1531.7,0.6955,1616.24,1525.61
2019,17,REG,DAL,WAS,47.0,16.0,31.0,1517.34,1410.88,0.7285,1522.77,1405.45
2019,17,REG,DEN,LV,16.0,15.0,1.0,1464.09,1456.38,0.6031,1472.03,1448.44
2019,17,REG,HOU,TEN,14.0,35.0,-21.0,1553.7,1512.84,0.6478,1540.75,1525.79
2019,17,REG,JAX,IND,38.0,20.0,18.0,1429.67,1494.17,0.5007,1439.65,1484.19
2019,17,REG,LA,ARI,31.0,24.0,7.0,1546.79,1435.79,0.7336,1552.12,1430.46
2019,17,REG,NYG,PHI,17.0,34.0,-17.0,1407.46,1539.71,0.4044,1399.37,1547.8
2019,17,REG,SEA,SF,21.0,26.0,-5.0,1578.53,1531.09,0.6564,1565.41,1544.22
2019,18,WC,HOU,BUF,22.0,19.0,3.0,1540.75,1512.12,0.6316,1548.12,1504.75
2019,18,WC,NE,TEN,13.0,20.0,-7.0,1616.04,1525.79,0.7097,1601.85,1539.99
2019,18,WC,NO,MIN,20.0,26.0,-6.0,1623.27,1550.87,0.688,1609.51,1564.63
2019,18,WC,PHI,SEA,9.0,17.0,-8.0,1547.8,1565.41,0.5678,1536.44,1576.76
2019,19,DIV,SF,MIN,27.0,10.0,17.0,1544.22,1564.63,0.5638,1552.94,1555.91
2019,19,DIV,BAL,TEN,12.0,28.0,-16.0,1616.24,1539.99,0.6928,1602.38,1553.84
2019,19,DIV,KC,HOU,51.0,31.0,20.0,1603.94,1548.12,0.6672,1610.6,1541.46
2019,19,DIV,GB,SEA,28.0,23.0,5.0,1573.33,1576.76,0.5877,1581.57,1568.51
2019,20,CON,KC,TEN,35.0,24.0,11.0,1610.6,1553.84,0.6684,1617.23,1547.21
2019,20,CON,SF,GB,37.0,20.0,17.0,1552.94,1581.57,0.5522,1561.9,1572.61
2019,21,SB,KC,SF,31.0,20.0,11.0,1617.23,1561.9,0.6666,1623.9,1555.23
2020,1,REG,KC,HOU,34.0,20.0,14.0,1582.6,1527.64,0.6661,1589.28,1520.96
2020,1,REG,ATL,SEA,25.0,38.0,-13.0,1501.74,1545.68,0.5303,1491.14,1556.28
2020,1,REG,BAL,CLE,38.0,6.0,32.0,1568.26,1450.76,0.7409,1573.44,1445.58
2020,1,REG,BUF,NYJ,27.0,17.0,10.0,1503.17,1464.57,0.6448,1510.27,1457.47
2020,1,REG,CAR,LV,30.0,34.0,-4.0,1464.86,1465.63,0.5914,1453.04,1477.45
2020,1,REG,DET,CHI,23.0,27.0,-4.0,1440.68,1509.45,0.4946,1430.79,1519.35
2020,1,REG,JAX,IND,27.0,20.0,7.0,1459.77,1489.46,0.5506,1468.76,1480.47
2020,1,REG,MIN,GB,34.0,43.0,-9.0,1537.27,1548.41,0.5769,1525.74,1559.95
2020,1,REG,NE,MIA,21.0,11.0,10.0,1567.9,1460.16,0.7299,1573.3,1454.76
2020,1,REG,WAS,PHI,27.0,17.0,10.0,1436.97,1524.3,0.4679,1447.61,1513.65
2020,1,REG,CIN,LAC,13.0,16.0,-3.0,1421.9,1483.07,0.5055,1411.79,1493.18
2020,1,REG,NO,TB,34.0,23.0,11.0,1573.01,1469.55,0.7251,1578.51,1464.05
2020,1,REG,SF,ARI,20.0,24.0,-4.0,1536.82,1453.64,0.7012,1522.8,1467.66
2020,1,REG,LA,DAL,20.0,17.0,3.0,1534.74,1515.18,0.6194,1542.36,1507.57
2020,1,REG,NYG,PIT,16.0,26.0,-10.0,1432.91,1517.08,0.4725,1423.46,1526.52
2020,1,REG,DEN,TEN,14.0,16.0,-2.0,1481.35,1531.47,0.5214,1470.93,1541.9
2020,2,REG,CLE,CIN,35.0,30.0,5.0,1445.58,1411.79,0.6385,1452.81,1404.56
2020,2,REG,CHI,NYG,17.0,13.0,4.0,1519.35,1423.46,0.7163,1525.02,1417.79
2020,2,REG,DAL,ATL,40.0,39.0,1.0,1507.57,1491.14,0.6151,1515.26,1483.44
2020,2,REG,GB,DET,42.0,21.0,21.0,1559.95,1430.79,0.7536,1564.88,1425.86
2020,2,REG,IND,MIN,28.0,11.0,17.0,1480.47,1525.74,0.5284,1489.9,1516.3
2020,2,REG,MIA,BUF,28.0,31.0,-3.0,1454.76,1510.27,0.5137,1444.49,1520.54
2020,2,REG,NYJ,SF,13.0,31.0,-18.0,1457.47,1522.8,0.4995,1447.48,1532.79
2020,2,REG,PHI,LA,19.0,37.0,-18.0,1513.65,1542.36,0.552,1502.61,1553.4
2020,2,REG,PIT,DEN,26.0,21.0,5.0,1526.52,1470.93,0.6669,1533.19,1464.26
2020,2,REG,TB,CAR,31.0,17.0,14.0,1464.05,1453.04,0.6077,1471.9,1445.19
2020,2,REG,TEN,JAX,33.0,30.0,3.0,1541.9,1468.76,0.689,1548.12,1462.53
2020,2,REG,ARI,WAS,30.0,15.0,15.0,1467.66,1447.61,0.62,1475.26,1440.01
2020,2,REG,HOU,BAL,16.0,33.0,-17.0,1520.96,1573.44,0.518,1510.6,1583.8
2020,2,REG,LAC,KC,20.0,23.0,-3.0,1493.18,1589.28,0.4554,1484.07,1598.38
2020,2,REG,SEA,NE,35.0,30.0,5.0,1556.28,1573.3,0.5686,1564.91,1564.67
2020,2,REG,LV,NO,34.0,24.0,10.0,1477.45,1578.51,0.4483,1488.49,1567.47
2020,3,REG,JAX,MIA,13.0,31.0,-18.0,1462.53,1444.49,0.6173,1450.19,1456.83
2020,3,REG,ATL,CHI,26.0,30.0,-4.0,1483.44,1525.02,0.5337,1472.77,1535.69
2020,3,REG,BUF,LA,35.0,32.0,3.0,1520.54,1553.4,0.5461,1529.62,1544.32
2020,3,REG,CLE,WAS,34.0,20.0,14.0,1452.81,1440.01,0.6101,1460.6,1432.21
2020,3,REG,MIN,TEN,30.0,31.0,-1.0,1516.3,1548.12,0.5476,1505.35,1559.07
2020,3,REG,NE,LV,36.0,20.0,16.0,1564.67,1488.49,0.6927,1570.82,1482.34
2020,3,REG,NYG,SF,9.0,36.0,-27.0,1417.79,1532.79,0.4285,1409.22,1541.36
2020,3,REG,PHI,CIN,23.0,23.0,0.0,1502.61,1404.56,0.7188,1498.24,1408.94
2020,3,REG,PIT,HOU,28.0,21.0,7.0,1533.19,1510.6,0.6234,1540.72,1503.07
2020,3,REG,IND,NYJ,36.0,7.0,29.0,1489.9,1447.48,0.6499,1496.91,1440.47
2020,3,REG,LAC,CAR,16.0,21.0,-5.0,1484.07,1445.19,0.6452,1471.17,1458.09
2020,3,REG,ARI,DET,23.0,26.0,-3.0,1475.26,1425.86,0.6589,1462.08,1439.04
2020,3,REG,DEN,TB,10.0,28.0,-18.0,1464.26,1471.9,0.5818,1452.63,1483.53
2020,3,REG,SEA,DAL,38.0,31.0,7.0,1564.91,1515.26,0.6593,1571.72,1508.45
2020,3,REG,NO,GB,30.0,37.0,-7.0,1567.47,1564.88,0.5961,1555.55,1576.8
2020,3,REG,BAL,KC,20.0,34.0,-14.0,1583.8,1598.38,0.572,1572.36,1609.83
2020,4,REG,NYJ,DEN,28.0,37.0,-9.0,1440.47,1452.63,0.5755,1428.97,1464.14
2020,4,REG,CAR,ARI,31.0,21.0,10.0,1458.09,1462.08,0.5869,1466.36,1453.82
2020,4,REG,CIN,JAX,33.0,25.0,8.0,1408.94,1450.19,0.5341,1418.25,1440.87
2020,4,REG,DAL,CLE,38.0,49.0,-11.0,1508.45,1460.6,0.6569,1495.31,1473.74
2020,4,REG,DET,NO,29.0,35.0,-6.0,1439.04,1555.55,0.4264,1430.51,1564.08
2020,4,REG,HOU,MIN,23.0,31.0,-8.0,1503.07,1505.35,0.5893,1491.28,1517.14
2020,4,REG,MIA,SEA,23.0,31.0,-8.0,1456.83,1571.72,0.4287,1448.26,1580.3
2020,4,REG,TB,LAC,38.0,31.0,7.0,1483.53,1471.17,0.6095,1491.34,1463.36
2020,4,REG,WAS,BAL,17.0,31.0,-14.0,1432.21,1572.36,0.3935,1424.34,1580.23
2020,4,REG,LA,NYG,17.0,9.0,8.0,1544.32,1409.22,0.7599,1549.12,1404.42
2020,4,REG,CHI,IND,11.0,19.0,-8.0,1535.69,1496.91,0.6451,1522.79,1509.81
2020,4,REG,LV,BUF,23.0,30.0,-7.0,1482.34,1529.62,0.5255,1471.83,1540.13
2020,4,REG,SF,PHI,20.0,25.0,-5.0,1541.36,1498.24,0.6508,1528.34,1511.25
2020,4,REG,KC,NE,26.0,10.0,16.0,1609.83,1570.82,0.6454,1616.92,1563.73
2020,4,REG,GB,ATL,30.0,16.0,14.0,1576.8,1472.77,0.7257,1582.28,1467.28
2020,5,REG,CHI,TB,20.0,19.0,1.0,1522.79,1491.34,0.6353,1530.08,1484.05
2020,5,REG,ATL,CAR,16.0,23.0,-7.0,1467.28,1466.36,0.5938,1455.41,1478.23
2020,5,REG,BAL,CIN,27.0,3.0,24.0,1580.23,1418.25,0.7869,1584.49,1413.99
2020,5,REG,HOU,JAX,30.0,14.0,16.0,1491.28,1440.87,0.6602,1498.08,1434.08
2020,5,REG,KC,LV,32.0,40.0,-8.0,1616.92,1471.83,0.7702,1601.51,1487.24
2020,5,REG,NYJ,ARI,10.0,30.0,-20.0,1428.97,1453.82,0.5575,1417.82,1464.97
2020,5,REG,PIT,PHI,38.0,29.0,9.0,1540.72,1511.25,0.6327,1548.06,1503.91
2020,5,REG,WAS,LA,10.0,30.0,-20.0,1424.34,1549.12,0.4148,1416.05,1557.42
2020,5,REG,SF,MIA,17.0,43.0,-26.0,1528.34,1448.26,0.6974,1514.39,1462.21
2020,5,REG,CLE,IND,32.0,23.0,9.0,1473.74,1509.81,0.5415,1482.91,1500.64
2020,5,REG,DAL,NYG,37.0,34.0,3.0,1495.31,1404.42,0.7104,1501.1,1398.62
2020,5,REG,SEA,MIN,27.0,26.0,1.0,1580.3,1517.14,0.6765,1586.77,1510.67
2020,5,REG,NO,LAC,30.0,27.0,3.0,1564.08,1463.36,0.7219,1569.64,1457.8
2020,5,REG,TEN,BUF,42.0,16.0,26.0,1559.07,1540.13,0.6185,1566.7,1532.5
2020,6,REG,CAR,CHI,16.0,23.0,-7.0,1478.23,1530.08,0.5189,1467.85,1540.46
2020,6,REG,IND,CIN,31.0,27.0,4.0,1500.64,1413.99,0.7054,1506.53,1408.1
2020,6,REG,JAX,DET,16.0,34.0,-18.0,1434.08,1430.51,0.5974,1422.13,1442.46
2020,6,REG,MIN,ATL,23.0,40.0,-17.0,1510.67,1455.41,0.6665,1497.34,1468.73
2020,6,REG,NE,DEN,12.0,18.0,-6.0,1563.73,1464.14,0.7206,1549.32,1478.55
2020,6,REG,NYG,WAS,20.0,19.0,1.0,1398.62,1416.05,0.568,1407.26,1407.41
2020,6,REG,PHI,BAL,28.0,30.0,-2.0,1503.91,1584.49,0.4776,1494.35,1594.04
2020,6,REG,PIT,CLE,38.0,7.0,31.0,1548.06,1482.91,0.679,1554.48,1476.49
2020,6,REG,TEN,HOU,42.0,36.0,6.0,1566.7,1498.08,0.6833,1573.04,1491.75
2020,6,REG,MIA,NYJ,24.0,0.0,24.0,1462.21,1417.82,0.6524,1469.16,1410.86
2020,6,REG,TB,GB,38.0,10.0,28.0,1484.05,1582.28,0.4523,1495.0,1571.33
2020,6,REG,SF,LA,24.0,16.0,8.0,1514.39,1557.42,0.5316,1523.76,1548.05
2020,6,REG,BUF,KC,17.0,26.0,-9.0,1532.5,1601.51,0.4942,1522.62,1611.4
2020,6,REG,DAL,ARI,10.0,38.0,-28.0,1501.1,1464.97,0.6416,1488.27,1477.8
2020,7,REG,PHI,NYG,22.0,21.0,1.0,1494.35,1407.26,0.7059,1500.24,1401.38
2020,7,REG,ATL,DET,22.0,23.0,-1.0,1468.73,1442.46,0.6284,1456.17,1455.03
2020,7,REG,CIN,CLE,34.0,37.0,-3.0,1408.1,1476.49,0.4951,1398.2,1486.39
2020,7,REG,HOU,GB,20.0,35.0,-15.0,1491.75,1571.33,0.479,1482.17,1580.91
2020,7,REG,NO,CAR,27.0,24.0,3.0,1569.64,1467.85,0.7231,1575.18,1462.31
2020,7,REG,NYJ,BUF,10.0,18.0,-8.0,1410.86,1522.62,0.4331,1402.2,1531.28
2020,7,REG,TEN,PIT,24.0,27.0,-3.0,1573.04,1554.48,0.618,1560.68,1566.84
2020,7,REG,WAS,DAL,25.0,3.0,22.0,1407.41,1488.27,0.4772,1417.86,1477.81
2020,7,REG,LV,TB,20.0,45.0,-25.0,1487.24,1495.0,0.5816,1475.6,1506.64
2020,7,REG,DEN,KC,16.0,43.0,-27.0,1478.55,1611.4,0.4036,1470.48,1619.47
2020,7,REG,LAC,JAX,39.0,29.0,10.0,1457.8,1422.13,0.641,1464.98,1414.95
2020,7,REG,NE,SF,6.0,33.0,-27.0,1549.32,1523.76,0.6274,1536.77,1536.31
2020,7,REG,ARI,SEA,37.0,34.0,3.0,1477.8,1586.77,0.4371,1489.06,1575.51
2020,7,REG,LA,CHI,24.0,10.0,14.0,1548.05,1540.46,0.603,1555.99,1532.52
2020,8,REG,CAR,ATL,17.0,25.0,-8.0,1462.31,1456.17,0.601,1450.3,1468.19
2020,8,REG,BAL,PIT,24.0,28.0,-4.0,1594.04,1566.84,0.6297,1581.45,1579.44
2020,8,REG,BUF,NE,24.0,21.0,3.0,1531.28,1536.77,0.5848,1539.58,1528.46
2020,8,REG,CIN,TEN,31.0,20.0,11.0,1398.2,1560.68,0.3633,1410.93,1547.94
2020,8,REG,CLE,LV,6.0,16.0,-10.0,1486.39,1475.6,0.6074,1474.25,1487.75
2020,8,REG,DET,IND,21.0,41.0,-20.0,1455.03,1506.53,0.5194,1444.64,1516.92
2020,8,REG,GB,MIN,22.0,28.0,-6.0,1580.91,1497.34,0.7017,1566.88,1511.37
2020,8,REG,KC,NYJ,35.0,9.0,26.0,1619.47,1402.2,0.8355,1622.76,1398.91
2020,8,REG,MIA,LA,28.0,17.0,11.0,1469.16,1555.99,0.4686,1479.79,1545.36
2020,8,REG,DEN,LAC,31.0,30.0,1.0,1470.48,1464.98,0.6001,1478.48,1456.98
2020,8,REG,CHI,NO,23.0,26.0,-3.0,1532.52,1575.18,0.5321,1521.88,1585.82
2020,8,REG,SEA,SF,37.0,27.0,10.0,1575.51,1536.31,0.6456,1582.6,1529.22
2020,8,REG,PHI,DAL,23.0,9.0,14.0,1500.24,1477.81,0.6232,1507.77,1470.28
2020,8,REG,NYG,TB,23.0,25.0,-2.0,1401.38,1506.64,0.4423,1392.53,1515.48
2020,9,REG,SF,GB,17.0,34.0,-17.0,1529.22,1566.88,0.5393,1518.44,1577.66
2020,9,REG,ATL,DEN,34.0,27.0,7.0,1468.19,1478.48,0.5781,1476.62,1470.04
2020,9,REG,BUF,SEA,44.0,34.0,10.0,1539.58,1582.6,0.5316,1548.95,1573.23
2020,9,REG,IND,BAL,10.0,24.0,-14.0,1516.92,1581.45,0.5007,1506.91,1591.46
2020,9,REG,JAX,HOU,25.0,27.0,-2.0,1414.95,1482.17,0.4968,1405.01,1492.1
2020,9,REG,KC,CAR,33.0,31.0,2.0,1622.76,1450.3,0.7969,1626.82,1446.23
2020,9,REG,MIN,DET,34.0,20.0,14.0,1511.37,1444.64,0.681,1517.75,1438.26
2020,9,REG,TEN,CHI,24.0,17.0,7.0,1547.94,1521.88,0.6281,1555.38,1514.44
2020,9,REG,WAS,NYG,20.0,23.0,-3.0,1417.86,1392.53,0.6271,1405.32,1405.08
2020,9,REG,LAC,LV,26.0,31.0,-5.0,1456.98,1487.75,0.5491,1446.0,1498.73
2020,9,REG,ARI,MIA,31.0,34.0,-3.0,1489.06,1479.79,0.6053,1476.96,1491.89
2020,9,REG,DAL,PIT,19.0,24.0,-5.0,1470.28,1579.44,0.4368,1461.54,1588.17
2020,9,REG,TB,NO,3.0,38.0,-35.0,1515.48,1585.82,0.4923,1505.64,1595.67
2020,9,REG,NYJ,NE,27.0,30.0,-3.0,1398.91,1528.46,0.4082,1390.75,1536.63
2020,10,REG,TEN,IND,17.0,34.0,-17.0,1555.38,1506.91,0.6577,1542.23,1520.06
2020,10,REG,CAR,TB,23.0,46.0,-23.0,1446.23,1505.64,0.5081,1436.07,1515.8
2020,10,REG,CLE,HOU,10.0,7.0,3.0,1474.25,1492.1,0.5674,1482.9,1483.45
2020,10,REG,DET,WAS,30.0,27.0,3.0,1438.26,1405.32,0.6373,1445.51,1398.07
2020,10,REG,GB,JAX,24.0,20.0,4.0,1577.66,1405.01,0.7971,1581.72,1400.95
2020,10,REG,NYG,PHI,27.0,17.0,10.0,1405.08,1507.77,0.446,1416.16,1496.69
2020,10,REG,ARI,BUF,32.0,30.0,2.0,1476.96,1548.95,0.4899,1487.16,1538.75
2020,10,REG,LV,DEN,37.0,12.0,25.0,1498.73,1470.04,0.6317,1506.1,1462.67
2020,10,REG,MIA,LAC,29.0,21.0,8.0,1491.89,1446.0,0.6544,1498.81,1439.09
2020,10,REG,LA,SEA,23.0,16.0,7.0,1545.36,1573.23,0.5532,1554.3,1564.29
2020,10,REG,NO,SF,27.0,13.0,14.0,1595.67,1518.44,0.694,1601.79,1512.32
2020,10,REG,PIT,CIN,36.0,10.0,26.0,1588.17,1410.93,0.8013,1592.15,1406.96
2020,10,REG,NE,BAL,23.0,17.0,6.0,1536.63,1591.46,0.5146,1546.33,1581.75
2020,10,REG,CHI,MIN,13.0,19.0,-6.0,1514.44,1517.75,0.5879,1502.69,1529.51
2020,11,REG,SEA,ARI,28.0,21.0,7.0,1564.29,1487.16,0.6939,1570.42,1481.04
2020,11,REG,BAL,TEN,24.0,30.0,-6.0,1581.75,1542.23,0.646,1568.83,1555.15
2020,11,REG,CAR,DET,20.0,0.0,20.0,1436.07,1445.51,0.5793,1444.49,1437.1
2020,11,REG,CLE,PHI,22.0,17.0,5.0,1482.9,1496.69,0.5732,1491.44,1488.15
2020,11,REG,HOU,NE,27.0,20.0,7.0,1483.45,1546.33,0.503,1493.39,1536.39
2020,11,REG,JAX,PIT,3.0,27.0,-24.0,1400.95,1592.15,0.326,1394.43,1598.67
2020,11,REG,NO,ATL,24.0,9.0,15.0,1601.79,1476.62,0.7493,1606.8,1471.61
2020,11,REG,WAS,CIN,20.0,9.0,11.0,1398.07,1406.96,0.5801,1406.47,1398.56
2020,11,REG,DEN,MIA,20.0,13.0,7.0,1462.67,1498.81,0.5414,1471.84,1489.63
2020,11,REG,LAC,NYJ,34.0,28.0,6.0,1439.09,1390.75,0.6576,1445.93,1383.9
2020,11,REG,IND,GB,34.0,31.0,3.0,1520.06,1581.72,0.5048,1529.96,1571.82
2020,11,REG,MIN,DAL,28.0,31.0,-3.0,1529.51,1461.54,0.6825,1515.86,1475.19
2020,11,REG,LV,KC,31.0,35.0,-4.0,1506.1,1626.82,0.4205,1497.69,1635.23
2020,11,REG,TB,LA,24.0,27.0,-3.0,1515.8,1554.3,0.5381,1505.04,1565.06
2020,12,REG,DET,HOU,25.0,41.0,-16.0,1437.1,1493.39,0.5125,1426.85,1503.64
2020,12,REG,DAL,WAS,16.0,41.0,-25.0,1475.19,1406.47,0.6835,1461.52,1420.13
2020,12,REG,ATL,LV,43.0,6.0,37.0,1471.61,1497.69,0.5558,1480.49,1488.81
2020,12,REG,BUF,LAC,27.0,17.0,10.0,1538.75,1445.93,0.7127,1544.5,1440.19
2020,12,REG,CIN,NYG,17.0,19.0,-2.0,1398.56,1416.16,0.5678,1387.2,1427.51
2020,12,REG,IND,TEN,26.0,45.0,-19.0,1529.96,1555.15,0.5571,1518.82,1566.29
2020,12,REG,JAX,CLE,25.0,27.0,-2.0,1394.43,1491.44,0.4541,1385.35,1500.52
2020,12,REG,MIN,CAR,28.0,27.0,1.0,1515.86,1444.49,0.6868,1522.12,1438.22
2020,12,REG,NE,ARI,20.0,17.0,3.0,1536.39,1481.04,0.6666,1543.06,1474.37
2020,12,REG,NYJ,MIA,3.0,20.0,-17.0,1383.9,1489.63,0.4416,1375.07,1498.47
2020,12,REG,DEN,NO,3.0,31.0,-28.0,1471.84,1606.8,0.4007,1463.83,1614.82
2020,12,REG,LA,SF,20.0,23.0,-3.0,1565.06,1512.32,0.6632,1551.8,1525.58
2020,12,REG,TB,KC,24.0,27.0,-3.0,1505.04,1635.23,0.4073,1496.89,1643.38
2020,12,REG,GB,CHI,41.0,25.0,16.0,1571.82,1502.69,0.684,1578.14,1496.36
2020,12,REG,PHI,SEA,17.0,23.0,-6.0,1488.15,1570.42,0.4752,1478.65,1579.92
2020,12,REG,PIT,BAL,19.0,14.0,5.0,1598.67,1568.83,0.6332,1606.0,1561.5
2020,13,REG,ATL,NO,16.0,21.0,-5.0,1480.49,1614.82,0.4015,1472.46,1622.85
2020,13,REG,CHI,DET,30.0,34.0,-4.0,1496.36,1426.85,0.6845,1482.68,1440.54
2020,13,REG,HOU,IND,20.0,26.0,-6.0,1503.64,1518.82,0.5712,1492.22,1530.25
2020,13,REG,MIA,CIN,19.0,7.0,12.0,1498.47,1387.2,0.7339,1503.79,1381.88
2020,13,REG,MIN,JAX,27.0,24.0,3.0,1522.12,1385.35,0.7616,1526.89,1380.58
2020,13,REG,NYJ,LV,28.0,31.0,-3.0,1375.07,1488.81,0.4303,1366.46,1497.41
2020,13,REG,TEN,CLE,35.0,41.0,-6.0,1566.29,1500.52,0.6798,1552.69,1514.11
2020,13,REG,ARI,LA,28.0,38.0,-10.0,1474.37,1551.8,0.4821,1464.73,1561.44
2020,13,REG,SEA,NYG,12.0,17.0,-5.0,1579.92,1427.51,0.7776,1564.37,1443.07
2020,13,REG,GB,PHI,30.0,16.0,14.0,1578.14,1478.65,0.7205,1583.73,1473.06
2020,13,REG,LAC,NE,0.0,45.0,-45.0,1440.19,1543.06,0.4457,1431.27,1551.98
2020,13,REG,KC,DEN,22.0,16.0,6.0,1643.38,1463.83,0.8034,1647.31,1459.9
2020,13,REG,PIT,WAS,17.0,23.0,-6.0,1606.0,1420.13,0.8091,1589.82,1436.32
2020,13,REG,SF,BUF,24.0,34.0,-10.0,1525.58,1544.5,0.5659,1514.26,1555.81
2020,13,REG,BAL,DAL,34.0,17.0,17.0,1561.5,1461.52,0.721,1567.08,1455.95
2020,14,REG,LA,NE,24.0,3.0,21.0,1561.44,1551.98,0.6055,1569.33,1544.09
2020,14,REG,CAR,DEN,27.0,32.0,-5.0,1438.22,1459.9,0.562,1426.98,1471.14
2020,14,REG,CHI,HOU,36.0,7.0,29.0,1482.68,1492.22,0.5791,1491.09,1483.8
2020,14,REG,CIN,DAL,7.0,30.0,-23.0,1381.88,1455.95,0.487,1372.14,1465.68
2020,14,REG,JAX,TEN,10.0,31.0,-21.0,1380.58,1552.69,0.3506,1373.57,1559.7
2020,14,REG,MIA,KC,27.0,33.0,-6.0,1503.79,1647.31,0.3889,1496.01,1655.09
2020,14,REG,NYG,ARI,7.0,26.0,-19.0,1443.07,1464.73,0.5621,1431.82,1475.97
2020,14,REG,TB,MIN,26.0,14.0,12.0,1496.89,1526.89,0.5502,1505.89,1517.89
2020,14,REG,LV,IND,27.0,44.0,-17.0,1497.41,1530.25,0.5462,1486.49,1541.17
2020,14,REG,SEA,NYJ,40.0,3.0,37.0,1564.37,1366.46,0.8196,1567.98,1362.85
2020,14,REG,DET,GB,24.0,31.0,-7.0,1440.54,1583.73,0.3893,1432.75,1591.51
2020,14,REG,LAC,ATL,20.0,17.0,3.0,1431.27,1472.46,0.5342,1440.59,1463.15
2020,14,REG,PHI,NO,24.0,21.0,3.0,1473.06,1622.85,0.3803,1485.45,1610.45
2020,14,REG,SF,WAS,15.0,23.0,-8.0,1514.26,1436.32,0.6948,1500.37,1450.21
2020,14,REG,BUF,PIT,26.0,15.0,11.0,1555.81,1589.82,0.5445,1564.93,1580.71
2020,14,REG,CLE,BAL,42.0,47.0,-5.0,1514.11,1567.08,0.5173,1503.77,1577.42
2020,15,REG,LV,LAC,27.0,30.0,-3.0,1486.49,1440.59,0.6544,1473.4,1453.68
2020,15,REG,DEN,BUF,19.0,48.0,-29.0,1471.14,1564.93,0.4587,1461.96,1574.1
2020,15,REG,GB,CAR,24.0,16.0,8.0,1591.51,1426.98,0.7894,1595.73,1422.77
2020,15,REG,ATL,TB,27.0,31.0,-4.0,1463.15,1505.89,0.532,1452.51,1516.53
2020,15,REG,BAL,JAX,40.0,14.0,26.0,1577.42,1373.57,0.8246,1580.93,1370.06
2020,15,REG,DAL,SF,41.0,33.0,8.0,1465.68,1500.37,0.5435,1474.81,1491.24
2020,15,REG,IND,HOU,27.0,20.0,7.0,1541.17,1483.8,0.6692,1547.79,1477.18
2020,15,REG,MIA,NE,22.0,12.0,10.0,1496.01,1544.09,0.5243,1505.52,1534.57
2020,15,REG,MIN,CHI,27.0,33.0,-6.0,1517.89,1491.09,0.6291,1505.31,1503.68
2020,15,REG,TEN,DET,46.0,25.0,21.0,1559.7,1432.75,0.7512,1564.68,1427.77
2020,15,REG,WAS,SEA,15.0,20.0,-5.0,1450.21,1567.98,0.4246,1441.72,1576.47
2020,15,REG,ARI,PHI,33.0,26.0,7.0,1475.97,1485.45,0.5792,1484.38,1477.04
2020,15,REG,LA,NYJ,20.0,23.0,-3.0,1569.33,1362.85,0.8267,1552.79,1379.39
2020,15,REG,NO,KC,29.0,32.0,-3.0,1610.45,1655.09,0.5293,1599.87,1665.67
2020,15,REG,NYG,CLE,6.0,20.0,-14.0,1431.82,1503.77,0.49,1422.02,1513.57
2020,15,REG,CIN,PIT,27.0,17.0,10.0,1372.14,1580.71,0.3044,1386.06,1566.8
2020,16,REG,NO,MIN,52.0,33.0,19.0,1599.87,1505.31,0.7147,1605.57,1499.61
2020,16,REG,DET,TB,7.0,47.0,-40.0,1427.77,1516.53,0.4659,1418.46,1525.84
2020,16,REG,ARI,SF,12.0,20.0,-8.0,1484.38,1491.24,0.5829,1472.72,1502.89
2020,16,REG,LV,MIA,25.0,26.0,-1.0,1473.4,1505.52,0.5472,1462.46,1516.47
2020,16,REG,BAL,NYG,27.0,13.0,14.0,1580.93,1422.02,0.784,1585.25,1417.7
2020,16,REG,HOU,CIN,31.0,37.0,-6.0,1477.18,1386.06,0.7107,1462.97,1400.27
2020,16,REG,JAX,CHI,17.0,41.0,-24.0,1370.06,1503.68,0.4025,1362.01,1511.73
2020,16,REG,KC,ATL,17.0,14.0,3.0,1665.67,1452.51,0.8322,1669.03,1449.15
2020,16,REG,NYJ,CLE,23.0,16.0,7.0,1379.39,1513.57,0.4017,1391.35,1501.6
2020,16,REG,PIT,IND,28.0,24.0,4.0,1566.8,1547.79,0.6186,1574.43,1540.16
2020,16,REG,LAC,DEN,19.0,16.0,3.0,1453.68,1461.96,0.5809,1462.06,1453.58
2020,16,REG,WAS,CAR,13.0,20.0,-7.0,1441.72,1422.77,0.6185,1429.35,1435.14
2020,16,REG,DAL,PHI,37.0,17.0,20.0,1474.81,1477.04,0.5894,1483.03,1468.83
2020,16,REG,SEA,LA,20.0,9.0,11.0,1576.47,1552.79,0.6249,1583.97,1545.29
2020,16,REG,GB,TEN,40.0,14.0,26.0,1595.73,1564.68,0.6348,1603.03,1557.38
2020,16,REG,NE,BUF,9.0,38.0,-29.0,1534.57,1574.1,0.5366,1523.84,1584.83
2020,17,REG,BUF,MIA,56.0,26.0,30.0,1584.83,1516.47,0.683,1591.17,1510.13
2020,17,REG,CIN,BAL,3.0,38.0,-35.0,1400.27,1585.25,0.3339,1393.59,1591.93
2020,17,REG,CLE,PIT,24.0,22.0,2.0,1501.6,1574.43,0.4887,1511.83,1564.2
2020,17,REG,DET,MIN,35.0,37.0,-2.0,1418.46,1499.61,0.4768,1408.92,1509.14
2020,17,REG,NE,NYJ,28.0,14.0,14.0,1523.84,1391.35,0.7571,1528.7,1386.49
2020,17,REG,NYG,DAL,23.0,19.0,4.0,1417.7,1483.03,0.4995,1427.71,1473.02
2020,17,REG,TB,ATL,44.0,27.0,17.0,1525.84,1449.15,0.6933,1531.98,1443.02
2020,17,REG,CAR,NO,7.0,33.0,-26.0,1435.14,1605.57,0.3528,1428.08,1612.63
2020,17,REG,CHI,GB,16.0,35.0,-19.0,1511.73,1603.03,0.4622,1502.48,1612.28
2020,17,REG,DEN,LV,31.0,32.0,-1.0,1453.58,1462.46,0.5801,1441.98,1474.06
2020,17,REG,HOU,TEN,38.0,41.0,-3.0,1462.97,1557.38,0.4578,1453.81,1566.53
2020,17,REG,IND,JAX,28.0,14.0,14.0,1540.16,1362.01,0.8021,1544.12,1358.06
2020,17,REG,KC,LAC,21.0,38.0,-17.0,1669.03,1462.06,0.8272,1652.49,1478.6
2020,17,REG,LA,ARI,18.0,7.0,11.0,1545.29,1472.72,0.6882,1551.53,1466.49
2020,17,REG,SF,SEA,23.0,26.0,-3.0,1502.89,1583.97,0.4769,1493.36,1593.51
2020,17,REG,PHI,WAS,14.0,20.0,-6.0,1468.83,1429.35,0.646,1455.91,1442.27
2020,18,WC,BUF,IND,27.0,24.0,3.0,1591.17,1544.12,0.6559,1598.05,1537.23
2020,18,WC,SEA,LA,20.0,30.0,-10.0,1593.51,1551.53,0.6493,1580.52,1564.51
2020,18,WC,WAS,TB,23.0,31.0,-8.0,1442.27,1531.98,0.4645,1432.98,1541.27
2020,18,WC,TEN,BAL,13.0,20.0,-7.0,1566.53,1591.93,0.5567,1555.4,1603.06
2020,18,WC,NO,CHI,21.0,9.0,12.0,1612.63,1502.48,0.7327,1617.98,1497.13
2020,18,WC,PIT,CLE,37.0,48.0,-11.0,1564.2,1511.83,0.6628,1550.94,1525.08
2020,19,DIV,GB,LA,32.0,18.0,14.0,1612.28,1564.51,0.6568,1619.14,1557.65
2020,19,DIV,BUF,BAL,17.0,3.0,14.0,1598.05,1603.06,0.5855,1606.34,1594.77
2020,19,DIV,KC,CLE,22.0,17.0,5.0,1652.49,1525.08,0.7517,1657.45,1520.11
2020,19,DIV,NO,TB,20.0,30.0,-10.0,1617.98,1541.27,0.6933,1604.11,1555.13
2020,20,CON,GB,TB,26.0,31.0,-5.0,1619.14,1555.13,0.6776,1605.59,1568.69
2020,20,CON,KC,BUF,38.0,24.0,14.0,1657.45,1606.34,0.6611,1664.23,1599.57
2020,21,SB,TB,KC,31.0,9.0,22.0,1568.69,1664.23,0.4562,1579.56,1653.35
2021,1,REG,TB,DAL,31.0,29.0,2.0,1553.04,1482.01,0.6863,1559.32,1475.74
2021,1,REG,ATL,PHI,6.0,32.0,-26.0,1462.01,1470.6,0.5805,1450.4,1482.21
2021,1,REG,BUF,PIT,16.0,23.0,-7.0,1566.38,1533.96,0.6366,1553.64,1546.7
2021,1,REG,CAR,NYJ,19.0,14.0,5.0,1452.06,1424.33,0.6304,1459.45,1416.94
2021,1,REG,CIN,MIN,27.0,24.0,3.0,1429.06,1506.09,0.4827,1439.41,1495.75
2021,1,REG,DET,SF,33.0,41.0,-8.0,1439.28,1495.57,0.5125,1429.03,1505.82
2021,1,REG,HOU,JAX,37.0,21.0,16.0,1469.21,1405.37,0.6774,1475.66,1398.92
2021,1,REG,IND,SEA,16.0,28.0,-12.0,1524.82,1553.68,0.5518,1513.79,1564.72
2021,1,REG,TEN,ARI,13.0,38.0,-25.0,1536.93,1477.66,0.6716,1523.5,1491.09
2021,1,REG,WAS,LAC,16.0,20.0,-4.0,1455.32,1485.73,0.5496,1444.33,1496.73
2021,1,REG,KC,CLE,33.0,29.0,4.0,1602.24,1513.41,0.708,1608.08,1507.57
2021,1,REG,NE,MIA,16.0,17.0,-1.0,1519.13,1506.75,0.6096,1506.94,1518.94
2021,1,REG,NO,GB,38.0,3.0,35.0,1569.41,1570.39,0.5911,1577.58,1562.21
2021,1,REG,NYG,DEN,13.0,27.0,-14.0,1451.81,1461.32,0.5792,1440.22,1472.9
2021,1,REG,LA,CHI,34.0,14.0,20.0,1538.43,1498.09,0.6471,1545.49,1491.03
2021,1,REG,LV,BAL,33.0,27.0,6.0,1482.71,1563.18,0.4777,1493.15,1552.74
2021,2,REG,WAS,NYG,30.0,29.0,1.0,1444.33,1440.22,0.5982,1452.36,1432.19
2021,2,REG,CAR,NO,26.0,7.0,19.0,1459.45,1577.58,0.4241,1470.97,1566.07
2021,2,REG,CHI,CIN,20.0,17.0,3.0,1491.03,1439.41,0.6618,1497.8,1432.64
2021,2,REG,CLE,HOU,31.0,21.0,10.0,1507.57,1475.66,0.636,1514.85,1468.38
2021,2,REG,IND,LA,24.0,27.0,-3.0,1513.79,1545.49,0.5478,1502.83,1556.45
2021,2,REG,JAX,DEN,13.0,23.0,-10.0,1398.92,1472.9,0.4871,1389.18,1482.65
2021,2,REG,MIA,BUF,0.0,35.0,-35.0,1518.94,1553.64,0.5435,1508.07,1564.51
2021,2,REG,NYJ,NE,6.0,25.0,-19.0,1416.94,1506.94,0.4641,1407.65,1516.22
2021,2,REG,PHI,SF,11.0,17.0,-6.0,1482.21,1505.82,0.5593,1471.03,1517.01
2021,2,REG,PIT,LV,17.0,26.0,-9.0,1546.7,1493.15,0.6643,1533.41,1506.44
2021,2,REG,ARI,MIN,34.0,33.0,1.0,1491.09,1495.75,0.586,1499.37,1487.47
2021,2,REG,TB,ATL,48.0,25.0,23.0,1559.32,1450.4,0.7313,1564.69,1445.03
2021,2,REG,LAC,DAL,17.0,20.0,-3.0,1496.73,1475.74,0.6213,1484.3,1488.16
2021,2,REG,SEA,TEN,30.0,33.0,-3.0,1564.72,1523.5,0.6483,1551.75,1536.46
2021,2,REG,BAL,KC,36.0,35.0,1.0,1552.74,1608.08,0.5139,1562.46,1598.35
2021,2,REG,GB,DET,35.0,17.0,18.0,1562.21,1429.03,0.7578,1567.06,1424.19
2021,3,REG,HOU,CAR,9.0,24.0,-15.0,1468.38,1470.97,0.5889,1456.6,1482.74
2021,3,REG,BUF,WAS,43.0,21.0,22.0,1564.51,1452.36,0.7349,1569.82,1447.06
2021,3,REG,CLE,CHI,26.0,6.0,20.0,1514.85,1497.8,0.6159,1522.53,1490.11
2021,3,REG,DET,BAL,17.0,19.0,-2.0,1424.19,1562.46,0.3961,1416.27,1570.38
2021,3,REG,JAX,ARI,19.0,31.0,-12.0,1389.18,1499.37,0.4353,1380.47,1508.08
2021,3,REG,KC,LAC,24.0,30.0,-6.0,1598.35,1484.3,0.7371,1583.61,1499.04
2021,3,REG,NE,NO,13.0,28.0,-15.0,1516.22,1566.07,0.5218,1505.79,1576.5
2021,3,REG,NYG,ATL,14.0,17.0,-3.0,1432.19,1445.03,0.5745,1420.7,1456.52
2021,3,REG,PIT,CIN,10.0,24.0,-14.0,1533.41,1432.64,0.722,1518.97,1447.08
2021,3,REG,TEN,IND,25.0,16.0,9.0,1536.46,1502.83,0.6383,1543.7,1495.6
2021,3,REG,DEN,NYJ,26.0,0.0,26.0,1482.65,1407.65,0.6912,1488.82,1401.48
2021,3,REG,LV,MIA,31.0,28.0,3.0,1506.44,1508.07,0.5902,1514.63,1499.88
2021,3,REG,LA,TB,34.0,24.0,10.0,1556.45,1564.69,0.581,1564.83,1556.31
2021,3,REG,MIN,SEA,30.0,17.0,13.0,1487.47,1551.75,0.501,1497.45,1541.77
2021,3,REG,SF,GB,28.0,30.0,-2.0,1517.01,1567.06,0.5215,1506.58,1577.49
2021,3,REG,DAL,PHI,41.0,21.0,20.0,1488.16,1471.03,0.616,1495.84,1463.35
2021,4,REG,CIN,JAX,24.0,21.0,3.0,1447.08,1380.47,0.6808,1453.47,1374.09
2021,4,REG,ATL,WAS,30.0,34.0,-4.0,1456.52,1447.06,0.6055,1444.41,1459.17
2021,4,REG,BUF,HOU,40.0,0.0,40.0,1569.82,1456.6,0.7361,1575.09,1451.33
2021,4,REG,CHI,DET,24.0,14.0,10.0,1490.11,1416.27,0.6898,1496.32,1410.06
2021,4,REG,DAL,CAR,36.0,28.0,8.0,1495.84,1482.74,0.6105,1503.63,1474.95
2021,4,REG,MIA,IND,17.0,27.0,-10.0,1499.88,1495.6,0.5984,1487.91,1507.56
2021,4,REG,MIN,CLE,7.0,14.0,-7.0,1497.45,1522.53,0.5572,1486.3,1533.68
2021,4,REG,NO,NYG,21.0,27.0,-6.0,1576.5,1420.7,0.7809,1560.88,1436.32
2021,4,REG,NYJ,TEN,27.0,24.0,3.0,1401.48,1543.7,0.3907,1413.67,1531.51
2021,4,REG,PHI,KC,30.0,42.0,-12.0,1463.35,1583.61,0.4211,1454.93,1592.04
2021,4,REG,LA,ARI,20.0,37.0,-17.0,1564.83,1508.08,0.6684,1551.46,1521.45
2021,4,REG,SF,SEA,21.0,28.0,-7.0,1506.58,1541.77,0.5428,1495.72,1552.63
2021,4,REG,DEN,BAL,7.0,23.0,-16.0,1488.82,1570.38,0.4762,1479.3,1579.9
2021,4,REG,GB,PIT,27.0,17.0,10.0,1577.49,1518.97,0.6706,1584.07,1512.38
2021,4,REG,NE,TB,17.0,19.0,-2.0,1505.79,1556.31,0.5208,1495.37,1566.73
2021,4,REG,LAC,LV,28.0,14.0,14.0,1499.04,1514.63,0.5706,1507.63,1506.05
2021,5,REG,SEA,LA,17.0,26.0,-9.0,1552.63,1551.46,0.5941,1540.75,1563.34
2021,5,REG,ATL,NYJ,27.0,20.0,7.0,1444.41,1413.67,0.6344,1451.72,1406.35
2021,5,REG,CAR,PHI,18.0,21.0,-3.0,1474.95,1454.93,0.62,1462.55,1467.33
2021,5,REG,CIN,GB,22.0,25.0,-3.0,1453.47,1584.07,0.4067,1445.33,1592.21
2021,5,REG,HOU,NE,22.0,25.0,-3.0,1451.33,1495.37,0.5301,1440.72,1505.97
2021,5,REG,JAX,TEN,19.0,37.0,-18.0,1374.09,1531.51,0.37,1366.69,1538.91
2021,5,REG,MIN,DET,19.0,17.0,2.0,1486.3,1410.06,0.6928,1492.45,1403.92
2021,5,REG,PIT,DEN,27.0,19.0,8.0,1512.38,1479.3,0.6375,1519.63,1472.05
2021,5,REG,TB,MIA,45.0,17.0,28.0,1566.73,1487.91,0.6959,1572.81,1481.83
2021,5,REG,WAS,NO,22.0,33.0,-11.0,1459.17,1560.88,0.4474,1450.23,1569.83
2021,5,REG,LAC,CLE,47.0,42.0,5.0,1507.63,1533.68,0.5558,1516.51,1524.79
2021,5,REG,LV,CHI,9.0,20.0,-11.0,1506.05,1496.32,0.6059,1493.93,1508.44
2021,5,REG,ARI,SF,17.0,10.0,7.0,1521.45,1495.72,0.6277,1528.89,1488.28
2021,5,REG,DAL,NYG,44.0,20.0,24.0,1503.63,1436.32,0.6817,1510.0,1429.95
2021,5,REG,KC,BUF,20.0,38.0,-18.0,1592.04,1575.09,0.6158,1579.72,1587.41
2021,5,REG,BAL,IND,31.0,25.0,6.0,1579.9,1507.56,0.688,1586.15,1501.32
2021,6,REG,PHI,TB,22.0,28.0,-6.0,1467.33,1572.81,0.442,1458.49,1581.65
2021,6,REG,JAX,MIA,23.0,20.0,3.0,1366.69,1481.83,0.4283,1378.12,1470.39
2021,6,REG,BAL,LAC,34.0,6.0,28.0,1586.15,1516.51,0.6846,1592.45,1510.21
2021,6,REG,CAR,MIN,28.0,34.0,-6.0,1462.55,1492.45,0.5504,1451.55,1503.46
2021,6,REG,CHI,GB,14.0,24.0,-10.0,1508.44,1592.21,0.473,1498.98,1601.67
2021,6,REG,DET,CIN,11.0,34.0,-23.0,1403.92,1445.33,0.5339,1393.24,1456.01
2021,6,REG,IND,HOU,31.0,3.0,28.0,1501.32,1440.72,0.6733,1507.86,1434.19
2021,6,REG,NYG,LA,11.0,38.0,-27.0,1429.95,1563.34,0.4028,1421.89,1571.4
2021,6,REG,WAS,KC,13.0,31.0,-18.0,1450.23,1579.72,0.4082,1442.06,1587.89
2021,6,REG,CLE,ARI,14.0,37.0,-23.0,1524.79,1528.89,0.5868,1513.06,1540.63
2021,6,REG,DEN,LV,24.0,34.0,-10.0,1472.05,1493.93,0.5617,1460.81,1505.16
2021,6,REG,NE,DAL,29.0,35.0,-6.0,1505.97,1510.0,0.5869,1494.24,1521.74
2021,6,REG,PIT,SEA,23.0,20.0,3.0,1519.63,1540.75,0.5628,1528.38,1532.01
2021,6,REG,TEN,BUF,34.0,31.0,3.0,1538.91,1587.41,0.5237,1548.44,1577.88
2021,7,REG,CLE,DEN,17.0,14.0,3.0,1513.06,1460.81,0.6626,1519.8,1454.06
2021,7,REG,BAL,CIN,17.0,41.0,-24.0,1592.45,1456.01,0.7613,1577.23,1471.23
2021,7,REG,GB,WAS,24.0,10.0,14.0,1601.67,1442.06,0.7846,1605.98,1437.75
2021,7,REG,MIA,ATL,28.0,30.0,-2.0,1470.39,1451.72,0.6181,1458.03,1464.08
2021,7,REG,NE,NYJ,54.0,13.0,41.0,1494.24,1406.35,0.7068,1500.1,1400.49
2021,7,REG,NYG,CAR,25.0,3.0,22.0,1421.89,1451.55,0.5507,1430.88,1442.56
2021,7,REG,TEN,KC,27.0,3.0,24.0,1548.44,1587.89,0.5367,1557.7,1578.62
2021,7,REG,LA,DET,28.0,19.0,9.0,1571.4,1393.24,0.8021,1575.35,1389.28
2021,7,REG,LV,PHI,33.0,22.0,11.0,1505.16,1458.49,0.6554,1512.05,1451.59
2021,7,REG,ARI,HOU,31.0,5.0,26.0,1540.63,1434.19,0.7285,1546.06,1428.76
2021,7,REG,TB,CHI,38.0,3.0,35.0,1581.65,1498.98,0.7006,1587.64,1492.99
2021,7,REG,SF,IND,18.0,30.0,-12.0,1488.28,1507.86,0.565,1476.98,1519.16
2021,7,REG,SEA,NO,10.0,13.0,-3.0,1532.01,1569.83,0.539,1521.22,1580.61
2021,8,REG,ARI,GB,21.0,24.0,-3.0,1546.06,1605.98,0.5073,1535.91,1616.12
2021,8,REG,ATL,CAR,13.0,19.0,-6.0,1464.08,1442.56,0.622,1451.64,1455.0
2021,8,REG,BUF,MIA,26.0,11.0,15.0,1577.88,1458.03,0.7435,1583.01,1452.9
2021,8,REG,CHI,SF,22.0,33.0,-11.0,1492.99,1476.98,0.6145,1480.7,1489.27
2021,8,REG,CLE,PIT,10.0,15.0,-5.0,1519.8,1528.38,0.5805,1508.19,1539.99
2021,8,REG,DET,PHI,6.0,44.0,-38.0,1389.28,1451.59,0.5039,1379.2,1461.67
2021,8,REG,HOU,LA,22.0,38.0,-16.0,1428.76,1575.35,0.3847,1421.06,1583.05
2021,8,REG,IND,TEN,31.0,34.0,-3.0,1519.16,1557.7,0.538,1508.4,1568.46
2021,8,REG,NYJ,CIN,34.0,31.0,3.0,1400.49,1471.23,0.4917,1410.66,1461.07
2021,8,REG,LAC,NE,24.0,27.0,-3.0,1510.21,1500.1,0.6064,1498.08,1512.23
2021,8,REG,SEA,JAX,31.0,7.0,24.0,1521.22,1378.12,0.7682,1525.86,1373.48
2021,8,REG,DEN,WAS,17.0,10.0,7.0,1454.06,1437.75,0.6149,1461.77,1430.05
2021,8,REG,NO,TB,36.0,27.0,9.0,1580.61,1587.64,0.5827,1588.96,1579.29
2021,8,REG,MIN,DAL,16.0,20.0,-4.0,1503.46,1521.74,0.5668,1492.12,1533.07
2021,8,REG,KC,NYG,20.0,17.0,3.0,1578.62,1430.88,0.7729,1583.16,1426.34
2021,9,REG,IND,NYJ,45.0,30.0,15.0,1508.4,1410.66,0.7185,1514.03,1405.02
2021,9,REG,BAL,MIN,34.0,31.0,3.0,1577.23,1492.12,0.7035,1583.16,1486.19
2021,9,REG,CAR,NE,6.0,24.0,-18.0,1455.0,1512.23,0.5112,1444.78,1522.45
2021,9,REG,CIN,CLE,16.0,41.0,-25.0,1461.07,1508.19,0.5257,1450.56,1518.71
2021,9,REG,DAL,DEN,16.0,30.0,-14.0,1533.07,1461.77,0.6867,1519.34,1475.5
2021,9,REG,JAX,BUF,9.0,6.0,3.0,1373.48,1583.01,0.3032,1387.42,1569.08
2021,9,REG,MIA,HOU,17.0,9.0,8.0,1452.9,1421.06,0.6359,1460.18,1413.78
2021,9,REG,NO,ATL,25.0,27.0,-2.0,1588.96,1451.64,0.7622,1573.71,1466.89
2021,9,REG,NYG,LV,23.0,16.0,7.0,1426.34,1512.05,0.4702,1436.93,1501.46
2021,9,REG,PHI,LAC,24.0,27.0,-3.0,1461.67,1498.08,0.5411,1450.85,1508.9
2021,9,REG,KC,GB,13.0,7.0,6.0,1583.16,1616.12,0.546,1592.24,1607.04
2021,9,REG,SF,ARI,17.0,31.0,-14.0,1489.27,1535.91,0.5264,1478.74,1546.44
2021,9,REG,LA,TEN,16.0,28.0,-12.0,1583.05,1568.46,0.6126,1570.8,1580.72
2021,9,REG,PIT,CHI,29.0,27.0,2.0,1539.99,1480.7,0.6716,1546.55,1474.13
2021,10,REG,MIA,BAL,22.0,10.0,12.0,1460.18,1583.16,0.4173,1471.84,1571.5
2021,10,REG,DAL,ATL,43.0,3.0,40.0,1519.34,1466.89,0.6629,1526.08,1460.14
2021,10,REG,IND,JAX,23.0,17.0,6.0,1514.03,1387.42,0.7508,1519.01,1382.43
2021,10,REG,NE,CLE,45.0,7.0,38.0,1522.45,1518.71,0.5977,1530.5,1510.66
2021,10,REG,NYJ,BUF,17.0,45.0,-28.0,1405.02,1569.08,0.3612,1397.8,1576.3
2021,10,REG,PIT,DET,16.0,16.0,0.0,1546.55,1379.2,0.7921,1540.71,1385.05
2021,10,REG,TEN,NO,23.0,21.0,2.0,1580.72,1573.71,0.6022,1588.67,1565.76
2021,10,REG,WAS,TB,29.0,19.0,10.0,1430.05,1579.29,0.3811,1442.43,1566.91
2021,10,REG,ARI,CAR,10.0,34.0,-24.0,1546.44,1444.78,0.723,1531.98,1459.24
2021,10,REG,LAC,MIN,20.0,27.0,-7.0,1508.9,1486.19,0.6236,1496.43,1498.66
2021,10,REG,DEN,PHI,13.0,30.0,-17.0,1475.5,1450.85,0.6262,1462.98,1463.37
2021,10,REG,GB,SEA,17.0,0.0,17.0,1607.04,1525.86,0.6988,1613.07,1519.84
2021,10,REG,LV,KC,14.0,41.0,-27.0,1501.46,1592.24,0.463,1492.2,1601.5
2021,10,REG,SF,LA,31.0,10.0,21.0,1478.74,1570.8,0.4611,1489.52,1560.02
2021,11,REG,ATL,NE,0.0,25.0,-25.0,1460.14,1530.5,0.4923,1450.3,1540.34
2021,11,REG,BUF,IND,15.0,41.0,-26.0,1576.3,1519.01,0.6691,1562.92,1532.39
2021,11,REG,CAR,WAS,21.0,27.0,-6.0,1459.24,1442.43,0.6156,1446.93,1454.74
2021,11,REG,CHI,BAL,13.0,16.0,-3.0,1474.13,1571.5,0.4535,1465.06,1580.58
2021,11,REG,CLE,DET,13.0,10.0,3.0,1510.66,1385.05,0.7497,1515.67,1380.04
2021,11,REG,JAX,SF,10.0,30.0,-20.0,1382.43,1489.52,0.4397,1373.64,1498.31
2021,11,REG,MIN,GB,34.0,31.0,3.0,1498.66,1613.07,0.4294,1510.07,1601.65
2021,11,REG,NYJ,MIA,17.0,24.0,-7.0,1397.8,1471.84,0.487,1388.06,1481.58
2021,11,REG,PHI,NO,40.0,29.0,11.0,1463.37,1565.76,0.4464,1474.45,1554.69
2021,11,REG,TEN,HOU,13.0,22.0,-9.0,1588.67,1413.78,0.7991,1572.69,1429.76
2021,11,REG,LV,CIN,13.0,32.0,-19.0,1492.2,1450.56,0.6488,1479.22,1463.53
2021,11,REG,KC,DAL,19.0,9.0,10.0,1601.5,1526.08,0.6918,1607.67,1519.92
2021,11,REG,SEA,ARI,13.0,23.0,-10.0,1519.84,1531.98,0.5755,1508.33,1543.49
2021,11,REG,LAC,PIT,41.0,37.0,4.0,1496.43,1540.71,0.5298,1505.83,1531.31
2021,11,REG,TB,NYG,30.0,10.0,20.0,1566.91,1436.93,0.7544,1571.82,1432.02
2021,12,REG,DET,CHI,14.0,16.0,-2.0,1380.04,1465.06,0.4712,1370.62,1474.48
2021,12,REG,DAL,LV,33.0,36.0,-3.0,1519.92,1479.22,0.6476,1506.96,1492.17
2021,12,REG,NO,BUF,6.0,31.0,-25.0,1554.69,1562.92,0.581,1543.07,1574.54
2021,12,REG,CIN,PIT,41.0,10.0,31.0,1463.53,1531.31,0.496,1473.61,1521.23
2021,12,REG,HOU,NYJ,14.0,21.0,-7.0,1429.76,1388.06,0.6489,1416.79,1401.04
2021,12,REG,IND,TB,31.0,38.0,-7.0,1532.39,1571.82,0.5367,1521.66,1582.56
2021,12,REG,JAX,ATL,14.0,21.0,-7.0,1373.64,1450.3,0.4832,1363.97,1459.96
2021,12,REG,MIA,CAR,33.0,10.0,23.0,1481.58,1446.93,0.6396,1488.78,1439.72
2021,12,REG,NE,TEN,36.0,13.0,23.0,1540.34,1572.69,0.5469,1549.41,1563.63
2021,12,REG,NYG,PHI,13.0,7.0,6.0,1432.02,1474.45,0.5324,1441.37,1465.09
2021,12,REG,DEN,LAC,28.0,13.0,15.0,1462.98,1505.83,0.5318,1472.34,1496.47
2021,12,REG,GB,LA,36.0,28.0,8.0,1601.65,1560.02,0.6488,1608.68,1553.0
2021,12,REG,SF,MIN,34.0,26.0,8.0,1498.31,1510.07,0.576,1506.79,1501.59
2021,12,REG,BAL,CLE,16.0,10.0,6.0,1580.58,1515.67,0.6787,1587.0,1509.24
2021,12,REG,WAS,SEA,17.0,15.0,2.0,1454.74,1508.33,0.5164,1464.41,1498.66
2021,13,REG,NO,DAL,17.0,27.0,-10.0,1543.07,1506.96,0.6415,1530.24,1519.79
2021,13,REG,ATL,TB,17.0,30.0,-13.0,1459.96,1582.56,0.4179,1451.6,1590.91
2021,13,REG,CHI,ARI,22.0,33.0,-11.0,1474.48,1543.49,0.4942,1464.6,1553.37
2021,13,REG,CIN,LAC,22.0,41.0,-19.0,1473.61,1496.47,0.5604,1462.4,1507.67
2021,13,REG,DET,MIN,29.0,27.0,2.0,1370.62,1501.59,0.4062,1382.49,1489.72
2021,13,REG,HOU,IND,0.0,31.0,-31.0,1416.79,1521.66,0.4429,1407.93,1530.52
2021,13,REG,MIA,NYG,20.0,9.0,11.0,1488.78,1441.37,0.6564,1495.66,1434.5
2021,13,REG,NYJ,PHI,18.0,33.0,-15.0,1401.04,1465.09,0.5014,1391.01,1475.12
2021,13,REG,LA,JAX,37.0,7.0,30.0,1553.0,1363.97,0.8119,1556.76,1360.21
2021,13,REG,LV,WAS,15.0,17.0,-2.0,1492.17,1464.41,0.6304,1479.57,1477.02
2021,13,REG,PIT,BAL,20.0,19.0,1.0,1521.23,1587.0,0.4989,1531.25,1576.98
2021,13,REG,SEA,SF,30.0,23.0,7.0,1498.66,1506.79,0.5811,1507.03,1498.41
2021,13,REG,KC,DEN,22.0,9.0,13.0,1607.67,1472.34,0.7601,1612.46,1467.54
2021,13,REG,BUF,NE,10.0,14.0,-4.0,1574.54,1549.41,0.6269,1562.0,1561.95
2021,14,REG,MIN,PIT,36.0,28.0,8.0,1489.72,1531.25,0.5337,1499.04,1521.93
2021,14,REG,CAR,ATL,21.0,29.0,-8.0,1439.72,1451.6,0.5758,1428.2,1463.12
2021,14,REG,CLE,BAL,24.0,22.0,2.0,1509.24,1576.98,0.4961,1519.32,1566.9
2021,14,REG,HOU,SEA,13.0,33.0,-20.0,1407.93,1507.03,0.4511,1398.91,1516.05
2021,14,REG,KC,LV,48.0,9.0,39.0,1612.46,1479.57,0.7575,1617.31,1474.72
2021,14,REG,NYJ,NO,9.0,30.0,-21.0,1391.01,1530.24,0.3948,1383.12,1538.13
2021,14,REG,TEN,JAX,20.0,0.0,20.0,1563.63,1360.21,0.8242,1567.14,1356.7
2021,14,REG,WAS,DAL,20.0,27.0,-7.0,1477.02,1519.79,0.5319,1466.38,1530.43
2021,14,REG,DEN,DET,38.0,10.0,28.0,1467.54,1382.49,0.7034,1473.47,1376.56
2021,14,REG,LAC,NYG,37.0,21.0,16.0,1507.67,1434.5,0.689,1513.89,1428.28
2021,14,REG,CIN,SF,23.0,26.0,-3.0,1462.4,1498.41,0.5416,1451.57,1509.24
2021,14,REG,TB,BUF,33.0,27.0,6.0,1590.91,1562.0,0.632,1598.28,1554.64
2021,14,REG,GB,CHI,45.0,30.0,15.0,1608.68,1464.6,0.7692,1613.29,1459.98
2021,14,REG,ARI,LA,23.0,30.0,-7.0,1553.37,1556.76,0.5878,1541.62,1568.51
2021,15,REG,LAC,KC,28.0,34.0,-6.0,1513.89,1617.31,0.4449,1505.0,1626.21
2021,15,REG,IND,NE,27.0,17.0,10.0,1530.52,1561.95,0.5482,1539.55,1552.91
2021,15,REG,BUF,CAR,31.0,14.0,17.0,1554.64,1428.2,0.7506,1559.63,1423.21
2021,15,REG,DET,ARI,30.0,12.0,18.0,1376.56,1541.62,0.3599,1389.36,1528.82
2021,15,REG,JAX,HOU,16.0,30.0,-14.0,1356.7,1398.91,0.5327,1346.04,1409.56
2021,15,REG,MIA,NYJ,31.0,24.0,7.0,1495.66,1383.12,0.7354,1500.95,1377.82
2021,15,REG,NYG,DAL,6.0,21.0,-15.0,1428.28,1530.43,0.4467,1419.35,1539.37
2021,15,REG,PIT,TEN,19.0,13.0,6.0,1521.93,1567.14,0.5284,1531.36,1557.71
2021,15,REG,DEN,CIN,10.0,15.0,-5.0,1473.47,1451.57,0.6225,1461.02,1464.02
2021,15,REG,SF,ATL,31.0,13.0,18.0,1509.24,1463.12,0.6547,1516.15,1456.21
2021,15,REG,BAL,GB,30.0,31.0,-1.0,1566.9,1613.29,0.5268,1556.37,1623.83
2021,15,REG,TB,NO,0.0,9.0,-9.0,1598.28,1538.13,0.6727,1584.82,1551.59
2021,15,REG,CLE,LV,14.0,16.0,-2.0,1519.32,1474.72,0.6527,1506.27,1487.77
2021,15,REG,CHI,MIN,9.0,17.0,-8.0,1459.98,1499.04,0.5373,1449.24,1509.79
2021,15,REG,LA,SEA,20.0,10.0,10.0,1568.51,1516.05,0.6629,1575.26,1509.31
2021,15,REG,PHI,WAS,27.0,17.0,10.0,1475.12,1466.38,0.6046,1483.03,1458.48
2021,16,REG,TEN,SF,20.0,17.0,3.0,1557.71,1516.15,0.6487,1564.74,1509.13
2021,16,REG,GB,CLE,24.0,22.0,2.0,1623.83,1506.27,0.741,1629.01,1501.08
2021,16,REG,ARI,IND,16.0,22.0,-6.0,1528.82,1539.55,0.5775,1517.27,1551.1
2021,16,REG,ATL,DET,20.0,16.0,4.0,1456.21,1389.36,0.6811,1462.59,1382.99
2021,16,REG,CAR,TB,6.0,32.0,-26.0,1423.21,1584.82,0.3644,1415.92,1592.11
2021,16,REG,CIN,BAL,41.0,21.0,20.0,1464.02,1556.37,0.4607,1474.81,1545.58
2021,16,REG,HOU,LAC,41.0,29.0,12.0,1409.56,1505.0,0.4563,1420.44,1494.12
2021,16,REG,MIN,LA,23.0,30.0,-7.0,1509.79,1575.26,0.4993,1499.8,1585.24
2021,16,REG,NE,BUF,21.0,33.0,-12.0,1552.91,1559.63,0.5831,1541.25,1571.29
2021,16,REG,NYJ,JAX,26.0,21.0,5.0,1377.82,1346.04,0.6358,1385.11,1338.76
2021,16,REG,PHI,NYG,34.0,10.0,24.0,1483.03,1419.35,0.6772,1489.49,1412.89
2021,16,REG,SEA,CHI,24.0,25.0,-1.0,1509.31,1449.24,0.6726,1495.86,1462.69
2021,16,REG,KC,PIT,36.0,10.0,26.0,1626.21,1531.36,0.7151,1631.91,1525.66
2021,16,REG,LV,DEN,17.0,13.0,4.0,1487.77,1461.02,0.6291,1495.19,1453.6
2021,16,REG,DAL,WAS,56.0,14.0,42.0,1539.37,1458.48,0.6984,1545.4,1452.44
2021,16,REG,NO,MIA,3.0,20.0,-17.0,1551.59,1500.95,0.6605,1538.38,1514.16
2021,17,REG,BAL,LA,19.0,20.0,-1.0,1545.58,1585.24,0.5364,1534.85,1595.97
2021,17,REG,BUF,ATL,29.0,15.0,14.0,1571.29,1462.59,0.731,1576.67,1457.21
2021,17,REG,CHI,NYG,29.0,3.0,26.0,1462.69,1412.89,0.6594,1469.5,1406.08
2021,17,REG,CIN,KC,34.0,31.0,3.0,1474.81,1631.91,0.3705,1487.4,1619.32
2021,17,REG,IND,LV,20.0,23.0,-3.0,1551.1,1495.19,0.6673,1537.76,1508.54
2021,17,REG,NE,JAX,50.0,10.0,40.0,1541.25,1338.76,0.8234,1544.78,1335.23
2021,17,REG,NYJ,TB,24.0,28.0,-4.0,1385.11,1592.11,0.3063,1378.98,1598.24
2021,17,REG,TEN,MIA,34.0,3.0,31.0,1564.74,1514.16,0.6605,1571.53,1507.37
2021,17,REG,WAS,PHI,16.0,20.0,-4.0,1452.44,1489.49,0.5401,1441.64,1500.29
2021,17,REG,LAC,DEN,34.0,13.0,21.0,1494.12,1453.6,0.6474,1501.17,1446.55
2021,17,REG,SF,HOU,23.0,7.0,16.0,1509.13,1420.44,0.7078,1514.97,1414.59
2021,17,REG,DAL,ARI,22.0,25.0,-3.0,1545.4,1517.27,0.6309,1532.78,1529.88
2021,17,REG,NO,CAR,18.0,10.0,8.0,1538.38,1415.92,0.7463,1543.45,1410.85
2021,17,REG,SEA,DET,51.0,29.0,22.0,1495.86,1382.99,0.7357,1501.15,1377.7
2021,17,REG,GB,MIN,37.0,10.0,27.0,1629.01,1499.8,0.7536,1633.94,1494.87
2021,17,REG,PIT,CLE,26.0,14.0,12.0,1525.66,1501.08,0.6261,1533.14,1493.61
2021,18,REG,DEN,KC,24.0,28.0,-4.0,1446.55,1619.32,0.3497,1439.56,1626.31
2021,18,REG,PHI,DAL,26.0,51.0,-25.0,1500.29,1532.78,0.5466,1489.36,1543.71
2021,18,REG,BAL,PIT,13.0,16.0,-3.0,1534.85,1533.14,0.5948,1522.95,1545.03
2021,18,REG,CLE,CIN,21.0,16.0,5.0,1493.61,1487.4,0.6011,1501.59,1479.42
2021,18,REG,DET,GB,37.0,30.0,7.0,1377.7,1633.94,0.2496,1392.71,1618.93
2021,18,REG,HOU,TEN,25.0,28.0,-3.0,1414.59,1571.53,0.3707,1407.18,1578.94
2021,18,REG,JAX,IND,26.0,11.0,15.0,1335.23,1537.76,0.3118,1348.99,1523.99
2021,18,REG,MIN,CHI,31.0,17.0,14.0,1494.87,1469.5,0.6272,1502.33,1462.04
2021,18,REG,NYG,WAS,7.0,22.0,-15.0,1406.08,1441.64,0.5423,1395.23,1452.49
2021,18,REG,ARI,SEA,30.0,38.0,-8.0,1529.88,1501.15,0.6317,1517.25,1513.78
2021,18,REG,ATL,NO,20.0,30.0,-10.0,1457.21,1543.45,0.4695,1447.82,1552.84
2021,18,REG,BUF,NYJ,27.0,10.0,17.0,1576.67,1378.98,0.8194,1580.28,1375.37
2021,18,REG,LA,SF,24.0,27.0,-3.0,1595.97,1514.97,0.6986,1582.0,1528.94
2021,18,REG,MIA,NE,33.0,24.0,9.0,1507.37,1544.78,0.5396,1516.58,1535.57
2021,18,REG,TB,CAR,41.0,17.0,24.0,1598.24,1410.85,0.8104,1602.03,1407.06
2021,18,REG,LV,LAC,35.0,32.0,3.0,1508.54,1501.17,0.6027,1516.48,1493.23
2021,19,WC,CIN,LV,26.0,19.0,7.0,1479.42,1516.48,0.5401,1488.62,1507.29
2021,19,WC,BUF,NE,47.0,17.0,30.0,1580.28,1535.57,0.6528,1587.23,1528.63
2021,19,WC,TB,PHI,31.0,15.0,16.0,1602.03,1489.36,0.7355,1607.32,1484.07
2021,19,WC,DAL,SF,17.0,23.0,-6.0,1543.71,1528.94,0.6128,1531.46,1541.2
2021,19,WC,KC,PIT,42.0,21.0,21.0,1626.31,1545.03,0.6989,1632.34,1539.01
2021,19,WC,LA,ARI,34.0,11.0,23.0,1582.0,1517.25,0.6785,1588.43,1510.82
2021,20,DIV,TEN,CIN,16.0,19.0,-3.0,1578.94,1488.62,0.7097,1564.75,1502.81
2021,20,DIV,GB,SF,10.0,13.0,-3.0,1618.93,1541.2,0.6946,1605.04,1555.09
2021,20,DIV,TB,LA,27.0,30.0,-3.0,1607.32,1588.43,0.6184,1594.95,1600.8
2021,20,DIV,KC,BUF,42.0,36.0,6.0,1632.34,1587.23,0.6534,1639.27,1580.29
2021,21,CON,KC,CIN,24.0,27.0,-3.0,1639.27,1502.81,0.7613,1624.04,1518.04
2021,21,CON,LA,SF,20.0,17.0,3.0,1600.8,1555.09,0.6541,1607.71,1548.17
2021,22,SB,CIN,LA,20.0,23.0,-3.0,1518.04,1607.71,0.4645,1508.75,1617.01
2022,1,REG,LA,BUF,10.0,31.0,-21.0,1578.0,1553.53,0.626,1565.48,1566.05
2022,1,REG,ATL,NO,26.0,27.0,-1.0,1465.22,1535.23,0.4928,1455.36,1545.08
2022,1,REG,CAR,CLE,24.0,26.0,-2.0,1438.04,1501.06,0.5029,1427.98,1511.11
2022,1,REG,CHI,SF,19.0,10.0,9.0,1474.7,1532.11,0.5109,1484.48,1522.33
2022,1,REG,CIN,PIT,20.0,23.0,-3.0,1505.83,1526.01,0.5642,1494.55,1537.29
2022,1,REG,DET,PHI,35.0,38.0,-3.0,1428.47,1489.38,0.5059,1418.36,1499.5
2022,1,REG,HOU,IND,20.0,20.0,0.0,1438.12,1515.99,0.4815,1438.49,1515.62
2022,1,REG,MIA,NE,20.0,7.0,13.0,1511.05,1519.08,0.5813,1519.43,1510.71
2022,1,REG,NYJ,BAL,9.0,24.0,-15.0,1416.91,1515.3,0.4521,1407.87,1524.35
2022,1,REG,WAS,JAX,28.0,22.0,6.0,1468.32,1399.33,0.6838,1474.65,1393.0
2022,1,REG,ARI,KC,21.0,44.0,-23.0,1507.21,1582.7,0.4849,1497.52,1592.39
2022,1,REG,LAC,LV,24.0,19.0,5.0,1495.49,1504.86,0.5794,1503.9,1496.44
2022,1,REG,MIN,GB,23.0,7.0,16.0,1501.55,1570.03,0.495,1511.65,1559.93
2022,1,REG,TEN,NYG,20.0,21.0,-1.0,1543.17,1430.15,0.7359,1528.45,1444.87
2022,1,REG,DAL,TB,3.0,19.0,-16.0,1520.97,1563.3,0.5326,1510.32,1573.95
2022,1,REG,SEA,DEN,17.0,16.0,1.0,1509.19,1459.7,0.659,1516.01,1452.88
2022,2,REG,KC,LAC,27.0,24.0,3.0,1592.39,1503.9,0.7076,1598.24,1498.05
2022,2,REG,BAL,MIA,38.0,42.0,-4.0,1524.35,1519.43,0.5993,1512.36,1531.41
2022,2,REG,CLE,NYJ,30.0,31.0,-1.0,1511.11,1407.87,0.7248,1496.62,1422.37
2022,2,REG,DET,WAS,36.0,27.0,9.0,1418.36,1474.65,0.5125,1428.11,1464.9
2022,2,REG,JAX,IND,24.0,0.0,24.0,1393.0,1515.62,0.4178,1404.65,1503.98
2022,2,REG,NO,TB,10.0,20.0,-10.0,1545.08,1573.95,0.5518,1534.05,1584.99
2022,2,REG,NYG,CAR,19.0,16.0,3.0,1444.87,1427.98,0.6157,1452.56,1420.3
2022,2,REG,PIT,NE,14.0,17.0,-3.0,1537.29,1510.71,0.6288,1524.71,1523.29
2022,2,REG,LA,ATL,31.0,27.0,4.0,1565.48,1455.36,0.7326,1570.83,1450.01
2022,2,REG,SF,SEA,27.0,7.0,20.0,1522.33,1516.01,0.6012,1530.31,1508.03
2022,2,REG,DAL,CIN,20.0,17.0,3.0,1510.32,1494.55,0.6142,1518.04,1486.83
2022,2,REG,DEN,HOU,16.0,9.0,7.0,1452.88,1438.49,0.6123,1460.64,1430.74
2022,2,REG,LV,ARI,23.0,29.0,-6.0,1496.44,1497.52,0.591,1484.62,1509.33
2022,2,REG,GB,CHI,27.0,10.0,17.0,1559.93,1484.48,0.6918,1566.09,1478.31
2022,2,REG,BUF,TEN,41.0,7.0,34.0,1566.05,1528.45,0.6435,1573.18,1521.32
2022,2,REG,PHI,MIN,24.0,7.0,17.0,1499.5,1511.65,0.5755,1507.99,1503.16
2022,3,REG,CLE,PIT,29.0,17.0,12.0,1496.62,1524.71,0.5529,1505.56,1515.77
2022,3,REG,CAR,NO,22.0,14.0,8.0,1420.3,1534.05,0.4303,1431.69,1522.65
2022,3,REG,CHI,HOU,23.0,20.0,3.0,1478.31,1430.74,0.6566,1485.18,1423.87
2022,3,REG,IND,KC,20.0,17.0,3.0,1503.98,1598.24,0.458,1514.82,1587.4
2022,3,REG,MIA,BUF,21.0,19.0,2.0,1531.41,1573.18,0.5334,1540.74,1563.85
2022,3,REG,MIN,DET,28.0,24.0,4.0,1503.16,1428.11,0.6913,1509.34,1421.93
2022,3,REG,NE,BAL,26.0,37.0,-11.0,1523.29,1512.36,0.6076,1511.14,1524.51
2022,3,REG,NYJ,CIN,12.0,27.0,-15.0,1422.37,1486.83,0.5008,1412.35,1496.85
2022,3,REG,TEN,LV,24.0,22.0,2.0,1521.32,1484.62,0.6423,1528.47,1477.47
2022,3,REG,WAS,PHI,8.0,24.0,-16.0,1464.9,1507.99,0.5315,1454.27,1518.62
2022,3,REG,LAC,JAX,10.0,38.0,-28.0,1498.05,1404.65,0.7134,1483.78,1418.91
2022,3,REG,ARI,LA,12.0,20.0,-8.0,1509.33,1570.83,0.505,1499.23,1580.93
2022,3,REG,SEA,ATL,23.0,27.0,-4.0,1508.03,1450.01,0.67,1494.63,1463.41
2022,3,REG,TB,GB,12.0,14.0,-2.0,1584.99,1566.09,0.6184,1572.62,1578.46
2022,3,REG,DEN,SF,11.0,10.0,1.0,1460.64,1530.31,0.4933,1470.77,1520.17
2022,3,REG,NYG,DAL,16.0,23.0,-7.0,1452.56,1518.04,0.4993,1442.57,1528.02
2022,4,REG,CIN,MIA,27.0,15.0,12.0,1496.85,1540.74,0.5303,1506.24,1531.35
2022,4,REG,NO,MIN,25.0,28.0,-3.0,1522.65,1509.34,0.6108,1510.43,1521.55
2022,4,REG,ATL,CLE,23.0,20.0,3.0,1463.41,1505.56,0.5328,1472.76,1496.22
2022,4,REG,BAL,BUF,20.0,23.0,-3.0,1524.51,1563.85,0.5369,1513.77,1574.58
2022,4,REG,DAL,WAS,25.0,10.0,15.0,1528.02,1454.27,0.6897,1534.23,1448.06
2022,4,REG,DET,SEA,45.0,48.0,-3.0,1421.93,1494.63,0.4889,1412.15,1504.41
2022,4,REG,HOU,LAC,24.0,34.0,-10.0,1423.87,1483.78,0.5073,1413.72,1493.93
2022,4,REG,IND,TEN,17.0,24.0,-7.0,1514.82,1528.47,0.5734,1503.35,1539.94
2022,4,REG,NYG,CHI,20.0,12.0,8.0,1442.57,1485.18,0.5322,1451.93,1475.83
2022,4,REG,PHI,JAX,29.0,21.0,8.0,1518.62,1418.91,0.7207,1524.2,1413.33
2022,4,REG,PIT,NYJ,20.0,24.0,-4.0,1515.77,1412.35,0.725,1501.27,1426.85
2022,4,REG,CAR,ARI,16.0,26.0,-10.0,1431.69,1499.23,0.4963,1421.76,1509.16
2022,4,REG,GB,NE,27.0,24.0,3.0,1578.46,1511.14,0.6817,1584.82,1504.77
2022,4,REG,LV,DEN,32.0,23.0,9.0,1477.47,1470.77,0.6017,1485.44,1462.81
2022,4,REG,TB,KC,31.0,41.0,-10.0,1572.62,1587.4,0.5718,1561.18,1598.84
2022,4,REG,SF,LA,24.0,9.0,15.0,1520.17,1580.93,0.5061,1530.05,1571.05
2022,5,REG,DEN,IND,9.0,12.0,-3.0,1462.81,1503.35,0.5351,1452.1,1514.06
2022,5,REG,GB,NYG,22.0,27.0,-5.0,1584.82,1451.93,0.7575,1569.67,1467.08
2022,5,REG,BUF,PIT,38.0,3.0,35.0,1574.58,1501.27,0.6892,1580.8,1495.05
2022,5,REG,CLE,LAC,28.0,30.0,-2.0,1496.22,1493.93,0.5956,1484.3,1505.84
2022,5,REG,JAX,HOU,6.0,13.0,-7.0,1413.33,1413.72,0.5919,1401.49,1425.56
2022,5,REG,MIN,CHI,29.0,22.0,7.0,1521.55,1475.83,0.6542,1528.47,1468.91
2022,5,REG,NE,DET,29.0,0.0,29.0,1504.77,1412.15,0.7125,1510.52,1406.4
2022,5,REG,NO,SEA,39.0,32.0,7.0,1510.43,1504.41,0.6008,1518.42,1496.43
2022,5,REG,NYJ,MIA,40.0,17.0,23.0,1426.85,1531.35,0.4434,1437.98,1520.22
2022,5,REG,TB,ATL,21.0,15.0,6.0,1561.18,1472.76,0.7075,1567.03,1466.91
2022,5,REG,WAS,TEN,17.0,21.0,-4.0,1448.06,1539.94,0.4614,1438.83,1549.17
2022,5,REG,CAR,SF,15.0,37.0,-22.0,1421.76,1530.05,0.438,1413.0,1538.81
2022,5,REG,ARI,PHI,17.0,20.0,-3.0,1509.16,1524.2,0.5714,1497.73,1535.63
2022,5,REG,LA,DAL,10.0,22.0,-12.0,1571.05,1534.23,0.6425,1558.2,1547.08
2022,5,REG,BAL,CIN,19.0,17.0,2.0,1513.77,1506.24,0.6029,1521.72,1498.3
2022,5,REG,KC,LV,30.0,29.0,1.0,1598.84,1485.44,0.7363,1604.11,1480.16
2022,6,REG,CHI,WAS,7.0,12.0,-5.0,1468.91,1438.83,0.6335,1456.24,1451.5
2022,6,REG,ATL,SF,28.0,14.0,14.0,1466.91,1538.81,0.4901,1477.1,1528.61
2022,6,REG,CLE,NE,15.0,38.0,-23.0,1484.3,1510.52,0.5556,1473.19,1521.63
2022,6,REG,GB,NYJ,10.0,27.0,-17.0,1569.67,1437.98,0.7563,1554.55,1453.11
2022,6,REG,IND,JAX,34.0,27.0,7.0,1514.06,1401.49,0.7354,1519.35,1396.2
2022,6,REG,MIA,MIN,16.0,24.0,-8.0,1520.22,1528.47,0.581,1508.6,1540.09
2022,6,REG,NO,CIN,26.0,30.0,-4.0,1518.42,1498.3,0.6201,1506.02,1510.7
2022,6,REG,NYG,BAL,24.0,20.0,4.0,1467.08,1521.72,0.5149,1476.78,1512.01
2022,6,REG,PIT,TB,20.0,18.0,2.0,1495.05,1567.03,0.49,1505.26,1556.83
2022,6,REG,LA,CAR,24.0,10.0,14.0,1558.2,1413.0,0.7703,1562.8,1408.41
2022,6,REG,SEA,ARI,19.0,9.0,10.0,1496.43,1497.73,0.5906,1504.61,1489.55
2022,6,REG,KC,BUF,20.0,24.0,-4.0,1604.11,1580.8,0.6244,1591.62,1593.29
2022,6,REG,PHI,DAL,26.0,17.0,9.0,1535.63,1547.08,0.5765,1544.1,1538.61
2022,6,REG,LAC,DEN,19.0,16.0,3.0,1505.84,1452.1,0.6645,1512.55,1445.4
2022,7,REG,ARI,NO,42.0,34.0,8.0,1489.55,1506.02,0.5694,1498.16,1497.4
2022,7,REG,BAL,CLE,23.0,20.0,3.0,1512.01,1473.19,0.6451,1519.11,1466.09
2022,7,REG,CAR,TB,21.0,3.0,18.0,1408.41,1556.83,0.3822,1420.77,1544.48
2022,7,REG,CIN,ATL,35.0,17.0,18.0,1510.7,1477.1,0.6382,1517.94,1469.87
2022,7,REG,DAL,DET,24.0,6.0,18.0,1538.61,1406.4,0.7568,1543.47,1401.54
2022,7,REG,JAX,NYG,17.0,23.0,-6.0,1396.2,1476.78,0.4776,1386.65,1486.33
2022,7,REG,TEN,IND,19.0,10.0,9.0,1549.17,1519.35,0.6332,1556.5,1512.01
2022,7,REG,WAS,GB,23.0,21.0,2.0,1451.5,1554.55,0.4455,1462.6,1543.46
2022,7,REG,DEN,NYJ,9.0,16.0,-7.0,1445.4,1453.11,0.5817,1433.76,1464.74
2022,7,REG,LV,HOU,38.0,20.0,18.0,1480.16,1425.56,0.6656,1486.85,1418.87
2022,7,REG,LAC,SEA,23.0,37.0,-14.0,1512.55,1504.61,0.6035,1500.48,1516.68
2022,7,REG,SF,KC,23.0,44.0,-21.0,1528.61,1591.62,0.5029,1518.56,1601.68
2022,7,REG,MIA,PIT,16.0,10.0,6.0,1508.6,1505.26,0.5971,1516.66,1497.2
2022,7,REG,NE,CHI,14.0,33.0,-19.0,1521.63,1456.24,0.6793,1508.05,1469.82
2022,8,REG,TB,BAL,22.0,27.0,-5.0,1544.48,1519.11,0.6272,1531.93,1531.66
2022,8,REG,JAX,DEN,17.0,21.0,-4.0,1386.65,1433.76,0.5257,1376.13,1444.28
2022,8,REG,ATL,CAR,37.0,34.0,3.0,1469.87,1420.77,0.6585,1476.7,1413.94
2022,8,REG,DAL,CHI,49.0,29.0,20.0,1543.47,1469.82,0.6896,1549.68,1463.62
2022,8,REG,DET,MIA,27.0,31.0,-4.0,1401.54,1516.66,0.4284,1392.97,1525.23
2022,8,REG,MIN,ARI,34.0,26.0,8.0,1540.09,1498.16,0.6492,1547.1,1491.14
2022,8,REG,NO,LV,24.0,0.0,24.0,1497.4,1486.85,0.607,1505.26,1478.99
2022,8,REG,NYJ,NE,17.0,22.0,-5.0,1464.74,1508.05,0.5312,1454.12,1518.67
2022,8,REG,PHI,PIT,35.0,13.0,22.0,1544.1,1497.2,0.6557,1550.99,1490.31
2022,8,REG,HOU,TEN,10.0,17.0,-7.0,1418.87,1556.5,0.397,1410.93,1564.44
2022,8,REG,IND,WAS,16.0,17.0,-1.0,1512.01,1462.6,0.659,1498.83,1475.77
2022,8,REG,LA,SF,14.0,31.0,-17.0,1562.8,1518.56,0.6522,1549.75,1531.6
2022,8,REG,SEA,NYG,27.0,13.0,14.0,1516.68,1486.33,0.6339,1524.0,1479.01
2022,8,REG,BUF,GB,27.0,17.0,10.0,1593.29,1543.46,0.6595,1600.1,1536.65
2022,8,REG,CLE,CIN,32.0,13.0,19.0,1466.09,1517.94,0.5189,1475.72,1508.32
2022,9,REG,HOU,PHI,17.0,29.0,-12.0,1410.93,1550.99,0.3936,1403.06,1558.86
2022,9,REG,ATL,LAC,17.0,20.0,-3.0,1476.7,1500.48,0.559,1465.52,1511.66
2022,9,REG,CHI,MIA,32.0,35.0,-3.0,1463.62,1525.23,0.5049,1453.52,1535.32
2022,9,REG,CIN,CAR,42.0,21.0,21.0,1508.32,1413.94,0.7145,1514.02,1408.23
2022,9,REG,DET,GB,15.0,9.0,6.0,1392.97,1536.65,0.3887,1405.2,1524.42
2022,9,REG,JAX,LV,27.0,20.0,7.0,1376.13,1478.99,0.4457,1387.22,1467.91
2022,9,REG,NE,IND,26.0,3.0,23.0,1518.67,1498.83,0.6197,1526.28,1491.23
2022,9,REG,NYJ,BUF,20.0,17.0,3.0,1454.12,1600.1,0.3855,1466.41,1587.81
2022,9,REG,WAS,MIN,17.0,20.0,-3.0,1475.77,1547.1,0.4909,1465.96,1556.92
2022,9,REG,ARI,SEA,21.0,31.0,-10.0,1491.14,1524.0,0.5461,1480.22,1534.93
2022,9,REG,TB,LA,16.0,13.0,3.0,1531.93,1549.75,0.5675,1540.58,1541.1
2022,9,REG,KC,TEN,20.0,17.0,3.0,1601.68,1564.44,0.643,1608.82,1557.3
2022,9,REG,NO,BAL,13.0,27.0,-14.0,1505.26,1531.66,0.5553,1494.16,1542.76
2022,10,REG,CAR,ATL,25.0,15.0,10.0,1408.23,1465.52,0.5111,1418.01,1455.74
2022,10,REG,TB,SEA,21.0,16.0,5.0,1540.58,1534.93,0.6003,1548.58,1526.93
2022,10,REG,BUF,MIN,30.0,33.0,-3.0,1587.81,1556.92,0.6346,1575.12,1569.61
2022,10,REG,CHI,DET,30.0,31.0,-1.0,1453.52,1405.2,0.6575,1440.37,1418.35
2022,10,REG,KC,JAX,27.0,17.0,10.0,1608.82,1387.22,0.8389,1612.04,1383.99
2022,10,REG,MIA,CLE,39.0,17.0,22.0,1535.32,1475.72,0.672,1541.88,1469.16
2022,10,REG,NYG,HOU,24.0,16.0,8.0,1479.01,1403.06,0.6924,1485.16,1396.91
2022,10,REG,PIT,NO,20.0,10.0,10.0,1490.31,1494.16,0.5871,1498.57,1485.9
2022,10,REG,TEN,DEN,17.0,10.0,7.0,1557.3,1444.28,0.7359,1562.59,1438.99
2022,10,REG,LV,IND,20.0,25.0,-5.0,1467.91,1491.23,0.5597,1456.71,1502.42
2022,10,REG,GB,DAL,31.0,28.0,3.0,1524.42,1549.68,0.5569,1533.28,1540.82
2022,10,REG,LA,ARI,17.0,27.0,-10.0,1541.1,1480.22,0.6736,1527.63,1493.69
2022,10,REG,SF,LAC,22.0,16.0,6.0,1531.6,1511.66,0.6199,1539.2,1504.06
2022,10,REG,PHI,WAS,21.0,32.0,-11.0,1558.86,1465.96,0.7128,1544.6,1480.21
2022,11,REG,GB,TEN,17.0,27.0,-10.0,1533.28,1562.59,0.5512,1522.26,1573.61
2022,11,REG,ATL,CHI,27.0,24.0,3.0,1455.74,1440.37,0.6136,1463.47,1432.64
2022,11,REG,BAL,CAR,13.0,3.0,10.0,1542.76,1418.01,0.7488,1547.79,1412.98
2022,11,REG,BUF,CLE,31.0,23.0,8.0,1575.12,1469.16,0.7279,1580.56,1463.71
2022,11,REG,HOU,WAS,10.0,23.0,-13.0,1396.91,1480.21,0.4737,1387.43,1489.69
2022,11,REG,IND,PHI,16.0,17.0,-1.0,1502.42,1544.6,0.5328,1491.77,1555.26
2022,11,REG,NE,NYJ,10.0,3.0,7.0,1526.28,1466.41,0.6723,1532.83,1459.86
2022,11,REG,NO,LA,27.0,20.0,7.0,1485.9,1527.63,0.5334,1495.23,1518.3
2022,11,REG,NYG,DET,18.0,31.0,-13.0,1485.16,1418.35,0.6811,1471.54,1431.97
2022,11,REG,DEN,LV,16.0,22.0,-6.0,1438.99,1456.71,0.5676,1427.64,1468.06
2022,11,REG,MIN,DAL,3.0,40.0,-37.0,1569.61,1540.82,0.6318,1556.98,1553.45
2022,11,REG,PIT,CIN,30.0,37.0,-7.0,1498.57,1514.02,0.5708,1487.15,1525.44
2022,11,REG,LAC,KC,27.0,30.0,-3.0,1504.06,1612.04,0.4385,1495.29,1620.81
2022,11,REG,ARI,SF,10.0,38.0,-28.0,1493.69,1539.2,0.528,1483.13,1549.76
2022,12,REG,DET,BUF,25.0,28.0,-3.0,1431.97,1580.56,0.382,1424.33,1588.2
2022,12,REG,DAL,NYG,28.0,20.0,8.0,1553.45,1471.54,0.6997,1559.46,1465.53
2022,12,REG,MIN,NE,33.0,26.0,7.0,1556.98,1532.83,0.6256,1564.47,1525.34
2022,12,REG,CAR,DEN,23.0,10.0,13.0,1412.98,1427.64,0.5719,1421.54,1419.08
2022,12,REG,CLE,TB,23.0,17.0,6.0,1463.71,1548.58,0.4714,1474.29,1538.01
2022,12,REG,JAX,BAL,28.0,27.0,1.0,1383.99,1547.79,0.3615,1396.76,1535.02
2022,12,REG,MIA,HOU,30.0,15.0,15.0,1541.88,1387.43,0.7796,1546.29,1383.03
2022,12,REG,NYJ,CHI,31.0,10.0,21.0,1459.86,1432.64,0.6297,1467.26,1425.23
2022,12,REG,TEN,CIN,16.0,20.0,-4.0,1573.61,1525.44,0.6573,1560.46,1538.59
2022,12,REG,WAS,ATL,19.0,13.0,6.0,1489.69,1463.47,0.6283,1497.12,1456.03
2022,12,REG,ARI,LAC,24.0,25.0,-1.0,1483.13,1495.29,0.5755,1471.62,1506.8
2022,12,REG,SEA,LV,34.0,40.0,-6.0,1526.93,1468.06,0.6711,1513.51,1481.49
2022,12,REG,KC,LA,26.0,10.0,16.0,1620.81,1518.3,0.724,1626.33,1512.78
2022,12,REG,SF,NO,13.0,0.0,13.0,1549.76,1495.23,0.6655,1556.45,1488.54
2022,12,REG,PHI,GB,40.0,33.0,7.0,1555.26,1522.26,0.6374,1562.51,1515.01
2022,12,REG,IND,PIT,17.0,24.0,-7.0,1491.77,1487.15,0.5989,1479.79,1499.13
2022,13,REG,NE,BUF,10.0,24.0,-14.0,1525.34,1588.2,0.5031,1515.28,1598.26
2022,13,REG,ATL,PIT,16.0,19.0,-3.0,1456.03,1499.13,0.5315,1445.4,1509.76
2022,13,REG,BAL,DEN,10.0,9.0,1.0,1535.02,1419.08,0.7391,1540.23,1413.86
2022,13,REG,CHI,GB,19.0,28.0,-9.0,1425.23,1515.01,0.4644,1415.95,1524.29
2022,13,REG,DET,JAX,40.0,14.0,26.0,1424.33,1396.76,0.6301,1431.73,1389.37
2022,13,REG,HOU,CLE,14.0,27.0,-13.0,1383.03,1474.29,0.4623,1373.78,1483.53
2022,13,REG,MIN,NYJ,27.0,22.0,5.0,1564.47,1467.26,0.7178,1570.11,1461.62
2022,13,REG,NYG,WAS,20.0,20.0,0.0,1465.53,1497.12,0.5479,1464.57,1498.08
2022,13,REG,PHI,TEN,35.0,10.0,25.0,1562.51,1560.46,0.5953,1570.61,1552.37
2022,13,REG,LA,SEA,23.0,27.0,-4.0,1512.78,1513.51,0.5914,1500.95,1525.34
2022,13,REG,SF,MIA,33.0,17.0,16.0,1556.45,1546.29,0.6065,1564.32,1538.42
2022,13,REG,CIN,KC,27.0,24.0,3.0,1538.59,1626.33,0.4673,1549.24,1615.68
2022,13,REG,LV,LAC,27.0,20.0,7.0,1481.49,1506.8,0.5569,1490.35,1497.94
2022,13,REG,DAL,IND,54.0,19.0,35.0,1559.46,1479.79,0.6969,1565.52,1473.73
2022,13,REG,TB,NO,17.0,16.0,1.0,1538.01,1488.54,0.659,1544.83,1481.72
2022,14,REG,LA,LV,17.0,16.0,1.0,1500.95,1490.35,0.6071,1508.81,1482.49
2022,14,REG,BUF,NYJ,20.0,12.0,8.0,1598.26,1461.62,0.7615,1603.03,1456.85
2022,14,REG,CIN,CLE,23.0,10.0,13.0,1549.24,1483.53,0.6797,1555.65,1477.13
2022,14,REG,DAL,HOU,27.0,23.0,4.0,1565.52,1373.78,0.8143,1569.24,1370.07
2022,14,REG,DET,MIN,34.0,23.0,11.0,1431.73,1570.11,0.3959,1443.81,1558.03
2022,14,REG,NYG,PHI,22.0,48.0,-26.0,1464.57,1570.61,0.4412,1455.75,1579.43
2022,14,REG,PIT,BAL,14.0,16.0,-2.0,1509.76,1540.23,0.5495,1498.77,1551.22
2022,14,REG,TEN,JAX,22.0,36.0,-14.0,1552.37,1389.37,0.7879,1536.61,1405.13
2022,14,REG,DEN,KC,28.0,34.0,-6.0,1413.86,1615.68,0.3127,1407.61,1621.93
2022,14,REG,SEA,CAR,24.0,30.0,-6.0,1525.34,1421.54,0.7255,1510.83,1436.05
2022,14,REG,SF,TB,35.0,7.0,28.0,1564.32,1544.83,0.6193,1571.94,1537.21
2022,14,REG,LAC,MIA,23.0,17.0,6.0,1497.94,1538.42,0.5352,1507.23,1529.13
2022,14,REG,ARI,NE,13.0,27.0,-14.0,1471.62,1515.28,0.5307,1461.01,1525.89
2022,15,REG,SEA,SF,13.0,21.0,-8.0,1510.83,1571.94,0.5056,1500.72,1582.05
2022,15,REG,MIN,IND,39.0,36.0,3.0,1558.03,1473.73,0.7025,1563.98,1467.78
2022,15,REG,CLE,BAL,13.0,3.0,10.0,1477.13,1551.22,0.4869,1487.39,1540.96
2022,15,REG,BUF,MIA,32.0,29.0,3.0,1603.03,1529.13,0.6899,1609.23,1522.92
2022,15,REG,CAR,PIT,16.0,24.0,-8.0,1436.05,1498.77,0.5033,1425.99,1508.83
2022,15,REG,CHI,PHI,20.0,25.0,-5.0,1415.95,1579.43,0.3619,1408.71,1586.67
2022,15,REG,HOU,KC,24.0,30.0,-6.0,1370.07,1621.93,0.2543,1364.98,1627.02
2022,15,REG,JAX,DAL,40.0,34.0,6.0,1405.13,1569.24,0.3611,1417.9,1556.46
2022,15,REG,NO,ATL,21.0,18.0,3.0,1481.72,1445.4,0.6418,1488.88,1438.24
2022,15,REG,NYJ,DET,17.0,20.0,-3.0,1456.85,1443.81,0.6105,1444.64,1456.02
2022,15,REG,DEN,ARI,24.0,15.0,9.0,1407.61,1461.01,0.5167,1417.28,1451.34
2022,15,REG,LV,NE,30.0,24.0,6.0,1482.49,1525.89,0.531,1491.87,1516.51
2022,15,REG,LAC,TEN,17.0,14.0,3.0,1507.23,1536.61,0.5511,1516.21,1527.63
2022,15,REG,TB,CIN,23.0,34.0,-11.0,1537.21,1555.65,0.5666,1525.88,1566.98
2022,15,REG,WAS,NYG,12.0,20.0,-8.0,1498.08,1455.75,0.6497,1485.08,1468.74
2022,15,REG,GB,LA,24.0,12.0,12.0,1524.29,1508.81,0.6138,1532.02,1501.08
2022,16,REG,NYJ,JAX,3.0,19.0,-16.0,1444.64,1417.9,0.629,1432.06,1430.48
2022,16,REG,BAL,ATL,17.0,9.0,8.0,1540.96,1438.24,0.7242,1546.48,1432.72
2022,16,REG,CAR,DET,37.0,23.0,14.0,1425.99,1456.02,0.5502,1434.98,1447.02
2022,16,REG,CHI,BUF,13.0,35.0,-22.0,1408.71,1609.23,0.3143,1402.42,1615.52
2022,16,REG,CLE,NO,10.0,17.0,-7.0,1487.39,1488.88,0.5904,1475.58,1500.69
2022,16,REG,KC,SEA,24.0,10.0,14.0,1627.02,1500.72,0.7505,1632.01,1495.73
2022,16,REG,MIN,NYG,27.0,24.0,3.0,1563.98,1468.74,0.7155,1569.67,1463.06
2022,16,REG,NE,CIN,18.0,22.0,-4.0,1516.51,1566.98,0.5209,1506.09,1577.4
2022,16,REG,TEN,HOU,14.0,19.0,-5.0,1527.63,1364.98,0.7876,1511.88,1380.73
2022,16,REG,SF,WAS,37.0,20.0,17.0,1582.05,1485.08,0.7176,1587.7,1479.43
2022,16,REG,DAL,PHI,40.0,34.0,6.0,1556.46,1586.67,0.5499,1565.46,1577.67
2022,16,REG,PIT,LV,13.0,10.0,3.0,1508.83,1491.87,0.6158,1516.52,1484.19
2022,16,REG,MIA,GB,20.0,26.0,-6.0,1522.92,1532.02,0.5798,1511.33,1543.61
2022,16,REG,LA,DEN,51.0,14.0,37.0,1501.08,1417.28,0.702,1507.04,1411.31
2022,16,REG,ARI,TB,16.0,19.0,-3.0,1451.34,1525.88,0.4863,1441.62,1535.6
2022,16,REG,IND,LAC,3.0,20.0,-17.0,1467.78,1516.21,0.5238,1457.3,1526.69
2022,17,REG,TEN,DAL,13.0,27.0,-14.0,1511.88,1565.46,0.5164,1501.55,1575.79
2022,17,REG,ATL,ARI,20.0,19.0,1.0,1432.72,1441.62,0.58,1441.12,1433.22
2022,17,REG,DET,CHI,41.0,10.0,31.0,1447.02,1402.42,0.6527,1453.97,1395.48
2022,17,REG,HOU,JAX,3.0,31.0,-28.0,1380.73,1430.48,0.5219,1370.29,1440.92
2022,17,REG,KC,DEN,27.0,24.0,3.0,1632.01,1411.31,0.8382,1635.25,1408.08
2022,17,REG,NE,MIA,23.0,21.0,2.0,1506.09,1511.33,0.5852,1514.39,1503.03
2022,17,REG,NYG,IND,38.0,10.0,28.0,1463.06,1457.3,0.6004,1471.05,1449.31
2022,17,REG,PHI,NO,10.0,20.0,-10.0,1577.67,1500.69,0.6937,1563.79,1514.57
2022,17,REG,TB,CAR,30.0,24.0,6.0,1535.6,1434.98,0.7218,1541.17,1429.42
2022,17,REG,WAS,CLE,10.0,24.0,-14.0,1479.43,1475.58,0.5978,1467.48,1487.54
2022,17,REG,LV,SF,34.0,37.0,-3.0,1484.19,1587.7,0.4448,1475.29,1596.59
2022,17,REG,SEA,NYJ,23.0,6.0,17.0,1495.73,1432.06,0.6771,1502.19,1425.6
2022,17,REG,GB,MIN,41.0,17.0,24.0,1543.61,1569.67,0.5558,1552.5,1560.78
2022,17,REG,LAC,LA,31.0,10.0,21.0,1526.69,1507.04,0.6195,1534.3,1499.43
2022,17,REG,BAL,PIT,13.0,16.0,-3.0,1546.48,1516.52,0.6334,1533.81,1529.19
2022,18,REG,LV,KC,13.0,31.0,-18.0,1475.29,1635.25,0.3667,1467.96,1642.58
2022,18,REG,JAX,TEN,20.0,16.0,4.0,1440.92,1501.55,0.5063,1450.8,1491.68
2022,18,REG,ATL,TB,30.0,17.0,13.0,1441.12,1541.17,0.4497,1452.13,1530.16
2022,18,REG,BUF,NE,35.0,23.0,12.0,1615.52,1514.39,0.7224,1621.07,1508.84
2022,18,REG,CHI,MIN,13.0,29.0,-16.0,1395.48,1560.78,0.3595,1388.28,1567.97
2022,18,REG,CIN,BAL,27.0,16.0,11.0,1577.4,1533.81,0.6514,1584.37,1526.84
2022,18,REG,IND,HOU,31.0,32.0,-1.0,1449.31,1370.29,0.6962,1435.39,1384.21
2022,18,REG,MIA,NYJ,11.0,6.0,5.0,1503.03,1425.6,0.6942,1509.15,1419.49
2022,18,REG,NO,CAR,7.0,10.0,-3.0,1514.57,1429.42,0.7036,1500.49,1443.49
2022,18,REG,PIT,CLE,28.0,14.0,14.0,1529.19,1487.54,0.6488,1536.21,1480.51
2022,18,REG,DEN,LAC,31.0,28.0,3.0,1408.08,1534.3,0.4128,1419.82,1522.55
2022,18,REG,PHI,NYG,22.0,16.0,6.0,1563.79,1471.05,0.7126,1569.54,1465.3
2022,18,REG,SEA,LA,19.0,16.0,3.0,1502.19,1499.43,0.5963,1510.26,1491.36
2022,18,REG,SF,ARI,38.0,13.0,25.0,1596.59,1433.22,0.7883,1600.83,1428.98
2022,18,REG,WAS,DAL,26.0,6.0,20.0,1467.48,1575.79,0.438,1478.72,1564.55
2022,18,REG,GB,DET,16.0,20.0,-4.0,1552.5,1453.97,0.7194,1538.11,1468.35
2022,19,WC,SF,SEA,41.0,23.0,18.0,1600.83,1510.26,0.71,1606.63,1504.46
2022,19,WC,JAX,LAC,31.0,30.0,1.0,1450.8,1522.55,0.4903,1460.99,1512.36
2022,19,WC,BUF,MIA,34.0,31.0,3.0,1621.07,1509.15,0.7347,1626.38,1503.84
2022,19,WC,MIN,NYG,24.0,31.0,-7.0,1567.97,1465.3,0.7242,1553.49,1479.78
2022,19,WC,CIN,BAL,24.0,17.0,7.0,1584.37,1526.84,0.6694,1590.98,1520.23
2022,19,WC,TB,DAL,14.0,31.0,-17.0,1530.16,1564.55,0.5439,1519.28,1575.43
2022,20,DIV,KC,JAX,27.0,20.0,7.0,1642.58,1460.99,0.8053,1646.47,1457.1
2022,20,DIV,PHI,NYG,38.0,7.0,31.0,1569.54,1479.78,0.7091,1575.36,1473.96
2022,20,DIV,BUF,CIN,10.0,27.0,-17.0,1626.38,1590.98,0.6406,1613.57,1603.79
2022,20,DIV,SF,DAL,19.0,12.0,7.0,1606.63,1575.43,0.635,1613.93,1568.13
2022,21,CON,PHI,SF,31.0,7.0,24.0,1575.36,1613.93,0.538,1584.6,1604.69
2022,21,CON,KC,CIN,23.0,20.0,3.0,1646.47,1603.79,0.6502,1653.47,1596.8
2022,22,SB,PHI,KC,35.0,38.0,-3.0,1584.6,1653.47,0.4944,1574.71,1663.36
2023,1,REG,KC,DET,20.0,21.0,-1.0,1608.91,1478.9,0.7545,1593.82,1493.99
2023,1,REG,ATL,CAR,24.0,10.0,14.0,1468.09,1462.33,0.6004,1476.08,1454.34
2023,1,REG,BAL,HOU,25.0,9.0,16.0,1513.48,1422.81,0.7102,1519.28,1417.01
2023,1,REG,CLE,CIN,24.0,3.0,21.0,1487.01,1564.53,0.482,1497.37,1554.17
2023,1,REG,IND,JAX,21.0,31.0,-10.0,1456.92,1471.4,0.5722,1445.48,1482.84
2023,1,REG,MIN,TB,17.0,20.0,-3.0,1535.66,1512.86,0.6237,1523.19,1525.33
2023,1,REG,NO,TEN,16.0,15.0,1.0,1500.33,1494.45,0.6006,1508.32,1486.46
2023,1,REG,PIT,SF,7.0,30.0,-23.0,1524.14,1569.79,0.5278,1513.58,1580.35
2023,1,REG,WAS,ARI,20.0,16.0,4.0,1485.81,1452.66,0.6376,1493.06,1445.41
2023,1,REG,CHI,GB,20.0,38.0,-18.0,1425.52,1525.41,0.45,1416.52,1534.41
2023,1,REG,DEN,LV,16.0,17.0,-1.0,1446.55,1478.64,0.5472,1435.6,1489.58
2023,1,REG,LAC,MIA,34.0,36.0,-2.0,1508.24,1502.56,0.6003,1496.23,1514.57
2023,1,REG,NE,PHI,20.0,25.0,-5.0,1505.89,1549.81,0.5303,1495.29,1560.41
2023,1,REG,SEA,LA,13.0,30.0,-17.0,1502.97,1494.24,0.6045,1490.88,1506.33
2023,1,REG,NYG,DAL,0.0,40.0,-40.0,1482.64,1545.42,0.5032,1472.58,1555.48
2023,1,REG,NYJ,BUF,22.0,16.0,6.0,1446.32,1575.71,0.4084,1458.16,1563.88
2023,2,REG,PHI,MIN,34.0,28.0,6.0,1560.41,1523.19,0.643,1567.55,1516.05
2023,2,REG,ATL,GB,25.0,24.0,1.0,1476.08,1534.41,0.5096,1485.88,1524.6
2023,2,REG,BUF,LV,38.0,10.0,28.0,1563.88,1489.58,0.6904,1570.07,1483.39
2023,2,REG,CIN,BAL,24.0,27.0,-3.0,1554.17,1519.28,0.6399,1541.37,1532.08
2023,2,REG,DET,SEA,31.0,37.0,-6.0,1493.99,1490.88,0.5968,1482.06,1502.82
2023,2,REG,HOU,IND,20.0,31.0,-11.0,1417.01,1445.48,0.5524,1405.97,1456.53
2023,2,REG,JAX,KC,9.0,17.0,-8.0,1482.84,1593.82,0.4342,1474.16,1602.5
2023,2,REG,TB,CHI,27.0,17.0,10.0,1525.33,1416.52,0.7312,1530.71,1411.15
2023,2,REG,TEN,LAC,27.0,24.0,3.0,1486.46,1496.23,0.5788,1494.89,1487.81
2023,2,REG,ARI,NYG,28.0,31.0,-3.0,1445.41,1472.58,0.5542,1434.32,1483.66
2023,2,REG,LA,SF,23.0,30.0,-7.0,1506.33,1580.35,0.487,1496.59,1590.09
2023,2,REG,DAL,NYJ,30.0,10.0,20.0,1555.48,1458.16,0.718,1561.12,1452.52
2023,2,REG,DEN,WAS,33.0,35.0,-2.0,1435.6,1493.06,0.5109,1425.39,1503.28
2023,2,REG,NE,MIA,17.0,24.0,-7.0,1495.29,1514.57,0.5654,1483.98,1525.88
2023,2,REG,CAR,NO,17.0,20.0,-3.0,1454.34,1508.32,0.5159,1444.02,1518.63
2023,2,REG,PIT,CLE,26.0,22.0,4.0,1513.58,1497.37,0.6148,1521.29,1489.66
2023,3,REG,SF,NYG,30.0,12.0,18.0,1590.09,1483.66,0.7285,1595.52,1478.23
2023,3,REG,BAL,IND,19.0,22.0,-3.0,1532.08,1456.53,0.6919,1518.24,1470.37
2023,3,REG,CLE,TEN,27.0,3.0,24.0,1489.66,1494.89,0.5852,1497.96,1486.59
2023,3,REG,DET,ATL,20.0,6.0,14.0,1482.06,1485.88,0.5871,1490.31,1477.63
2023,3,REG,GB,NO,18.0,17.0,1.0,1524.6,1518.63,0.6007,1532.58,1510.65
2023,3,REG,JAX,HOU,17.0,37.0,-20.0,1474.16,1405.97,0.6828,1460.5,1419.62
2023,3,REG,MIA,DEN,70.0,20.0,50.0,1525.88,1425.39,0.7216,1531.44,1419.82
2023,3,REG,MIN,LAC,24.0,28.0,-4.0,1516.05,1487.81,0.631,1503.43,1500.43
2023,3,REG,NYJ,NE,10.0,15.0,-5.0,1452.52,1483.98,0.5481,1441.55,1494.94
2023,3,REG,WAS,BUF,3.0,37.0,-34.0,1503.28,1570.07,0.4974,1493.33,1580.02
2023,3,REG,SEA,CAR,37.0,27.0,10.0,1502.82,1444.02,0.671,1509.4,1437.44
2023,3,REG,ARI,DAL,28.0,16.0,12.0,1434.32,1561.12,0.412,1446.08,1549.36
2023,3,REG,KC,CHI,41.0,10.0,31.0,1602.5,1411.15,0.8139,1606.22,1407.43
2023,3,REG,LV,PIT,18.0,23.0,-5.0,1483.39,1521.29,0.5389,1472.61,1532.07
2023,3,REG,TB,PHI,11.0,25.0,-14.0,1530.71,1567.55,0.5404,1519.9,1578.36
2023,3,REG,CIN,LA,19.0,16.0,3.0,1541.37,1496.59,0.6529,1548.31,1489.65
2023,4,REG,GB,DET,20.0,34.0,-14.0,1532.58,1490.31,0.6496,1519.59,1503.31
2023,4,REG,JAX,ATL,23.0,7.0,16.0,1460.5,1477.63,0.5685,1469.13,1469.0
2023,4,REG,BUF,MIA,48.0,20.0,28.0,1580.02,1531.44,0.6579,1586.86,1524.6
2023,4,REG,CAR,MIN,13.0,21.0,-8.0,1437.44,1503.43,0.4986,1427.47,1513.4
2023,4,REG,CHI,DEN,28.0,31.0,-3.0,1407.43,1419.82,0.5751,1395.92,1431.32
2023,4,REG,CLE,BAL,3.0,28.0,-25.0,1497.96,1518.24,0.564,1486.68,1529.52
2023,4,REG,HOU,PIT,30.0,6.0,24.0,1419.62,1532.07,0.4321,1430.98,1520.71
2023,4,REG,IND,LA,23.0,29.0,-6.0,1470.37,1489.65,0.5654,1459.06,1500.96
2023,4,REG,NO,TB,9.0,26.0,-17.0,1510.65,1519.9,0.5795,1499.06,1531.49
2023,4,REG,PHI,WAS,34.0,31.0,3.0,1578.36,1493.33,0.7034,1584.29,1487.4
2023,4,REG,TEN,CIN,27.0,3.0,24.0,1486.59,1548.31,0.5047,1496.5,1538.41
2023,4,REG,LAC,LV,24.0,17.0,7.0,1500.43,1472.61,0.6305,1507.82,1465.22
2023,4,REG,DAL,NE,38.0,3.0,35.0,1549.36,1494.94,0.6654,1556.06,1488.25
2023,4,REG,SF,ARI,35.0,16.0,19.0,1595.52,1446.08,0.7746,1600.03,1441.58
2023,4,REG,NYJ,KC,20.0,23.0,-3.0,1441.55,1606.22,0.3604,1434.35,1613.43
2023,4,REG,NYG,SEA,3.0,24.0,-21.0,1478.23,1509.4,0.5485,1467.26,1520.37
2023,5,REG,WAS,CHI,20.0,40.0,-20.0,1487.4,1395.92,0.7111,1473.18,1410.14
2023,5,REG,BUF,JAX,20.0,25.0,-5.0,1586.86,1469.13,0.7411,1572.04,1483.95
2023,5,REG,ATL,HOU,21.0,19.0,2.0,1469.0,1430.98,0.6441,1476.12,1423.86
2023,5,REG,DET,CAR,42.0,24.0,18.0,1503.31,1427.47,0.6923,1509.46,1421.31
2023,5,REG,IND,TEN,23.0,16.0,7.0,1459.06,1496.5,0.5396,1468.27,1487.29
2023,5,REG,MIA,NYG,31.0,16.0,15.0,1524.6,1467.26,0.6691,1531.22,1460.64
2023,5,REG,NE,NO,0.0,34.0,-34.0,1488.25,1499.06,0.5774,1476.7,1510.61
2023,5,REG,PIT,BAL,17.0,10.0,7.0,1520.71,1529.52,0.5802,1529.11,1521.12
2023,5,REG,ARI,CIN,20.0,34.0,-14.0,1441.58,1538.41,0.4543,1432.49,1547.5
2023,5,REG,LA,PHI,14.0,23.0,-9.0,1500.96,1584.29,0.4736,1491.48,1593.77
2023,5,REG,DEN,NYJ,21.0,31.0,-10.0,1431.32,1434.35,0.5883,1419.56,1446.11
2023,5,REG,MIN,KC,20.0,27.0,-7.0,1513.4,1613.43,0.4498,1504.4,1622.43
2023,5,REG,SF,DAL,42.0,10.0,32.0,1600.03,1556.06,0.6519,1606.99,1549.09
2023,5,REG,LV,GB,17.0,13.0,4.0,1465.22,1519.59,0.5153,1474.92,1509.9
2023,6,REG,KC,DEN,19.0,8.0,11.0,1622.43,1419.56,0.8238,1625.95,1416.03
2023,6,REG,TEN,BAL,16.0,24.0,-8.0,1487.29,1521.12,0.5447,1476.39,1532.02
2023,6,REG,ATL,WAS,16.0,24.0,-8.0,1476.12,1473.18,0.5965,1464.18,1485.11
2023,6,REG,CHI,MIN,13.0,19.0,-6.0,1410.14,1504.4,0.458,1400.99,1513.56
2023,6,REG,CIN,SEA,17.0,13.0,4.0,1547.5,1520.37,0.6296,1554.9,1512.96
2023,6,REG,CLE,SF,19.0,17.0,2.0,1486.68,1606.99,0.4211,1498.26,1595.41
2023,6,REG,HOU,NO,20.0,13.0,7.0,1423.86,1510.61,0.4687,1434.48,1499.98
2023,6,REG,JAX,IND,37.0,20.0,17.0,1483.95,1468.27,0.6141,1491.67,1460.55
2023,6,REG,MIA,CAR,42.0,21.0,21.0,1531.22,1421.31,0.7324,1536.57,1415.96
2023,6,REG,LV,NE,21.0,17.0,4.0,1474.92,1476.7,0.59,1483.12,1468.5
2023,6,REG,LA,ARI,26.0,9.0,17.0,1491.48,1432.49,0.6712,1498.06,1425.91
2023,6,REG,NYJ,PHI,20.0,14.0,6.0,1446.11,1593.77,0.3832,1458.45,1581.43
2023,6,REG,TB,DET,6.0,20.0,-14.0,1531.49,1509.46,0.6227,1519.04,1521.92
2023,6,REG,BUF,NYG,14.0,9.0,5.0,1572.04,1460.64,0.7341,1577.36,1455.33
2023,6,REG,LAC,DAL,17.0,20.0,-3.0,1507.82,1549.09,0.5341,1497.14,1559.78
2023,7,REG,NO,JAX,24.0,31.0,-7.0,1499.98,1491.67,0.604,1487.9,1503.75
2023,7,REG,BAL,DET,38.0,6.0,32.0,1532.02,1521.92,0.6064,1539.89,1514.04
2023,7,REG,CHI,LV,30.0,12.0,18.0,1400.99,1483.12,0.4754,1411.48,1472.62
2023,7,REG,IND,CLE,38.0,39.0,-1.0,1460.55,1498.26,0.5392,1449.76,1509.04
2023,7,REG,NE,BUF,29.0,25.0,4.0,1468.5,1577.36,0.4372,1479.76,1566.1
2023,7,REG,NYG,WAS,14.0,7.0,7.0,1455.33,1485.11,0.5505,1464.32,1476.12
2023,7,REG,TB,ATL,13.0,16.0,-3.0,1519.04,1464.18,0.6659,1505.72,1477.5
2023,7,REG,LA,PIT,17.0,24.0,-7.0,1498.06,1529.11,0.5487,1487.09,1540.08
2023,7,REG,SEA,ARI,20.0,10.0,10.0,1512.96,1425.91,0.7058,1518.84,1420.03
2023,7,REG,DEN,GB,19.0,17.0,2.0,1416.03,1509.9,0.4586,1426.86,1499.07
2023,7,REG,KC,LAC,31.0,17.0,14.0,1625.95,1497.14,0.7532,1630.89,1492.2
2023,7,REG,PHI,MIA,31.0,17.0,14.0,1581.43,1536.57,0.653,1588.37,1529.63
2023,7,REG,MIN,SF,22.0,17.0,5.0,1513.56,1595.41,0.4758,1524.05,1584.93
2023,8,REG,BUF,TB,24.0,18.0,6.0,1566.1,1505.72,0.673,1572.64,1499.18
2023,8,REG,CAR,HOU,15.0,13.0,2.0,1415.96,1434.48,0.5665,1424.63,1425.81
2023,8,REG,DAL,LA,43.0,20.0,23.0,1559.78,1487.09,0.6884,1566.01,1480.85
2023,8,REG,GB,MIN,10.0,24.0,-14.0,1499.07,1524.05,0.5573,1487.92,1535.19
2023,8,REG,IND,NO,27.0,38.0,-11.0,1449.76,1487.9,0.5386,1438.99,1498.67
2023,8,REG,MIA,NE,31.0,17.0,14.0,1529.63,1479.76,0.6595,1536.44,1472.95
2023,8,REG,NYG,NYJ,10.0,13.0,-3.0,1464.32,1458.45,0.6006,1452.3,1470.46
2023,8,REG,PIT,JAX,10.0,20.0,-10.0,1540.08,1503.75,0.6418,1527.24,1516.59
2023,8,REG,TEN,ATL,28.0,23.0,5.0,1476.39,1477.5,0.5909,1484.58,1469.32
2023,8,REG,WAS,PHI,31.0,38.0,-7.0,1476.12,1588.37,0.4324,1467.47,1597.02
2023,8,REG,SEA,CLE,24.0,20.0,4.0,1518.84,1509.04,0.606,1526.72,1501.16
2023,8,REG,ARI,BAL,24.0,31.0,-7.0,1420.03,1539.89,0.4217,1411.6,1548.32
2023,8,REG,DEN,KC,24.0,9.0,15.0,1426.86,1630.89,0.31,1440.66,1617.09
2023,8,REG,SF,CIN,17.0,31.0,-14.0,1584.93,1554.9,0.6334,1572.26,1567.57
2023,8,REG,LAC,CHI,30.0,13.0,17.0,1492.2,1411.48,0.6982,1498.24,1405.44
2023,8,REG,DET,LV,26.0,14.0,12.0,1514.04,1472.62,0.6485,1521.07,1465.59
2023,9,REG,PIT,TEN,20.0,16.0,4.0,1527.24,1484.58,0.6502,1534.24,1477.58
2023,9,REG,KC,MIA,21.0,14.0,7.0,1617.09,1536.44,0.6981,1623.12,1530.4
2023,9,REG,ATL,MIN,28.0,31.0,-3.0,1469.32,1535.19,0.4987,1459.35,1545.17
2023,9,REG,BAL,SEA,37.0,3.0,34.0,1548.32,1526.72,0.6221,1555.88,1519.17
2023,9,REG,CLE,ARI,27.0,0.0,27.0,1501.16,1411.6,0.7088,1506.99,1405.77
2023,9,REG,GB,LA,20.0,3.0,17.0,1487.92,1480.85,0.6023,1495.88,1472.9
2023,9,REG,HOU,TB,39.0,37.0,2.0,1425.81,1499.18,0.488,1436.06,1488.94
2023,9,REG,NE,WAS,17.0,20.0,-3.0,1472.95,1467.47,0.6001,1460.95,1479.47
2023,9,REG,NO,CHI,24.0,17.0,7.0,1498.67,1405.44,0.7132,1504.41,1399.71
2023,9,REG,CAR,IND,13.0,27.0,-14.0,1424.63,1438.99,0.5724,1413.18,1450.44
2023,9,REG,LV,NYG,30.0,6.0,24.0,1465.59,1452.3,0.6108,1473.38,1444.52
2023,9,REG,PHI,DAL,28.0,23.0,5.0,1597.02,1566.01,0.6348,1604.32,1558.7
2023,9,REG,CIN,BUF,24.0,18.0,6.0,1567.57,1572.64,0.5854,1575.86,1564.35
2023,9,REG,NYJ,LAC,6.0,27.0,-21.0,1470.46,1498.24,0.5534,1459.39,1509.31
2023,10,REG,CHI,CAR,16.0,13.0,3.0,1399.71,1413.18,0.5736,1408.23,1404.66
2023,10,REG,NE,IND,6.0,10.0,-4.0,1460.95,1450.44,0.607,1448.81,1462.58
2023,10,REG,BAL,CLE,31.0,33.0,-2.0,1555.88,1506.99,0.6583,1542.72,1520.15
2023,10,REG,CIN,HOU,27.0,30.0,-3.0,1575.86,1436.06,0.7648,1560.57,1451.35
2023,10,REG,JAX,SF,3.0,34.0,-31.0,1516.59,1572.26,0.5134,1506.32,1582.53
2023,10,REG,MIN,NO,27.0,19.0,8.0,1545.17,1504.41,0.6477,1552.21,1497.36
2023,10,REG,PIT,GB,23.0,19.0,4.0,1534.24,1495.88,0.6445,1541.35,1488.77
2023,10,REG,TB,TEN,20.0,6.0,14.0,1488.94,1477.58,0.6082,1496.77,1469.74
2023,10,REG,ARI,ATL,25.0,23.0,2.0,1405.77,1459.35,0.5164,1415.44,1449.68
2023,10,REG,LAC,DET,38.0,41.0,-3.0,1509.31,1521.07,0.576,1497.78,1532.59
2023,10,REG,DAL,NYG,49.0,17.0,32.0,1558.7,1444.52,0.7372,1563.96,1439.26
2023,10,REG,SEA,WAS,29.0,26.0,3.0,1519.17,1479.47,0.6463,1526.24,1472.39
2023,10,REG,LV,NYJ,16.0,12.0,4.0,1473.38,1459.39,0.6118,1481.14,1451.63
2023,10,REG,BUF,DEN,22.0,24.0,-2.0,1564.35,1440.66,0.7477,1549.4,1455.61
2023,11,REG,BAL,CIN,34.0,20.0,14.0,1542.72,1560.57,0.5674,1551.37,1551.92
2023,11,REG,CAR,DAL,10.0,33.0,-23.0,1404.66,1563.96,0.3675,1397.3,1571.31
2023,11,REG,CLE,PIT,13.0,10.0,3.0,1520.15,1541.35,0.5627,1528.9,1532.6
2023,11,REG,DET,CHI,31.0,26.0,5.0,1532.59,1408.23,0.7484,1537.63,1403.2
2023,11,REG,GB,LAC,23.0,20.0,3.0,1488.77,1497.78,0.5799,1497.17,1489.38
2023,11,REG,HOU,ARI,21.0,16.0,5.0,1451.35,1415.44,0.6413,1458.53,1408.27
2023,11,REG,JAX,TEN,34.0,14.0,20.0,1506.32,1469.74,0.6422,1513.48,1462.58
2023,11,REG,MIA,LV,20.0,13.0,7.0,1530.4,1481.14,0.6588,1537.23,1474.32
2023,11,REG,WAS,NYG,19.0,31.0,-12.0,1472.39,1439.26,0.6376,1459.64,1452.01
2023,11,REG,SF,TB,27.0,14.0,13.0,1582.53,1496.77,0.7043,1588.44,1490.86
2023,11,REG,BUF,NYJ,32.0,6.0,26.0,1549.4,1451.63,0.7185,1555.03,1446.0
2023,11,REG,LA,SEA,17.0,16.0,1.0,1472.9,1526.24,0.5168,1482.56,1516.58
2023,11,REG,DEN,MIN,21.0,20.0,1.0,1455.61,1552.21,0.4546,1466.52,1541.31
2023,11,REG,KC,PHI,17.0,21.0,-4.0,1623.12,1604.32,0.6183,1610.76,1616.69
2023,12,REG,DET,GB,22.0,29.0,-7.0,1537.63,1497.17,0.6473,1524.68,1510.11
2023,12,REG,DAL,WAS,45.0,10.0,35.0,1571.31,1459.64,0.7344,1576.62,1454.33
2023,12,REG,SEA,SF,13.0,31.0,-18.0,1516.58,1588.44,0.4901,1506.77,1598.24
2023,12,REG,NYJ,MIA,13.0,34.0,-21.0,1446.0,1537.23,0.4623,1436.75,1546.47
2023,12,REG,ATL,NO,24.0,15.0,9.0,1449.68,1497.36,0.5249,1459.18,1487.86
2023,12,REG,CIN,PIT,10.0,16.0,-6.0,1551.92,1532.6,0.619,1539.54,1544.98
2023,12,REG,HOU,JAX,21.0,24.0,-3.0,1458.53,1513.48,0.5145,1448.24,1523.77
2023,12,REG,IND,TB,27.0,20.0,7.0,1462.58,1490.86,0.5526,1471.53,1481.91
2023,12,REG,NYG,NE,10.0,7.0,3.0,1452.01,1448.81,0.5969,1460.08,1440.74
2023,12,REG,TEN,CAR,17.0,10.0,7.0,1462.58,1397.3,0.6792,1469.0,1390.89
2023,12,REG,ARI,LA,14.0,37.0,-23.0,1408.27,1482.56,0.4866,1398.54,1492.3
2023,12,REG,DEN,CLE,29.0,12.0,17.0,1466.52,1528.9,0.5038,1476.45,1518.97
2023,12,REG,LV,KC,17.0,31.0,-14.0,1474.32,1610.76,0.3986,1466.35,1618.73
2023,12,REG,PHI,BUF,37.0,34.0,3.0,1616.69,1555.03,0.6746,1623.2,1548.52
2023,12,REG,LAC,BAL,10.0,20.0,-10.0,1489.38,1551.37,0.5043,1479.3,1561.45
2023,12,REG,MIN,CHI,10.0,12.0,-2.0,1541.31,1403.2,0.763,1526.05,1418.46
2023,13,REG,DAL,SEA,41.0,35.0,6.0,1576.62,1506.77,0.6849,1582.92,1500.47
2023,13,REG,HOU,DEN,22.0,17.0,5.0,1448.24,1476.45,0.5527,1457.18,1467.5
2023,13,REG,NE,LAC,0.0,6.0,-6.0,1440.74,1479.3,0.538,1429.99,1490.06
2023,13,REG,NO,DET,28.0,33.0,-5.0,1487.86,1524.68,0.5405,1477.05,1535.49
2023,13,REG,NYJ,ATL,8.0,13.0,-5.0,1436.75,1459.18,0.561,1425.53,1470.4
2023,13,REG,PIT,ARI,10.0,24.0,-14.0,1544.98,1398.54,0.7716,1529.55,1413.97
2023,13,REG,TEN,IND,28.0,31.0,-3.0,1469.0,1471.53,0.589,1457.22,1483.31
2023,13,REG,WAS,MIA,15.0,45.0,-30.0,1454.33,1546.47,0.461,1445.11,1555.69
2023,13,REG,TB,CAR,21.0,18.0,3.0,1481.91,1390.89,0.7106,1487.7,1385.1
2023,13,REG,LA,CLE,36.0,19.0,17.0,1492.3,1518.97,0.5549,1501.2,1510.07
2023,13,REG,PHI,SF,19.0,42.0,-23.0,1623.2,1598.24,0.6266,1610.67,1610.78
2023,13,REG,GB,KC,27.0,19.0,8.0,1510.11,1618.73,0.4376,1521.36,1607.48
2023,13,REG,JAX,CIN,31.0,34.0,-3.0,1523.77,1539.54,0.5704,1512.36,1550.95
2023,14,REG,PIT,NE,18.0,21.0,-3.0,1529.55,1429.99,0.7206,1515.14,1444.4
2023,14,REG,ATL,TB,25.0,29.0,-4.0,1470.4,1487.7,0.5682,1459.03,1499.07
2023,14,REG,BAL,LA,37.0,31.0,6.0,1561.45,1501.2,0.6728,1568.0,1494.65
2023,14,REG,CHI,DET,28.0,13.0,15.0,1418.46,1535.49,0.4257,1429.95,1524.0
2023,14,REG,CIN,IND,34.0,14.0,20.0,1550.95,1483.31,0.6821,1557.3,1476.95
2023,14,REG,CLE,JAX,31.0,27.0,4.0,1510.07,1512.36,0.5893,1518.29,1504.14
2023,14,REG,NO,CAR,28.0,6.0,22.0,1477.05,1385.1,0.7117,1482.82,1379.33
2023,14,REG,NYJ,HOU,30.0,6.0,24.0,1425.53,1457.18,0.5478,1434.57,1448.14
2023,14,REG,LV,MIN,0.0,3.0,-3.0,1466.35,1526.05,0.5076,1456.19,1536.2
2023,14,REG,SF,SEA,28.0,16.0,12.0,1610.78,1500.47,0.7329,1616.12,1495.13
2023,14,REG,KC,BUF,17.0,20.0,-3.0,1607.48,1548.52,0.6712,1594.06,1561.94
2023,14,REG,LAC,DEN,7.0,24.0,-17.0,1490.06,1467.5,0.6234,1477.59,1479.97
2023,14,REG,DAL,PHI,33.0,13.0,20.0,1582.92,1610.67,0.5534,1591.86,1601.73
2023,14,REG,MIA,TEN,27.0,28.0,-1.0,1555.69,1457.22,0.7193,1541.31,1471.61
2023,14,REG,NYG,GB,24.0,22.0,2.0,1460.08,1521.36,0.5053,1469.97,1511.47
2023,15,REG,LV,LAC,63.0,21.0,42.0,1456.19,1477.59,0.5624,1464.94,1468.84
2023,15,REG,CIN,MIN,27.0,24.0,3.0,1557.3,1536.2,0.6214,1564.87,1528.63
2023,15,REG,IND,PIT,30.0,13.0,17.0,1476.95,1515.14,0.5385,1486.18,1505.91
2023,15,REG,DET,DEN,42.0,17.0,25.0,1524.0,1479.97,0.652,1530.96,1473.01
2023,15,REG,CAR,ATL,9.0,7.0,2.0,1379.33,1459.03,0.4789,1389.76,1448.61
2023,15,REG,CLE,CHI,20.0,17.0,3.0,1518.29,1429.95,0.7074,1524.14,1424.1
2023,15,REG,GB,TB,20.0,34.0,-14.0,1511.47,1499.07,0.6096,1499.28,1511.26
2023,15,REG,MIA,NYJ,30.0,0.0,30.0,1541.31,1434.57,0.7288,1546.73,1429.15
2023,15,REG,NE,KC,17.0,27.0,-10.0,1444.4,1594.06,0.3805,1436.79,1601.67
2023,15,REG,NO,NYG,24.0,6.0,18.0,1482.82,1469.97,0.6102,1490.61,1462.17
2023,15,REG,TEN,HOU,16.0,19.0,-3.0,1471.61,1448.14,0.6246,1459.12,1460.63
2023,15,REG,ARI,SF,29.0,45.0,-16.0,1413.97,1616.12,0.3123,1407.72,1622.36
2023,15,REG,LA,WAS,28.0,20.0,8.0,1494.65,1445.11,0.6591,1501.47,1438.29
2023,15,REG,BUF,DAL,31.0,10.0,21.0,1561.94,1591.86,0.5503,1570.94,1582.86
2023,15,REG,JAX,BAL,7.0,23.0,-16.0,1504.14,1568.0,0.5017,1494.11,1578.03
2023,15,REG,SEA,PHI,20.0,17.0,3.0,1495.13,1601.73,0.4404,1506.32,1590.54
2023,16,REG,LA,NO,30.0,22.0,8.0,1501.47,1490.61,0.6075,1509.32,1482.76
2023,16,REG,PIT,CIN,34.0,11.0,23.0,1505.91,1564.87,0.5087,1515.74,1555.05
2023,16,REG,LAC,BUF,22.0,24.0,-2.0,1468.84,1570.94,0.4468,1459.9,1579.87
2023,16,REG,ATL,IND,29.0,10.0,19.0,1448.61,1486.18,0.5394,1457.82,1476.97
2023,16,REG,CAR,GB,30.0,33.0,-3.0,1389.76,1499.28,0.4363,1381.03,1508.0
2023,16,REG,HOU,CLE,22.0,36.0,-14.0,1460.63,1524.14,0.5021,1450.59,1534.18
2023,16,REG,MIN,DET,24.0,30.0,-6.0,1528.63,1530.96,0.5892,1516.84,1542.75
2023,16,REG,NYJ,WAS,30.0,28.0,2.0,1429.15,1438.29,0.5797,1437.56,1429.89
2023,16,REG,TEN,SEA,17.0,20.0,-3.0,1459.12,1506.32,0.5256,1448.6,1516.83
2023,16,REG,TB,JAX,30.0,12.0,18.0,1511.26,1494.11,0.6161,1518.94,1486.43
2023,16,REG,CHI,ARI,27.0,16.0,11.0,1424.1,1407.72,0.615,1431.8,1400.02
2023,16,REG,MIA,DAL,22.0,20.0,2.0,1546.73,1582.86,0.5415,1555.9,1573.69
2023,16,REG,DEN,NE,23.0,26.0,-3.0,1473.01,1436.79,0.6417,1460.17,1449.62
2023,16,REG,KC,LV,14.0,20.0,-6.0,1601.67,1464.94,0.7616,1586.44,1480.18
2023,16,REG,PHI,NYG,33.0,25.0,8.0,1590.54,1462.17,0.7527,1595.49,1457.23
2023,16,REG,SF,BAL,19.0,33.0,-14.0,1622.36,1578.03,0.6523,1609.32,1591.08
2023,17,REG,CLE,NYJ,37.0,20.0,17.0,1534.18,1437.56,0.7172,1539.84,1431.9
2023,17,REG,DAL,DET,20.0,19.0,1.0,1573.69,1542.75,0.6347,1581.0,1535.44
2023,17,REG,BAL,MIA,56.0,19.0,37.0,1591.08,1555.9,0.6403,1598.27,1548.71
2023,17,REG,BUF,NE,27.0,21.0,6.0,1579.87,1449.62,0.7547,1584.78,1444.71
2023,17,REG,CHI,ATL,37.0,17.0,20.0,1431.8,1457.82,0.5559,1440.68,1448.94
2023,17,REG,HOU,TEN,26.0,3.0,23.0,1450.59,1448.6,0.5952,1458.68,1440.51
2023,17,REG,IND,LV,23.0,20.0,3.0,1476.97,1480.18,0.588,1485.21,1471.94
2023,17,REG,JAX,CAR,26.0,0.0,26.0,1486.43,1381.03,0.7273,1491.89,1375.58
2023,17,REG,NYG,LA,25.0,26.0,-1.0,1457.23,1509.32,0.5186,1446.86,1519.69
2023,17,REG,PHI,ARI,31.0,35.0,-4.0,1595.49,1400.02,0.8175,1579.14,1416.37
2023,17,REG,TB,NO,13.0,23.0,-10.0,1518.94,1482.76,0.6416,1506.1,1495.6
2023,17,REG,WAS,SF,10.0,27.0,-17.0,1429.89,1609.32,0.341,1423.07,1616.14
2023,17,REG,SEA,PIT,23.0,30.0,-7.0,1516.83,1515.74,0.594,1504.95,1527.62
2023,17,REG,DEN,LAC,16.0,9.0,7.0,1460.17,1459.9,0.5928,1468.32,1451.76
2023,17,REG,KC,CIN,25.0,17.0,8.0,1586.44,1555.05,0.6353,1593.73,1547.75
2023,17,REG,MIN,GB,10.0,33.0,-23.0,1516.84,1508.0,0.6047,1504.75,1520.1
2023,18,REG,BAL,PIT,10.0,17.0,-7.0,1598.27,1527.62,0.6859,1584.55,1541.33
2023,18,REG,IND,HOU,19.0,23.0,-4.0,1485.21,1458.68,0.6287,1472.63,1471.26
2023,18,REG,CAR,TB,0.0,9.0,-9.0,1375.58,1506.1,0.4068,1367.44,1514.24
2023,18,REG,CIN,CLE,31.0,14.0,17.0,1547.75,1539.84,0.6034,1555.69,1531.91
2023,18,REG,DET,MIN,30.0,20.0,10.0,1535.44,1504.75,0.6343,1542.75,1497.44
2023,18,REG,NE,NYJ,3.0,17.0,-14.0,1444.71,1431.9,0.6102,1432.51,1444.1
2023,18,REG,NO,ATL,48.0,17.0,31.0,1495.6,1448.94,0.6554,1502.49,1442.05
2023,18,REG,TEN,JAX,28.0,20.0,8.0,1440.51,1491.89,0.5196,1450.12,1482.28
2023,18,REG,ARI,SEA,20.0,21.0,-1.0,1416.37,1504.95,0.4661,1407.05,1514.27
2023,18,REG,GB,CHI,17.0,9.0,8.0,1520.1,1440.68,0.6966,1526.16,1434.61
2023,18,REG,LAC,KC,12.0,13.0,-1.0,1451.76,1593.73,0.391,1443.94,1601.55
2023,18,REG,LV,DEN,27.0,14.0,13.0,1471.94,1468.32,0.5975,1479.99,1460.27
2023,18,REG,NYG,PHI,27.0,10.0,17.0,1446.86,1579.14,0.4044,1458.77,1567.23
2023,18,REG,SF,LA,20.0,21.0,-1.0,1616.14,1519.69,0.7169,1601.8,1534.03
2023,18,REG,WAS,DAL,10.0,38.0,-28.0,1423.07,1581.0,0.3694,1415.68,1588.38
2023,18,REG,MIA,BUF,14.0,21.0,-7.0,1548.71,1584.78,0.5415,1537.88,1595.61
2023,19,WC,HOU,CLE,45.0,14.0,31.0,1471.26,1531.91,0.5063,1481.13,1522.03
2023,19,WC,KC,MIA,26.0,7.0,19.0,1601.55,1537.88,0.6771,1608.01,1531.42
2023,19,WC,DAL,GB,32.0,48.0,-16.0,1588.38,1526.16,0.6753,1574.88,1539.67
2023,19,WC,DET,LA,24.0,23.0,1.0,1542.75,1534.03,0.6045,1550.66,1526.12
2023,19,WC,BUF,PIT,31.0,17.0,14.0,1595.61,1541.33,0.6652,1602.31,1534.64
2023,19,WC,TB,PHI,32.0,9.0,23.0,1514.24,1567.23,0.5173,1523.89,1557.57
2023,20,DIV,BAL,HOU,34.0,10.0,24.0,1584.55,1481.13,0.725,1590.05,1475.63
2023,20,DIV,SF,GB,24.0,21.0,3.0,1601.8,1539.67,0.6752,1608.3,1533.17
2023,20,DIV,DET,TB,31.0,23.0,8.0,1550.66,1523.89,0.6291,1558.08,1516.48
2023,20,DIV,BUF,KC,24.0,27.0,-3.0,1602.31,1608.01,0.5845,1590.61,1619.7
2023,21,CON,BAL,KC,10.0,17.0,-7.0,1590.05,1619.7,0.5507,1579.04,1630.71
2023,21,CON,SF,DET,34.0,31.0,3.0,1608.3,1558.08,0.66,1615.1,1551.28
2023,22,SB,KC,SF,25.0,22.0,3.0,1630.71,1615.1,0.614,1638.43,1607.38
2024,1,REG,KC,BAL,27.0,20.0,7.0,1592.29,1552.69,0.6461,1599.37,1545.62
2024,1,REG,PHI,GB,34.0,29.0,5.0,1538.38,1522.12,0.6149,1546.08,1514.41
2024,1,REG,ATL,PIT,10.0,18.0,-8.0,1461.36,1523.09,0.5047,1451.27,1533.19
2024,1,REG,BUF,ARI,34.0,28.0,6.0,1560.41,1438.03,0.7462,1565.49,1432.96
2024,1,REG,CHI,TEN,24.0,17.0,7.0,1456.41,1466.74,0.578,1464.85,1458.3
2024,1,REG,CIN,NE,10.0,16.0,-6.0,1537.12,1455.01,0.6999,1523.13,1469.01
2024,1,REG,IND,HOU,27.0,29.0,-2.0,1481.75,1483.76,0.5897,1469.96,1495.55
2024,1,REG,MIA,JAX,20.0,17.0,3.0,1520.95,1488.19,0.6371,1528.21,1480.93
2024,1,REG,NO,CAR,47.0,10.0,37.0,1501.66,1411.63,0.7094,1507.47,1405.81
2024,1,REG,NYG,MIN,6.0,28.0,-22.0,1472.51,1498.29,0.5562,1461.39,1509.42
2024,1,REG,LAC,LV,22.0,10.0,12.0,1462.62,1486.66,0.5587,1471.45,1477.83
2024,1,REG,SEA,DEN,26.0,20.0,6.0,1509.52,1473.51,0.6414,1516.69,1466.34
2024,1,REG,CLE,DAL,17.0,33.0,-16.0,1514.69,1549.92,0.5427,1503.83,1560.77
2024,1,REG,TB,WAS,37.0,20.0,17.0,1510.98,1443.79,0.6816,1517.35,1437.42
2024,1,REG,DET,LA,26.0,20.0,6.0,1534.19,1517.42,0.6156,1541.88,1509.73
2024,1,REG,SF,NYJ,32.0,19.0,13.0,1571.58,1462.73,0.7312,1576.96,1457.36
2024,2,REG,MIA,BUF,10.0,31.0,-21.0,1528.21,1565.49,0.5398,1517.41,1576.28
2024,2,REG,BAL,LV,23.0,26.0,-3.0,1545.62,1477.83,0.6823,1531.97,1491.48
2024,2,REG,CAR,LAC,3.0,26.0,-23.0,1405.81,1471.45,0.4991,1395.83,1481.43
2024,2,REG,DAL,NO,19.0,44.0,-25.0,1560.77,1507.47,0.664,1547.49,1520.75
2024,2,REG,DET,TB,16.0,20.0,-4.0,1541.88,1517.35,0.6261,1529.36,1529.87
2024,2,REG,GB,IND,16.0,10.0,6.0,1514.41,1469.96,0.6525,1521.36,1463.01
2024,2,REG,JAX,CLE,13.0,18.0,-5.0,1480.93,1503.83,0.5603,1469.72,1515.04
2024,2,REG,MIN,SF,23.0,17.0,6.0,1509.42,1576.96,0.4963,1519.49,1566.89
2024,2,REG,NE,SEA,20.0,23.0,-3.0,1469.01,1516.69,0.5249,1458.51,1527.19
2024,2,REG,TEN,NYJ,17.0,24.0,-7.0,1458.3,1457.36,0.5938,1446.43,1469.23
2024,2,REG,WAS,NYG,21.0,18.0,3.0,1437.42,1461.39,0.5588,1446.24,1452.56
2024,2,REG,ARI,LA,41.0,10.0,31.0,1432.96,1509.73,0.4831,1443.3,1499.39
2024,2,REG,DEN,PIT,6.0,13.0,-7.0,1466.34,1533.19,0.4973,1456.39,1543.13
2024,2,REG,KC,CIN,26.0,25.0,1.0,1599.37,1523.13,0.6928,1605.51,1516.98
2024,2,REG,HOU,CHI,19.0,13.0,6.0,1495.55,1464.85,0.6343,1502.86,1457.53
2024,2,REG,PHI,ATL,21.0,22.0,-1.0,1546.08,1451.27,0.715,1531.78,1465.57
2024,3,REG,NYJ,NE,24.0,3.0,21.0,1469.23,1458.51,0.6073,1477.09,1450.65
2024,3,REG,CLE,NYG,15.0,21.0,-6.0,1515.04,1452.56,0.6756,1501.53,1466.08
2024,3,REG,IND,CHI,21.0,16.0,5.0,1463.01,1457.53,0.6001,1471.01,1449.53
2024,3,REG,MIN,HOU,34.0,7.0,27.0,1519.49,1502.86,0.6154,1527.18,1495.17
2024,3,REG,NO,PHI,12.0,15.0,-3.0,1520.75,1531.78,0.577,1509.21,1543.32
2024,3,REG,PIT,LAC,20.0,10.0,10.0,1543.13,1481.43,0.6747,1549.64,1474.93
2024,3,REG,TB,DEN,7.0,26.0,-19.0,1529.87,1456.39,0.6894,1516.09,1470.18
2024,3,REG,TEN,GB,14.0,30.0,-16.0,1446.43,1521.36,0.4857,1436.72,1531.08
2024,3,REG,LV,CAR,22.0,36.0,-14.0,1491.48,1395.83,0.716,1477.16,1410.15
2024,3,REG,SEA,MIA,24.0,3.0,21.0,1527.19,1517.41,0.606,1535.07,1509.53
2024,3,REG,ARI,DET,13.0,20.0,-7.0,1443.3,1529.36,0.4697,1433.9,1538.75
2024,3,REG,DAL,BAL,25.0,28.0,-3.0,1547.49,1531.97,0.6139,1535.22,1544.25
2024,3,REG,LA,SF,27.0,24.0,3.0,1499.39,1566.89,0.4964,1509.46,1556.81
2024,3,REG,ATL,KC,17.0,22.0,-5.0,1465.57,1605.51,0.3938,1457.69,1613.39
2024,3,REG,BUF,JAX,47.0,10.0,37.0,1576.28,1469.72,0.7286,1581.71,1464.29
2024,3,REG,CIN,WAS,33.0,38.0,-5.0,1516.98,1446.24,0.686,1503.26,1459.96
2024,4,REG,NYG,DAL,15.0,20.0,-5.0,1466.08,1535.22,0.494,1456.2,1545.1
2024,4,REG,ATL,NO,26.0,24.0,2.0,1457.69,1509.21,0.5194,1467.31,1499.6
2024,4,REG,CAR,CIN,24.0,34.0,-10.0,1410.15,1503.26,0.4596,1400.96,1512.45
2024,4,REG,CHI,LA,24.0,18.0,6.0,1449.53,1509.46,0.5073,1459.39,1499.61
2024,4,REG,GB,MIN,29.0,31.0,-2.0,1531.08,1527.18,0.5979,1519.12,1539.14
2024,4,REG,HOU,JAX,24.0,20.0,4.0,1495.17,1464.29,0.6346,1502.48,1456.99
2024,4,REG,IND,PIT,27.0,24.0,3.0,1471.01,1549.64,0.4804,1481.4,1539.25
2024,4,REG,NYJ,DEN,9.0,10.0,-1.0,1477.09,1470.18,0.602,1465.05,1482.22
2024,4,REG,TB,PHI,33.0,16.0,17.0,1516.09,1543.32,0.5541,1525.0,1534.41
2024,4,REG,ARI,WAS,14.0,42.0,-28.0,1433.9,1459.96,0.5558,1422.79,1471.08
2024,4,REG,SF,NE,30.0,13.0,17.0,1556.81,1450.65,0.7282,1562.25,1445.22
2024,4,REG,LAC,KC,10.0,17.0,-7.0,1474.93,1613.39,0.3958,1467.01,1621.3
2024,4,REG,LV,CLE,20.0,16.0,4.0,1477.16,1501.53,0.5582,1485.99,1492.69
2024,4,REG,BAL,BUF,35.0,10.0,25.0,1544.25,1581.71,0.5395,1553.46,1572.5
2024,4,REG,MIA,TEN,12.0,31.0,-19.0,1509.53,1436.72,0.6885,1495.76,1450.49
2024,4,REG,DET,SEA,42.0,29.0,13.0,1538.75,1535.07,0.5976,1546.8,1527.02
2024,5,REG,ATL,TB,36.0,30.0,6.0,1467.31,1525.0,0.5105,1477.1,1515.21
2024,5,REG,MIN,NYJ,23.0,17.0,6.0,1539.14,1465.05,0.6901,1545.34,1458.85
2024,5,REG,CHI,CAR,36.0,10.0,26.0,1459.39,1400.96,0.6705,1465.98,1394.37
2024,5,REG,CIN,BAL,38.0,41.0,-3.0,1512.45,1553.46,0.5345,1501.76,1564.15
2024,5,REG,HOU,BUF,23.0,20.0,3.0,1502.48,1572.5,0.4928,1512.62,1562.36
2024,5,REG,JAX,IND,37.0,34.0,3.0,1456.99,1481.4,0.5581,1465.82,1472.56
2024,5,REG,NE,MIA,10.0,15.0,-5.0,1445.22,1495.76,0.5208,1434.8,1506.17
2024,5,REG,WAS,CLE,34.0,13.0,21.0,1471.08,1492.69,0.5621,1479.84,1483.93
2024,5,REG,DEN,LV,34.0,18.0,16.0,1482.22,1485.99,0.5872,1490.48,1477.74
2024,5,REG,SF,ARI,23.0,24.0,-1.0,1562.25,1422.79,0.7644,1546.96,1438.07
2024,5,REG,LA,GB,19.0,24.0,-5.0,1499.61,1519.12,0.5651,1488.3,1530.42
2024,5,REG,SEA,NYG,20.0,29.0,-9.0,1527.02,1456.2,0.6861,1513.3,1469.92
2024,5,REG,PIT,DAL,17.0,20.0,-3.0,1539.25,1545.1,0.5843,1527.56,1556.78
2024,5,REG,KC,NO,26.0,13.0,13.0,1621.3,1499.6,0.7455,1626.39,1494.51
2024,6,REG,SEA,SF,24.0,36.0,-12.0,1513.3,1546.96,0.545,1502.4,1557.86
2024,6,REG,CHI,JAX,35.0,16.0,19.0,1465.98,1465.82,0.5927,1474.12,1457.68
2024,6,REG,BAL,WAS,30.0,23.0,7.0,1564.15,1479.84,0.7026,1570.09,1473.89
2024,6,REG,GB,ARI,34.0,13.0,21.0,1530.42,1438.07,0.7121,1536.18,1432.32
2024,6,REG,NE,HOU,21.0,41.0,-20.0,1434.8,1512.62,0.4816,1425.17,1522.25
2024,6,REG,NO,TB,27.0,51.0,-24.0,1494.51,1515.21,0.5634,1483.24,1526.48
2024,6,REG,PHI,CLE,20.0,16.0,4.0,1534.41,1483.93,0.6603,1541.2,1477.14
2024,6,REG,TEN,IND,17.0,20.0,-3.0,1450.49,1472.56,0.5615,1439.26,1483.79
2024,6,REG,DEN,LAC,16.0,23.0,-7.0,1490.48,1467.01,0.6246,1477.98,1479.5
2024,6,REG,LV,PIT,13.0,32.0,-19.0,1477.74,1527.56,0.5218,1467.3,1538.0
2024,6,REG,CAR,ATL,20.0,38.0,-18.0,1394.37,1477.1,0.4745,1384.88,1486.59
2024,6,REG,DAL,DET,9.0,47.0,-38.0,1556.78,1546.8,0.6063,1544.66,1558.92
2024,6,REG,NYG,CIN,7.0,17.0,-10.0,1469.92,1501.76,0.5476,1458.97,1512.72
2024,6,REG,NYJ,BUF,20.0,23.0,-3.0,1458.85,1562.36,0.4448,1449.95,1571.25
2024,7,REG,NO,DEN,10.0,33.0,-23.0,1483.24,1477.98,0.5997,1471.24,1489.98
2024,7,REG,JAX,NE,32.0,16.0,16.0,1457.68,1425.17,0.6368,1464.94,1417.9
2024,7,REG,ATL,SEA,14.0,34.0,-20.0,1486.59,1502.4,0.5703,1475.18,1513.8
2024,7,REG,BUF,TEN,34.0,10.0,24.0,1571.25,1439.26,0.7566,1576.12,1434.39
2024,7,REG,CLE,CIN,14.0,21.0,-7.0,1477.14,1512.72,0.5422,1466.29,1523.56
2024,7,REG,GB,HOU,24.0,22.0,2.0,1536.18,1522.25,0.6117,1543.95,1514.49
2024,7,REG,IND,MIA,16.0,10.0,6.0,1483.79,1506.17,0.561,1492.57,1497.39
2024,7,REG,MIN,DET,29.0,31.0,-2.0,1545.34,1558.92,0.5735,1533.87,1570.39
2024,7,REG,NYG,PHI,3.0,28.0,-25.0,1458.97,1541.2,0.4752,1449.46,1550.7
2024,7,REG,LA,LV,20.0,15.0,5.0,1488.3,1467.3,0.6213,1495.88,1459.73
2024,7,REG,WAS,CAR,40.0,7.0,33.0,1473.89,1384.88,0.7082,1479.72,1379.04
2024,7,REG,SF,KC,18.0,28.0,-10.0,1557.86,1626.39,0.4949,1547.96,1636.29
2024,7,REG,PIT,NYJ,37.0,15.0,22.0,1538.0,1449.95,0.707,1543.86,1444.09
2024,7,REG,TB,BAL,31.0,41.0,-10.0,1526.48,1570.09,0.5307,1515.87,1580.71
2024,7,REG,ARI,LAC,17.0,15.0,2.0,1432.32,1479.5,0.5256,1441.8,1470.01
2024,8,REG,LA,MIN,30.0,20.0,10.0,1495.88,1533.87,0.5388,1505.1,1524.64
2024,8,REG,CIN,PHI,17.0,37.0,-20.0,1523.56,1550.7,0.5543,1512.47,1561.79
2024,8,REG,CLE,BAL,29.0,24.0,5.0,1466.29,1580.71,0.4294,1477.71,1569.3
2024,8,REG,DET,TEN,52.0,14.0,38.0,1570.39,1434.39,0.7608,1575.18,1429.6
2024,8,REG,HOU,IND,23.0,20.0,3.0,1514.49,1492.57,0.6225,1522.04,1485.02
2024,8,REG,JAX,GB,27.0,30.0,-3.0,1464.94,1543.95,0.4799,1455.34,1553.54
2024,8,REG,MIA,ARI,27.0,28.0,-1.0,1497.39,1441.8,0.6669,1484.06,1455.14
2024,8,REG,NE,NYJ,25.0,22.0,3.0,1417.9,1444.09,0.5556,1426.79,1435.21
2024,8,REG,TB,ATL,26.0,31.0,-5.0,1515.87,1475.18,0.6476,1502.92,1488.13
2024,8,REG,LAC,NO,26.0,8.0,18.0,1470.01,1471.24,0.5908,1478.2,1463.06
2024,8,REG,SEA,BUF,10.0,31.0,-21.0,1513.8,1576.12,0.5039,1503.73,1586.2
2024,8,REG,DEN,CAR,28.0,14.0,14.0,1489.98,1379.04,0.7336,1495.31,1373.71
2024,8,REG,LV,KC,20.0,27.0,-7.0,1459.73,1636.29,0.3447,1452.83,1643.19
2024,8,REG,WAS,CHI,18.0,15.0,3.0,1479.72,1474.12,0.6002,1487.72,1466.13
2024,8,REG,SF,DAL,30.0,24.0,6.0,1547.96,1544.66,0.5971,1556.02,1536.6
2024,8,REG,PIT,NYG,26.0,18.0,8.0,1543.86,1449.46,0.7145,1549.57,1443.75
2024,9,REG,NYJ,HOU,21.0,13.0,8.0,1435.21,1522.04,0.4686,1445.83,1511.41
2024,9,REG,ATL,DAL,27.0,21.0,6.0,1488.13,1536.6,0.5238,1497.66,1527.08
2024,9,REG,BAL,DEN,41.0,10.0,31.0,1569.3,1495.31,0.69,1575.5,1489.11
2024,9,REG,BUF,MIA,30.0,27.0,3.0,1586.2,1484.06,0.7236,1591.73,1478.53
2024,9,REG,CAR,NO,23.0,22.0,1.0,1373.71,1463.06,0.465,1384.41,1452.36
2024,9,REG,CIN,LV,41.0,24.0,17.0,1512.47,1452.83,0.6721,1519.03,1446.27
2024,9,REG,CLE,LAC,10.0,27.0,-17.0,1477.71,1478.2,0.5918,1465.87,1490.03
2024,9,REG,NYG,WAS,22.0,27.0,-5.0,1443.75,1487.72,0.5302,1433.15,1498.32
2024,9,REG,TEN,NE,20.0,17.0,3.0,1429.6,1426.79,0.5964,1437.68,1418.72
2024,9,REG,ARI,CHI,29.0,9.0,20.0,1455.14,1466.13,0.5771,1463.6,1457.67
2024,9,REG,PHI,JAX,28.0,23.0,5.0,1561.79,1455.34,0.7285,1567.22,1449.91
2024,9,REG,GB,DET,14.0,24.0,-10.0,1553.54,1575.18,0.5621,1542.3,1586.42
2024,9,REG,SEA,LA,20.0,26.0,-6.0,1503.73,1505.1,0.5906,1491.92,1516.91
2024,9,REG,MIN,IND,21.0,13.0,8.0,1524.64,1485.02,0.6462,1531.72,1477.95
2024,9,REG,KC,TB,30.0,24.0,6.0,1643.19,1502.92,0.7652,1647.88,1498.22
2024,10,REG,BAL,CIN,35.0,34.0,1.0,1575.5,1519.03,0.668,1582.14,1512.39
2024,10,REG,CAR,NYG,20.0,17.0,3.0,1384.41,1433.15,0.5234,1393.95,1423.62
2024,10,REG,CHI,NE,3.0,19.0,-16.0,1457.67,1418.72,0.6453,1444.77,1431.63
2024,10,REG,IND,BUF,20.0,30.0,-10.0,1477.95,1591.73,0.4303,1469.34,1600.33
2024,10,REG,JAX,MIN,7.0,12.0,-5.0,1449.91,1531.72,0.4758,1440.4,1541.24
2024,10,REG,KC,DEN,16.0,14.0,2.0,1647.88,1489.11,0.7838,1652.2,1484.78
2024,10,REG,NO,ATL,20.0,17.0,3.0,1452.36,1497.66,0.5283,1461.79,1488.22
2024,10,REG,TB,SF,20.0,23.0,-3.0,1498.22,1556.02,0.5104,1488.01,1566.23
2024,10,REG,WAS,PIT,27.0,28.0,-1.0,1498.32,1549.57,0.5198,1487.93,1559.96
2024,10,REG,LAC,TEN,27.0,17.0,10.0,1490.03,1437.68,0.6627,1496.78,1430.93
2024,10,REG,ARI,NYJ,31.0,6.0,25.0,1463.6,1445.83,0.6169,1471.26,1438.17
2024,10,REG,DAL,PHI,6.0,34.0,-28.0,1527.08,1567.22,0.5357,1516.36,1577.93
2024,10,REG,HOU,DET,23.0,26.0,-3.0,1511.41,1586.42,0.4856,1501.7,1596.13
2024,10,REG,LA,MIA,15.0,23.0,-8.0,1516.91,1478.53,0.6445,1504.02,1491.42
2024,11,REG,PHI,WAS,26.0,18.0,8.0,1577.93,1487.93,0.7094,1583.75,1482.11
2024,11,REG,CHI,GB,19.0,20.0,-1.0,1444.77,1542.3,0.4533,1435.7,1551.37
2024,11,REG,DET,JAX,52.0,6.0,46.0,1596.13,1440.4,0.7809,1600.51,1436.01
2024,11,REG,MIA,LV,34.0,19.0,15.0,1491.42,1446.27,0.6534,1498.35,1439.34
2024,11,REG,NE,LA,22.0,28.0,-6.0,1431.63,1504.02,0.4894,1421.84,1513.81
2024,11,REG,NO,CLE,35.0,14.0,21.0,1461.79,1465.87,0.5868,1470.06,1457.61
2024,11,REG,NYJ,IND,27.0,28.0,-1.0,1438.17,1469.34,0.5485,1427.2,1480.31
2024,11,REG,PIT,BAL,18.0,16.0,2.0,1559.96,1582.14,0.5613,1568.74,1573.36
2024,11,REG,TEN,MIN,13.0,23.0,-10.0,1430.93,1541.24,0.4352,1422.23,1549.94
2024,11,REG,DEN,ATL,38.0,6.0,32.0,1484.78,1488.22,0.5877,1493.03,1479.98
2024,11,REG,SF,SEA,17.0,20.0,-3.0,1566.23,1491.92,0.6904,1552.42,1505.72
2024,11,REG,BUF,KC,30.0,21.0,9.0,1600.33,1652.2,0.5189,1609.95,1642.58
2024,11,REG,LAC,CIN,34.0,27.0,7.0,1496.78,1512.39,0.5706,1505.37,1503.81
2024,11,REG,DAL,HOU,10.0,34.0,-24.0,1516.36,1501.7,0.6127,1504.11,1513.95
2024,12,REG,CLE,PIT,24.0,19.0,5.0,1457.61,1568.74,0.434,1468.93,1557.42
2024,12,REG,CAR,KC,27.0,30.0,-3.0,1393.95,1642.58,0.2579,1388.79,1647.74
2024,12,REG,CHI,MIN,27.0,30.0,-3.0,1435.7,1549.94,0.4296,1427.11,1558.53
2024,12,REG,HOU,TEN,27.0,32.0,-5.0,1513.95,1422.23,0.7114,1499.72,1436.46
2024,12,REG,IND,DET,6.0,24.0,-18.0,1480.31,1600.51,0.4212,1471.89,1608.94
2024,12,REG,MIA,NE,34.0,15.0,19.0,1498.35,1421.84,0.6931,1504.49,1415.7
2024,12,REG,NYG,TB,7.0,30.0,-23.0,1423.62,1488.01,0.5009,1413.6,1498.03
2024,12,REG,WAS,DAL,26.0,34.0,-8.0,1482.11,1504.11,0.5616,1470.88,1515.34
2024,12,REG,LV,DEN,19.0,29.0,-10.0,1439.34,1493.03,0.5163,1429.02,1503.36
2024,12,REG,GB,SF,38.0,10.0,28.0,1551.37,1552.42,0.591,1559.55,1544.24
2024,12,REG,SEA,ARI,16.0,6.0,10.0,1505.72,1471.26,0.6393,1512.94,1464.05
2024,12,REG,LA,PHI,20.0,37.0,-17.0,1513.81,1583.75,0.4929,1503.95,1593.6
2024,12,REG,LAC,BAL,23.0,30.0,-7.0,1505.37,1573.36,0.4957,1495.45,1583.28
2024,13,REG,DET,CHI,23.0,20.0,3.0,1608.94,1427.11,0.8055,1612.83,1423.22
2024,13,REG,DAL,NYG,27.0,20.0,7.0,1515.34,1413.6,0.7231,1520.88,1408.06
2024,13,REG,GB,MIA,30.0,17.0,13.0,1559.55,1504.49,0.6662,1566.22,1497.81
2024,13,REG,KC,LV,19.0,17.0,2.0,1647.74,1429.02,0.8366,1651.01,1425.75
2024,13,REG,ATL,LAC,13.0,17.0,-4.0,1479.98,1495.45,0.5708,1468.56,1506.87
2024,13,REG,CIN,PIT,38.0,44.0,-6.0,1503.81,1557.42,0.5164,1493.48,1567.74
2024,13,REG,JAX,HOU,20.0,23.0,-3.0,1436.01,1499.72,0.5019,1425.98,1509.76
2024,13,REG,MIN,ARI,23.0,22.0,1.0,1558.53,1464.05,0.7146,1564.24,1458.34
2024,13,REG,NE,IND,24.0,25.0,-1.0,1415.7,1471.89,0.5127,1405.45,1482.14
2024,13,REG,NYJ,SEA,21.0,26.0,-5.0,1427.2,1512.94,0.4702,1417.8,1522.34
2024,13,REG,WAS,TEN,42.0,19.0,23.0,1470.88,1436.46,0.6393,1478.1,1429.24
2024,13,REG,CAR,TB,23.0,26.0,-3.0,1388.79,1498.03,0.4367,1380.06,1506.76
2024,13,REG,NO,LA,14.0,21.0,-7.0,1470.06,1503.95,0.5446,1459.16,1514.84
2024,13,REG,BAL,PHI,19.0,24.0,-5.0,1583.28,1593.6,0.578,1571.72,1605.17
2024,13,REG,BUF,SF,35.0,10.0,25.0,1609.95,1544.24,0.6797,1616.36,1537.84
2024,13,REG,DEN,CLE,41.0,32.0,9.0,1503.36,1468.93,0.6393,1510.57,1461.71
2024,14,REG,DET,GB,34.0,31.0,3.0,1612.83,1566.22,0.6553,1619.72,1559.33
2024,14,REG,MIA,NYJ,32.0,26.0,6.0,1497.81,1417.8,0.6974,1503.87,1411.75
2024,14,REG,MIN,ATL,42.0,21.0,21.0,1564.24,1468.56,0.716,1569.92,1462.88
2024,14,REG,NYG,NO,11.0,14.0,-3.0,1408.06,1459.16,0.52,1397.66,1469.56
2024,14,REG,PHI,CAR,22.0,16.0,6.0,1605.17,1380.06,0.8416,1608.33,1376.89
2024,14,REG,PIT,CLE,27.0,14.0,13.0,1567.74,1461.71,0.728,1573.18,1456.27
2024,14,REG,TB,LV,28.0,13.0,15.0,1506.76,1425.75,0.6986,1512.79,1419.72
2024,14,REG,TEN,JAX,6.0,10.0,-4.0,1429.24,1425.98,0.597,1417.3,1437.92
2024,14,REG,ARI,SEA,18.0,30.0,-12.0,1458.34,1522.34,0.5014,1448.31,1532.37
2024,14,REG,LA,BUF,44.0,42.0,2.0,1514.84,1616.36,0.4476,1525.89,1605.31
2024,14,REG,SF,CHI,38.0,13.0,25.0,1537.84,1423.22,0.7377,1543.08,1417.97
2024,14,REG,KC,LAC,19.0,17.0,2.0,1651.01,1506.87,0.7692,1655.62,1502.25
2024,14,REG,DAL,CIN,20.0,27.0,-7.0,1520.88,1493.48,0.6299,1508.28,1506.08
2024,15,REG,SF,LA,6.0,12.0,-6.0,1543.08,1525.89,0.6161,1530.76,1538.21
2024,15,REG,CAR,DAL,14.0,30.0,-16.0,1376.89,1508.28,0.4056,1368.78,1516.39
2024,15,REG,CLE,KC,7.0,21.0,-14.0,1456.27,1655.62,0.3157,1449.96,1661.94
2024,15,REG,HOU,MIA,20.0,12.0,8.0,1509.76,1503.87,0.6006,1517.75,1495.88
2024,15,REG,JAX,NYJ,25.0,32.0,-7.0,1437.92,1411.75,0.6283,1425.35,1424.31
2024,15,REG,NO,WAS,19.0,20.0,-1.0,1469.56,1478.1,0.5806,1457.95,1489.71
2024,15,REG,NYG,BAL,14.0,35.0,-21.0,1397.66,1571.72,0.348,1390.7,1578.68
2024,15,REG,TEN,CIN,27.0,37.0,-10.0,1417.3,1506.08,0.4658,1407.99,1515.39
2024,15,REG,ARI,NE,30.0,17.0,13.0,1448.31,1405.45,0.6504,1455.3,1398.45
2024,15,REG,DEN,IND,31.0,13.0,18.0,1510.57,1482.14,0.6313,1517.94,1474.77
2024,15,REG,DET,BUF,42.0,48.0,-6.0,1619.72,1605.31,0.6123,1607.48,1617.56
2024,15,REG,LAC,TB,17.0,40.0,-23.0,1502.25,1512.79,0.5777,1490.7,1524.35
2024,15,REG,PHI,PIT,27.0,13.0,14.0,1608.33,1573.18,0.6403,1615.53,1565.99
2024,15,REG,SEA,GB,13.0,30.0,-17.0,1532.37,1559.33,0.5545,1521.28,1570.42
2024,15,REG,MIN,CHI,30.0,12.0,18.0,1569.92,1417.97,0.7771,1574.38,1413.51
2024,15,REG,LV,ATL,9.0,15.0,-6.0,1419.72,1462.88,0.5314,1409.09,1473.51
2024,16,REG,LAC,DEN,34.0,27.0,7.0,1490.7,1517.94,0.5541,1499.62,1509.03
2024,16,REG,KC,HOU,27.0,19.0,8.0,1661.94,1517.75,0.7693,1666.55,1513.13
2024,16,REG,BAL,PIT,34.0,17.0,17.0,1578.68,1565.99,0.61,1586.48,1558.19
2024,16,REG,ATL,NYG,34.0,7.0,27.0,1473.51,1390.7,0.7007,1479.49,1384.72
2024,16,REG,CAR,ARI,36.0,30.0,6.0,1368.78,1455.3,0.4691,1379.39,1444.69
2024,16,REG,CHI,DET,17.0,34.0,-17.0,1413.51,1607.48,0.3225,1407.06,1613.93
2024,16,REG,CIN,CLE,24.0,6.0,18.0,1515.39,1449.96,0.6794,1521.81,1443.55
2024,16,REG,IND,TEN,38.0,30.0,8.0,1474.77,1407.99,0.681,1481.15,1401.61
2024,16,REG,NYJ,LA,9.0,19.0,-10.0,1424.31,1538.21,0.4301,1415.71,1546.82
2024,16,REG,WAS,PHI,36.0,33.0,3.0,1489.71,1615.53,0.4134,1501.44,1603.8
2024,16,REG,SEA,MIN,24.0,27.0,-3.0,1521.28,1574.38,0.5171,1510.94,1584.72
2024,16,REG,BUF,NE,24.0,21.0,3.0,1617.56,1398.45,0.8369,1620.82,1395.19
2024,16,REG,LV,JAX,19.0,14.0,5.0,1409.09,1425.35,0.5697,1417.7,1416.75
2024,16,REG,MIA,SF,29.0,17.0,12.0,1495.88,1530.76,0.5432,1505.01,1521.62
2024,16,REG,DAL,TB,26.0,24.0,2.0,1516.39,1524.35,0.5814,1524.76,1515.97
2024,16,REG,GB,NO,34.0,0.0,34.0,1570.42,1457.95,0.7353,1575.71,1452.66
2024,17,REG,PIT,KC,10.0,29.0,-19.0,1558.19,1666.55,0.4379,1549.43,1675.31
2024,17,REG,HOU,BAL,2.0,31.0,-29.0,1513.13,1586.48,0.488,1503.37,1596.24
2024,17,REG,CHI,SEA,3.0,6.0,-3.0,1407.06,1510.94,0.4443,1398.18,1519.82
2024,17,REG,NE,LAC,7.0,40.0,-33.0,1395.19,1499.62,0.4435,1386.32,1508.49
2024,17,REG,CIN,DEN,30.0,24.0,6.0,1521.81,1509.03,0.6101,1529.6,1501.23
2024,17,REG,LA,ARI,13.0,9.0,4.0,1546.82,1444.69,0.7235,1552.34,1439.16
2024,17,REG,BUF,NYJ,40.0,14.0,26.0,1620.82,1415.71,0.8256,1624.31,1412.22
2024,17,REG,JAX,TEN,20.0,13.0,7.0,1416.75,1401.61,0.6133,1424.48,1393.87
2024,17,REG,NO,LV,10.0,25.0,-15.0,1452.66,1417.7,0.64,1439.86,1430.5
2024,17,REG,NYG,IND,45.0,33.0,12.0,1384.72,1481.15,0.4549,1395.62,1470.24
2024,17,REG,PHI,DAL,41.0,7.0,34.0,1603.8,1524.76,0.6962,1609.87,1518.69
2024,17,REG,TB,CAR,48.0,14.0,34.0,1515.97,1379.39,0.7614,1520.75,1374.62
2024,17,REG,CLE,MIA,3.0,20.0,-17.0,1443.55,1505.01,0.5051,1433.44,1515.12
2024,17,REG,MIN,GB,27.0,25.0,2.0,1584.72,1575.71,0.6049,1592.62,1567.81
2024,17,REG,WAS,ATL,30.0,24.0,6.0,1501.44,1479.49,0.6226,1508.99,1471.95
2024,17,REG,SF,DET,34.0,40.0,-6.0,1521.62,1613.93,0.4608,1512.41,1623.14
2024,18,REG,BAL,CLE,35.0,10.0,25.0,1596.24,1433.44,0.7877,1600.48,1429.2
2024,18,REG,PIT,CIN,17.0,19.0,-2.0,1549.43,1529.6,0.6197,1537.04,1542.0
2024,18,REG,ATL,CAR,38.0,44.0,-6.0,1471.95,1374.62,0.718,1457.59,1388.98
2024,18,REG,DAL,WAS,19.0,23.0,-4.0,1518.69,1508.99,0.6059,1506.57,1521.11
2024,18,REG,GB,CHI,22.0,24.0,-2.0,1567.81,1398.18,0.7942,1551.93,1414.06
2024,18,REG,IND,JAX,26.0,23.0,3.0,1470.24,1424.48,0.6542,1477.16,1417.56
2024,18,REG,NE,BUF,23.0,16.0,7.0,1386.32,1624.31,0.2698,1400.93,1609.7
2024,18,REG,PHI,NYG,20.0,13.0,7.0,1609.87,1395.62,0.8331,1613.21,1392.28
2024,18,REG,TB,NO,27.0,19.0,8.0,1520.75,1439.86,0.6984,1526.78,1433.83
2024,18,REG,TEN,HOU,14.0,23.0,-9.0,1393.87,1503.37,0.4363,1385.15,1512.1
2024,18,REG,ARI,SF,47.0,24.0,23.0,1439.16,1512.41,0.4881,1449.39,1502.17
2024,18,REG,DEN,KC,38.0,0.0,38.0,1501.23,1675.31,0.348,1514.27,1662.27
2024,18,REG,LA,SEA,25.0,30.0,-5.0,1552.34,1519.82,0.6368,1539.61,1532.56
2024,18,REG,LV,LAC,20.0,34.0,-14.0,1430.5,1508.49,0.4813,1420.87,1518.11
2024,18,REG,NYJ,MIA,32.0,20.0,12.0,1412.22,1515.12,0.4457,1423.31,1504.03
2024,18,REG,DET,MIN,31.0,9.0,22.0,1623.14,1592.62,0.6341,1630.46,1585.3
2024,19,WC,HOU,LAC,32.0,12.0,20.0,1512.1,1518.11,0.5841,1520.42,1509.79
2024,19,WC,BAL,PIT,28.0,14.0,14.0,1600.48,1537.04,0.6769,1606.94,1530.57
2024,19,WC,BUF,DEN,31.0,7.0,24.0,1609.7,1514.27,0.7158,1615.39,1508.58
2024,19,WC,PHI,GB,22.0,10.0,12.0,1613.21,1551.93,0.6741,1619.73,1545.41
2024,19,WC,TB,WAS,20.0,23.0,-3.0,1526.78,1521.11,0.6003,1514.77,1533.11
2024,19,WC,LA,MIN,27.0,9.0,18.0,1539.61,1585.3,0.5278,1549.05,1575.86
2024,20,DIV,KC,HOU,23.0,14.0,9.0,1662.27,1520.42,0.7669,1666.93,1515.75
2024,20,DIV,DET,WAS,31.0,45.0,-14.0,1630.46,1533.11,0.718,1616.1,1547.47
2024,20,DIV,PHI,LA,28.0,22.0,6.0,1619.73,1549.05,0.6859,1626.01,1542.77
2024,20,DIV,BUF,BAL,27.0,25.0,2.0,1615.39,1606.94,0.6041,1623.31,1599.03
2024,21,CON,PHI,WAS,55.0,23.0,32.0,1626.01,1547.47,0.6956,1632.1,1541.38
2024,21,CON,KC,BUF,32.0,29.0,3.0,1666.93,1623.31,0.6514,1673.9,1616.33
2024,22,SB,PHI,KC,40.0,22.0,18.0,1632.1,1673.9,0.5333,1641.43,1664.57
2025,1,REG,PHI,DAL,24.0,20.0,4.0,1594.29,1504.38,0.7092,1600.1,1498.56
2025,1,REG,LAC,KC,27.0,21.0,6.0,1506.53,1609.71,0.4453,1517.62,1598.62
2025,1,REG,ATL,TB,20.0,23.0,-3.0,1471.72,1509.85,0.5386,1460.95,1520.62
2025,1,REG,CLE,CIN,16.0,17.0,-1.0,1452.8,1528.0,0.4853,1443.09,1537.71
2025,1,REG,IND,MIA,33.0,8.0,25.0,1484.77,1502.69,0.5674,1493.43,1494.03
2025,1,REG,JAX,CAR,26.0,10.0,16.0,1445.04,1425.99,0.6187,1452.67,1418.36
2025,1,REG,NE,LV,13.0,20.0,-7.0,1433.95,1447.25,0.5739,1422.47,1458.73
2025,1,REG,NO,ARI,13.0,20.0,-7.0,1455.88,1466.26,0.578,1444.33,1477.82
2025,1,REG,NYJ,PIT,32.0,34.0,-2.0,1448.87,1520.38,0.4906,1439.06,1530.19
2025,1,REG,WAS,NYG,21.0,6.0,15.0,1527.59,1428.19,0.7204,1533.18,1422.59
2025,1,REG,DEN,TEN,20.0,12.0,8.0,1505.72,1423.43,0.7001,1511.72,1417.43
2025,1,REG,SEA,SF,13.0,17.0,-4.0,1521.7,1501.45,0.6203,1509.3,1513.85
2025,1,REG,GB,DET,27.0,13.0,14.0,1530.27,1577.4,0.5257,1539.76,1567.91
2025,1,REG,LA,HOU,14.0,9.0,5.0,1528.51,1510.5,0.6172,1536.17,1502.85
2025,1,REG,BUF,BAL,41.0,40.0,1.0,1577.56,1566.02,0.6084,1585.39,1558.19
2025,1,REG,CHI,MIN,24.0,27.0,-3.0,1442.71,1550.57,0.4386,1433.94,1559.34
2025,2,REG,GB,WAS,27.0,18.0,9.0,1539.76,1533.18,0.6016,1547.73,1525.21
2025,2,REG,BAL,CLE,41.0,17.0,24.0,1558.19,1443.09,0.7382,1563.42,1437.86
2025,2,REG,CIN,JAX,31.0,27.0,4.0,1537.71,1452.67,0.7034,1543.64,1446.74
2025,2,REG,DAL,NYG,40.0,37.0,3.0,1498.56,1422.59,0.6924,1504.72,1416.44
2025,2,REG,DET,CHI,52.0,21.0,31.0,1567.91,1433.94,0.7587,1572.74,1429.11
2025,2,REG,MIA,NE,27.0,33.0,-6.0,1494.03,1422.47,0.687,1480.29,1436.21
2025,2,REG,NO,SF,21.0,26.0,-5.0,1444.33,1513.85,0.4935,1434.46,1523.72
2025,2,REG,NYJ,BUF,10.0,30.0,-20.0,1439.06,1585.39,0.385,1431.36,1593.09
2025,2,REG,PIT,SEA,17.0,31.0,-14.0,1530.19,1509.3,0.6212,1517.77,1521.72
2025,2,REG,TEN,LA,19.0,33.0,-14.0,1417.43,1536.17,0.4233,1408.97,1544.64
2025,2,REG,ARI,CAR,27.0,22.0,5.0,1477.82,1418.36,0.6718,1484.39,1411.8
2025,2,REG,IND,DEN,29.0,28.0,1.0,1493.43,1511.72,0.5668,1502.09,1503.06
2025,2,REG,KC,PHI,17.0,20.0,-3.0,1598.62,1600.1,0.5904,1586.81,1611.91
2025,2,REG,MIN,ATL,6.0,22.0,-16.0,1559.34,1460.95,0.7192,1544.96,1475.34
2025,2,REG,HOU,TB,19.0,20.0,-1.0,1502.85,1520.62,0.5676,1491.5,1531.97
2025,2,REG,LV,LAC,9.0,20.0,-11.0,1458.73,1517.62,0.5088,1448.55,1527.8
2025,3,REG,BUF,MIA,31.0,21.0,10.0,1593.09,1480.29,0.7356,1598.38,1475.01
2025,3,REG,CAR,ATL,30.0,0.0,30.0,1411.8,1475.34,0.5021,1421.76,1465.38
2025,3,REG,CLE,GB,13.0,10.0,3.0,1437.86,1547.73,0.4358,1449.14,1536.44
2025,3,REG,JAX,HOU,17.0,10.0,7.0,1446.74,1491.5,0.5291,1456.16,1482.08
2025,3,REG,MIN,CIN,48.0,10.0,38.0,1544.96,1543.64,0.5943,1553.07,1535.52
2025,3,REG,NE,PIT,14.0,21.0,-7.0,1436.21,1517.77,0.4762,1426.69,1527.3
2025,3,REG,PHI,LA,33.0,26.0,7.0,1611.91,1544.64,0.6817,1618.28,1538.27
2025,3,REG,TB,NYJ,29.0,27.0,2.0,1531.97,1431.36,0.7218,1537.53,1425.79
2025,3,REG,TEN,IND,20.0,41.0,-21.0,1408.97,1502.09,0.4596,1399.78,1511.28
2025,3,REG,WAS,LV,41.0,24.0,17.0,1525.21,1448.55,0.6933,1531.35,1442.42
2025,3,REG,LAC,DEN,23.0,20.0,3.0,1527.8,1503.06,0.6264,1535.27,1495.58
2025,3,REG,SEA,NO,44.0,13.0,31.0,1521.72,1434.46,0.7061,1527.6,1428.58
2025,3,REG,CHI,DAL,31.0,14.0,17.0,1429.11,1504.72,0.4847,1439.41,1494.41
2025,3,REG,SF,ARI,16.0,15.0,1.0,1523.72,1484.39,0.6458,1530.81,1477.3
2025,3,REG,NYG,KC,9.0,22.0,-13.0,1416.44,1586.81,0.3528,1409.39,1593.87
2025,3,REG,BAL,DET,30.0,38.0,-8.0,1563.42,1572.74,0.5795,1551.83,1584.33
2025,4,REG,ARI,SEA,20.0,23.0,-3.0,1477.3,1527.6,0.5211,1466.88,1538.02
2025,4,REG,PIT,MIN,24.0,21.0,3.0,1527.3,1553.07,0.5562,1536.17,1544.2
2025,4,REG,ATL,WAS,34.0,27.0,7.0,1465.38,1531.35,0.4986,1475.41,1521.32
2025,4,REG,BUF,NO,31.0,19.0,12.0,1598.38,1428.58,0.7944,1602.49,1424.47
2025,4,REG,DET,CLE,34.0,10.0,24.0,1584.33,1449.14,0.7599,1589.13,1444.34
2025,4,REG,HOU,TEN,26.0,0.0,26.0,1482.08,1399.78,0.7001,1488.08,1393.78
2025,4,REG,NE,CAR,42.0,13.0,29.0,1426.69,1421.76,0.5993,1434.7,1413.74
2025,4,REG,NYG,LAC,21.0,18.0,3.0,1409.39,1535.27,0.4133,1421.12,1523.54
2025,4,REG,TB,PHI,25.0,31.0,-6.0,1537.53,1618.28,0.4774,1527.99,1627.83
2025,4,REG,LA,IND,27.0,20.0,7.0,1538.27,1511.28,0.6294,1545.68,1503.87
2025,4,REG,SF,JAX,21.0,26.0,-5.0,1530.81,1456.16,0.6908,1516.99,1469.97
2025,4,REG,KC,BAL,37.0,20.0,17.0,1593.87,1551.83,0.6493,1600.88,1544.82
2025,4,REG,LV,CHI,24.0,25.0,-1.0,1442.42,1439.41,0.5966,1430.48,1451.35
2025,4,REG,DAL,GB,40.0,40.0,0.0,1494.41,1536.44,0.533,1493.75,1537.1
2025,4,REG,MIA,NYJ,27.0,21.0,6.0,1475.01,1425.79,0.6587,1481.83,1418.97
2025,4,REG,DEN,CIN,28.0,3.0,25.0,1495.58,1535.52,0.536,1504.86,1526.24
2025,5,REG,LA,SF,23.0,26.0,-3.0,1545.68,1516.99,0.6317,1533.05,1529.62
2025,5,REG,CLE,MIN,17.0,21.0,-4.0,1444.34,1544.2,0.45,1435.34,1553.2
2025,5,REG,BAL,HOU,10.0,44.0,-34.0,1544.82,1488.08,0.6684,1531.45,1501.44
2025,5,REG,CAR,MIA,27.0,24.0,3.0,1413.74,1481.83,0.4956,1423.83,1471.74
2025,5,REG,IND,LV,40.0,6.0,34.0,1503.87,1430.48,0.6893,1510.08,1424.27
2025,5,REG,NO,NYG,26.0,14.0,12.0,1424.47,1421.12,0.5971,1432.52,1413.06
2025,5,REG,NYJ,DAL,22.0,37.0,-15.0,1418.97,1493.75,0.4859,1409.25,1503.47
2025,5,REG,PHI,DEN,17.0,21.0,-4.0,1627.83,1504.86,0.7469,1612.89,1519.8
2025,5,REG,ARI,TEN,21.0,22.0,-1.0,1466.88,1393.78,0.6889,1453.1,1407.56
2025,5,REG,SEA,TB,35.0,38.0,-3.0,1538.02,1527.99,0.6063,1525.9,1540.11
2025,5,REG,CIN,DET,24.0,37.0,-13.0,1526.24,1589.13,0.503,1516.18,1599.19
2025,5,REG,LAC,WAS,10.0,27.0,-17.0,1523.54,1521.32,0.5955,1511.63,1533.23
2025,5,REG,BUF,NE,20.0,23.0,-3.0,1602.49,1434.7,0.7925,1586.64,1450.55
2025,5,REG,JAX,KC,31.0,28.0,3.0,1469.97,1600.88,0.4063,1481.85,1589.01
2025,6,REG,NYG,PHI,34.0,17.0,17.0,1413.06,1612.89,0.3152,1426.76,1599.19
2025,6,REG,NYJ,DEN,11.0,13.0,-2.0,1409.25,1519.8,0.4348,1400.55,1528.5
2025,6,REG,BAL,LA,3.0,17.0,-14.0,1531.45,1533.05,0.5902,1519.65,1544.85
2025,6,REG,CAR,DAL,30.0,27.0,3.0,1423.83,1503.47,0.4789,1434.25,1493.05
2025,6,REG,IND,ARI,31.0,27.0,4.0,1510.08,1453.1,0.6687,1516.71,1446.47
2025,6,REG,JAX,SEA,12.0,20.0,-8.0,1481.85,1525.9,0.5301,1471.24,1536.5
2025,6,REG,MIA,LAC,27.0,29.0,-2.0,1471.74,1511.63,0.5361,1461.02,1522.35
2025,6,REG,NO,NE,19.0,25.0,-6.0,1432.52,1450.55,0.5672,1421.18,1461.9
2025,6,REG,PIT,CLE,23.0,9.0,14.0,1536.17,1435.34,0.722,1541.73,1429.78
2025,6,REG,LV,TEN,20.0,10.0,10.0,1424.27,1407.56,0.6155,1431.96,1399.87
2025,6,REG,GB,CIN,27.0,18.0,9.0,1537.1,1516.18,0.6212,1544.68,1508.61
2025,6,REG,TB,SF,30.0,19.0,11.0,1540.11,1529.62,0.607,1547.98,1521.76
2025,6,REG,KC,DET,30.0,17.0,13.0,1589.01,1599.19,0.5782,1597.44,1590.76
2025,6,REG,ATL,BUF,24.0,14.0,10.0,1475.41,1586.64,0.4339,1486.73,1575.32
2025,6,REG,WAS,CHI,24.0,25.0,-1.0,1533.23,1451.35,0.6996,1519.24,1465.34
2025,7,REG,CIN,PIT,33.0,31.0,2.0,1508.61,1541.73,0.5457,1517.69,1532.65
2025,7,REG,JAX,LA,7.0,35.0,-28.0,1471.24,1544.85,0.4876,1461.49,1554.61
2025,7,REG,CHI,NO,26.0,14.0,12.0,1465.34,1421.18,0.6521,1472.3,1414.22
2025,7,REG,CLE,MIA,31.0,6.0,25.0,1429.78,1461.02,0.5484,1438.81,1451.99
2025,7,REG,KC,LV,31.0,0.0,31.0,1597.44,1431.96,0.7903,1601.64,1427.76
2025,7,REG,MIN,PHI,22.0,28.0,-6.0,1553.2,1599.19,0.5273,1542.65,1609.74
2025,7,REG,NYJ,CAR,6.0,13.0,-7.0,1400.55,1434.25,0.5449,1389.65,1445.15
2025,7,REG,TEN,NE,13.0,31.0,-18.0,1399.87,1461.9,0.5043,1389.78,1471.98
2025,7,REG,DEN,NYG,33.0,32.0,1.0,1528.5,1426.76,0.7231,1534.04,1421.22
2025,7,REG,LAC,IND,24.0,38.0,-14.0,1522.35,1516.71,0.6003,1510.34,1528.72
2025,7,REG,ARI,GB,23.0,27.0,-4.0,1446.47,1544.68,0.4524,1437.43,1553.73
2025,7,REG,DAL,WAS,44.0,22.0,22.0,1493.05,1519.24,0.5556,1501.94,1510.35
2025,7,REG,SF,ATL,20.0,10.0,10.0,1521.76,1486.73,0.6401,1528.96,1479.53
2025,7,REG,DET,TB,24.0,9.0,15.0,1590.76,1547.98,0.6503,1597.75,1540.98
2025,7,REG,SEA,HOU,27.0,19.0,8.0,1536.5,1501.44,0.6401,1543.7,1494.25
2025,8,REG,LAC,MIN,37.0,10.0,27.0,1510.34,1542.65,0.5469,1519.41,1533.59
2025,8,REG,ATL,MIA,10.0,34.0,-24.0,1479.53,1451.99,0.6301,1466.93,1464.59
2025,8,REG,BAL,CHI,30.0,16.0,14.0,1519.65,1472.3,0.6563,1526.52,1465.42
2025,8,REG,CAR,BUF,9.0,40.0,-31.0,1445.15,1575.32,0.4073,1437.0,1583.46
2025,8,REG,CIN,NYJ,38.0,39.0,-1.0,1517.69,1389.65,0.7524,1502.64,1404.7
2025,8,REG,HOU,SF,26.0,15.0,11.0,1494.25,1528.96,0.5435,1503.38,1519.83
2025,8,REG,NE,CLE,32.0,13.0,19.0,1471.98,1438.81,0.6376,1479.23,1431.56
2025,8,REG,PHI,NYG,38.0,20.0,18.0,1609.74,1421.22,0.8114,1613.51,1417.45
2025,8,REG,NO,TB,3.0,23.0,-20.0,1414.22,1540.98,0.412,1405.98,1549.22
2025,8,REG,DEN,DAL,44.0,24.0,20.0,1534.04,1501.94,0.6362,1541.31,1494.66
2025,8,REG,IND,TEN,38.0,14.0,24.0,1528.72,1389.78,0.7639,1533.44,1385.06
2025,8,REG,PIT,GB,25.0,35.0,-10.0,1532.65,1553.73,0.5629,1521.39,1564.98
2025,8,REG,KC,WAS,28.0,7.0,21.0,1601.64,1510.35,0.7109,1607.42,1504.57
2025,9,REG,MIA,BAL,6.0,28.0,-22.0,1464.59,1526.52,0.5044,1454.5,1536.61
2025,9,REG,CIN,CHI,42.0,47.0,-5.0,1502.64,1465.42,0.643,1489.78,1478.28
2025,9,REG,DET,MIN,24.0,27.0,-3.0,1597.75,1533.59,0.6778,1584.19,1547.15
2025,9,REG,GB,CAR,13.0,16.0,-3.0,1564.98,1437.0,0.7523,1549.94,1452.05
2025,9,REG,HOU,DEN,15.0,18.0,-3.0,1503.38,1541.31,0.5389,1492.6,1552.09
2025,9,REG,NE,ATL,24.0,23.0,1.0,1479.23,1466.93,0.6094,1487.04,1459.12
2025,9,REG,NYG,SF,24.0,34.0,-10.0,1417.45,1519.83,0.4464,1408.52,1528.76
2025,9,REG,PIT,IND,27.0,20.0,7.0,1521.39,1533.44,0.5756,1529.88,1524.95
2025,9,REG,TEN,LAC,20.0,27.0,-7.0,1385.06,1519.41,0.4015,1377.03,1527.44
2025,9,REG,LA,NO,34.0,10.0,24.0,1554.61,1405.98,0.7738,1559.13,1401.46
2025,9,REG,LV,JAX,29.0,30.0,-1.0,1427.76,1461.49,0.5449,1416.87,1472.39
2025,9,REG,BUF,KC,28.0,21.0,7.0,1583.46,1607.42,0.5588,1592.29,1598.59
2025,9,REG,WAS,SEA,14.0,38.0,-24.0,1504.57,1543.7,0.5372,1493.83,1554.44
2025,9,REG,DAL,ARI,17.0,27.0,-10.0,1494.66,1437.43,0.669,1481.28,1450.81
2025,10,REG,DEN,LV,10.0,7.0,3.0,1552.09,1416.87,0.76,1556.89,1412.07
2025,10,REG,IND,ATL,31.0,25.0,6.0,1524.95,1459.12,0.6799,1531.35,1452.72
2025,10,REG,CAR,NO,7.0,17.0,-10.0,1452.05,1401.46,0.6605,1438.84,1414.67
2025,10,REG,CHI,NYG,24.0,20.0,4.0,1478.28,1408.52,0.6848,1484.59,1402.22
2025,10,REG,HOU,JAX,36.0,29.0,7.0,1492.6,1472.39,0.6202,1500.19,1464.79
2025,10,REG,MIA,BUF,30.0,13.0,17.0,1454.5,1592.29,0.3968,1466.57,1580.22
2025,10,REG,MIN,BAL,19.0,27.0,-8.0,1547.15,1536.61,0.607,1535.0,1548.75
2025,10,REG,NYJ,CLE,27.0,20.0,7.0,1404.7,1431.56,0.5547,1413.61,1422.66
2025,10,REG,TB,NE,23.0,28.0,-5.0,1549.22,1487.04,0.6753,1535.72,1500.55
2025,10,REG,SEA,ARI,44.0,22.0,22.0,1554.44,1450.81,0.7253,1559.93,1445.31
2025,10,REG,SF,LA,26.0,42.0,-16.0,1528.76,1559.13,0.5497,1517.77,1570.12
2025,10,REG,WAS,DET,22.0,44.0,-22.0,1493.83,1584.19,0.4636,1484.55,1593.47
2025,10,REG,LAC,PIT,25.0,10.0,15.0,1527.44,1529.88,0.5891,1535.65,1521.66
2025,10,REG,GB,PHI,7.0,10.0,-3.0,1549.94,1613.51,0.5021,1539.9,1623.55
2025,11,REG,NE,NYJ,27.0,14.0,13.0,1500.55,1413.61,0.7057,1506.43,1407.72
2025,11,REG,MIA,WAS,16.0,13.0,3.0,1466.57,1484.55,0.5673,1475.22,1475.9
2025,11,REG,ATL,CAR,27.0,30.0,-3.0,1452.72,1438.84,0.6116,1440.48,1451.07
2025,11,REG,BUF,TB,44.0,32.0,12.0,1580.22,1535.72,0.6526,1587.17,1528.77
2025,11,REG,JAX,LAC,35.0,6.0,29.0,1464.79,1535.65,0.4916,1474.96,1525.49
2025,11,REG,MIN,CHI,17.0,19.0,-2.0,1535.0,1484.59,0.6602,1521.8,1497.79
2025,11,REG,NYG,GB,20.0,27.0,-7.0,1402.22,1539.9,0.3969,1394.28,1547.84
2025,11,REG,PIT,CIN,34.0,12.0,22.0,1521.66,1489.78,0.6359,1528.94,1482.5
2025,11,REG,TEN,HOU,13.0,16.0,-3.0,1377.03,1500.19,0.4171,1368.69,1508.54
2025,11,REG,ARI,SF,22.0,41.0,-19.0,1445.31,1517.77,0.4893,1435.53,1527.55
2025,11,REG,LA,SEA,21.0,19.0,2.0,1570.12,1559.93,0.6065,1577.99,1552.06
2025,11,REG,CLE,BAL,16.0,23.0,-7.0,1422.66,1548.75,0.413,1414.4,1557.01
2025,11,REG,DEN,KC,22.0,19.0,3.0,1556.89,1598.59,0.5335,1566.22,1589.26
2025,11,REG,PHI,DET,16.0,9.0,7.0,1623.55,1593.47,0.6335,1630.88,1586.14
2025,11,REG,LV,DAL,16.0,33.0,-17.0,1412.07,1481.28,0.4939,1402.19,1491.16
2025,12,REG,HOU,BUF,23.0,19.0,4.0,1508.54,1587.17,0.4804,1518.93,1576.78
2025,12,REG,BAL,NYJ,23.0,10.0,13.0,1557.01,1407.72,0.7744,1561.52,1403.21
2025,12,REG,CHI,PIT,31.0,28.0,3.0,1497.79,1528.94,0.5486,1506.82,1519.91
2025,12,REG,CIN,NE,20.0,26.0,-6.0,1482.5,1506.43,0.5588,1471.33,1517.61
2025,12,REG,DET,NYG,34.0,27.0,7.0,1586.14,1394.28,0.8144,1589.85,1390.57
2025,12,REG,GB,MIN,23.0,6.0,17.0,1547.84,1521.8,0.6281,1555.27,1514.36
2025,12,REG,KC,IND,23.0,20.0,3.0,1589.26,1531.35,0.6699,1595.87,1524.75
2025,12,REG,TEN,SEA,24.0,30.0,-6.0,1368.69,1552.06,0.3359,1361.97,1558.78
2025,12,REG,ARI,JAX,24.0,27.0,-3.0,1435.53,1474.96,0.5367,1424.79,1485.7
2025,12,REG,LV,CLE,10.0,24.0,-14.0,1402.19,1414.4,0.5754,1390.68,1425.91
2025,12,REG,DAL,PHI,24.0,21.0,3.0,1491.16,1630.88,0.3941,1503.28,1618.76
2025,12,REG,NO,ATL,10.0,24.0,-14.0,1414.67,1440.48,0.5562,1403.54,1451.61
2025,12,REG,LA,TB,34.0,7.0,27.0,1577.99,1528.77,0.6587,1584.82,1521.94
2025,12,REG,SF,CAR,20.0,9.0,11.0,1527.55,1451.07,0.693,1533.69,1444.93
2025,13,REG,DET,GB,24.0,31.0,-7.0,1589.85,1555.27,0.6395,1577.06,1568.06
2025,13,REG,DAL,KC,31.0,28.0,3.0,1503.28,1595.87,0.4604,1514.07,1585.07
2025,13,REG,BAL,CIN,14.0,32.0,-18.0,1561.52,1471.33,0.7096,1547.33,1485.52
2025,13,REG,PHI,CHI,15.0,24.0,-9.0,1618.76,1506.82,0.7347,1604.07,1521.51
2025,13,REG,CAR,LA,31.0,28.0,3.0,1444.93,1584.82,0.3939,1457.06,1572.7
2025,13,REG,CLE,SF,8.0,26.0,-18.0,1425.91,1533.69,0.4387,1417.13,1542.46
2025,13,REG,IND,HOU,16.0,20.0,-4.0,1524.75,1518.93,0.6005,1512.74,1530.94
2025,13,REG,MIA,NO,21.0,17.0,4.0,1475.22,1403.54,0.6871,1481.48,1397.29
2025,13,REG,NYJ,ATL,27.0,24.0,3.0,1403.21,1451.61,0.5239,1412.73,1442.08
2025,13,REG,TB,ARI,20.0,17.0,3.0,1521.94,1424.79,0.7178,1527.59,1419.15
2025,13,REG,TEN,JAX,3.0,25.0,-22.0,1361.97,1485.7,0.4163,1353.64,1494.02
2025,13,REG,SEA,MIN,26.0,0.0,26.0,1558.78,1514.36,0.6525,1565.73,1507.41
2025,13,REG,LAC,LV,31.0,14.0,17.0,1525.49,1390.68,0.7595,1530.29,1385.87
2025,13,REG,PIT,BUF,7.0,26.0,-19.0,1519.91,1576.78,0.5117,1509.68,1587.01
2025,13,REG,WAS,DEN,26.0,27.0,-1.0,1475.9,1566.22,0.4636,1466.63,1575.49
2025,13,REG,NE,NYG,33.0,15.0,18.0,1517.61,1390.57,0.7513,1522.58,1385.59
2025,14,REG,DET,DAL,44.0,30.0,14.0,1577.06,1514.07,0.6763,1583.53,1507.6
2025,14,REG,ATL,SEA,9.0,37.0,-28.0,1442.08,1565.73,0.4164,1433.76,1574.06
2025,14,REG,BAL,PIT,22.0,27.0,-5.0,1547.33,1509.68,0.6436,1534.46,1522.55
2025,14,REG,BUF,CIN,39.0,34.0,5.0,1587.01,1485.52,0.7228,1592.56,1479.97
2025,14,REG,CLE,TEN,29.0,31.0,-2.0,1417.13,1353.64,0.6769,1403.59,1367.18
2025,14,REG,JAX,IND,36.0,19.0,17.0,1494.02,1512.74,0.5662,1502.7,1504.07
2025,14,REG,MIN,WAS,31.0,0.0,31.0,1507.41,1466.63,0.6477,1514.46,1459.58
2025,14,REG,NYJ,MIA,10.0,34.0,-24.0,1412.73,1481.48,0.4946,1402.84,1491.37
2025,14,REG,TB,NO,20.0,24.0,-4.0,1527.59,1397.29,0.7548,1512.49,1412.38
2025,14,REG,LV,DEN,17.0,24.0,-7.0,1385.87,1575.49,0.328,1379.31,1582.05
2025,14,REG,ARI,LA,17.0,45.0,-28.0,1419.15,1572.7,0.3753,1411.64,1580.2
2025,14,REG,GB,CHI,28.0,21.0,7.0,1568.06,1521.51,0.6552,1574.96,1514.62
2025,14,REG,KC,HOU,10.0,20.0,-10.0,1585.07,1530.94,0.665,1571.77,1544.24
2025,14,REG,LAC,PHI,22.0,19.0,3.0,1530.29,1604.07,0.4874,1540.55,1593.82
2025,15,REG,TB,ATL,28.0,29.0,-1.0,1512.49,1433.76,0.6958,1498.58,1447.67
2025,15,REG,CHI,CLE,31.0,3.0,28.0,1514.62,1403.59,0.7337,1519.95,1398.27
2025,15,REG,CIN,BAL,0.0,24.0,-24.0,1479.97,1534.46,0.5151,1469.67,1544.76
2025,15,REG,HOU,ARI,40.0,20.0,20.0,1544.24,1411.64,0.7572,1549.1,1406.79
2025,15,REG,JAX,NYJ,48.0,20.0,28.0,1502.7,1402.84,0.7209,1508.28,1397.26
2025,15,REG,KC,LAC,13.0,16.0,-3.0,1571.77,1540.55,0.635,1559.07,1553.25
2025,15,REG,NE,BUF,31.0,35.0,-4.0,1522.58,1592.56,0.4928,1512.73,1602.41
2025,15,REG,NYG,WAS,21.0,29.0,-8.0,1385.59,1459.58,0.4871,1375.85,1469.32
2025,15,REG,PHI,LV,31.0,0.0,31.0,1593.82,1379.31,0.8333,1597.15,1375.98
2025,15,REG,DEN,GB,34.0,26.0,8.0,1582.05,1574.96,0.6023,1590.01,1567.0
2025,15,REG,LA,DET,41.0,34.0,7.0,1580.2,1583.53,0.5878,1588.44,1575.29
2025,15,REG,NO,CAR,20.0,17.0,3.0,1412.38,1457.06,0.5292,1421.8,1447.64
2025,15,REG,SEA,IND,18.0,16.0,2.0,1574.06,1504.07,0.6851,1580.36,1497.77
2025,15,REG,SF,TEN,37.0,24.0,13.0,1542.46,1367.18,0.7995,1546.47,1363.17
2025,15,REG,DAL,MIN,26.0,34.0,-8.0,1507.6,1514.46,0.5829,1495.94,1526.11
2025,15,REG,PIT,MIA,28.0,15.0,13.0,1522.55,1491.37,0.635,1529.85,1484.07
2025,16,REG,SEA,LA,38.0,37.0,1.0,1580.36,1588.44,0.5812,1588.74,1580.07
2025,16,REG,WAS,PHI,18.0,29.0,-11.0,1469.32,1597.15,0.4106,1461.11,1605.36
2025,16,REG,CHI,GB,22.0,16.0,6.0,1519.95,1567.0,0.5258,1529.43,1557.52
2025,16,REG,CAR,TB,23.0,20.0,3.0,1447.64,1498.58,0.5202,1457.24,1488.98
2025,16,REG,CLE,BUF,20.0,23.0,-3.0,1398.27,1602.41,0.3098,1392.07,1608.61
2025,16,REG,DAL,LAC,17.0,34.0,-17.0,1495.94,1553.25,0.5111,1485.72,1563.47
2025,16,REG,MIA,CIN,21.0,45.0,-24.0,1484.07,1469.67,0.6123,1471.83,1481.92
2025,16,REG,NO,NYJ,29.0,6.0,23.0,1421.8,1397.26,0.6261,1429.28,1389.78
2025,16,REG,NYG,MIN,13.0,16.0,-3.0,1375.85,1526.11,0.3797,1368.26,1533.71
2025,16,REG,TEN,KC,26.0,9.0,17.0,1363.17,1559.07,0.3201,1376.77,1545.47
2025,16,REG,ARI,ATL,19.0,26.0,-7.0,1406.79,1447.67,0.5346,1396.09,1458.37
2025,16,REG,DEN,JAX,20.0,34.0,-14.0,1590.01,1508.28,0.6994,1576.02,1522.27
2025,16,REG,DET,PIT,24.0,29.0,-5.0,1575.29,1529.85,0.6538,1562.21,1542.92
2025,16,REG,HOU,LV,23.0,21.0,2.0,1549.1,1375.98,0.7975,1553.15,1371.93
2025,16,REG,BAL,NE,24.0,28.0,-4.0,1544.76,1512.73,0.6361,1532.04,1525.45
2025,16,REG,IND,SF,27.0,48.0,-21.0,1497.77,1546.47,0.5234,1487.3,1556.94
2025,17,REG,WAS,DAL,23.0,30.0,-7.0,1461.11,1485.72,0.5579,1449.95,1496.87
2025,17,REG,MIN,DET,23.0,10.0,13.0,1533.71,1562.21,0.5523,1542.66,1553.26
2025,17,REG,KC,DEN,13.0,20.0,-7.0,1545.47,1576.02,0.5494,1534.49,1587.01
2025,17,REG,LAC,HOU,16.0,20.0,-4.0,1563.47,1553.15,0.6067,1551.33,1565.28
2025,17,REG,GB,BAL,24.0,41.0,-17.0,1557.52,1532.04,0.6273,1544.97,1544.59
2025,17,REG,CAR,SEA,10.0,27.0,-17.0,1457.24,1588.74,0.4054,1449.13,1596.85
2025,17,REG,CIN,ARI,37.0,14.0,23.0,1481.92,1396.09,0.7044,1487.83,1390.18
2025,17,REG,CLE,PIT,13.0,6.0,7.0,1392.07,1542.92,0.3789,1404.49,1530.5
2025,17,REG,IND,JAX,17.0,23.0,-6.0,1487.3,1522.27,0.5431,1476.44,1533.13
2025,17,REG,MIA,TB,20.0,17.0,3.0,1471.83,1488.98,0.5684,1480.46,1480.35
2025,17,REG,NYJ,NE,10.0,42.0,-32.0,1389.78,1525.45,0.3997,1381.79,1533.44
2025,17,REG,TEN,NO,26.0,34.0,-8.0,1376.77,1429.28,0.518,1366.41,1439.64
2025,17,REG,LV,NYG,10.0,34.0,-24.0,1371.93,1368.26,0.5976,1359.98,1380.21
2025,17,REG,BUF,PHI,12.0,13.0,-1.0,1608.61,1605.36,0.597,1596.67,1617.3
2025,17,REG,SF,CHI,42.0,38.0,4.0,1556.94,1529.43,0.6301,1564.34,1522.03
2025,17,REG,ATL,LA,27.0,24.0,3.0,1458.37,1580.07,0.4191,1469.98,1568.45
2025,18,REG,TB,CAR,16.0,14.0,2.0,1480.35,1449.13,0.635,1487.65,1441.83
2025,18,REG,SF,SEA,3.0,13.0,-10.0,1564.34,1596.85,0.5466,1553.41,1607.78
2025,18,REG,ATL,NO,19.0,17.0,2.0,1469.98,1439.64,0.6339,1477.31,1432.31
2025,18,REG,CIN,CLE,18.0,20.0,-2.0,1487.83,1404.49,0.7014,1473.8,1418.52
2025,18,REG,HOU,IND,38.0,30.0,8.0,1565.28,1476.44,0.708,1571.12,1470.6
2025,18,REG,JAX,TEN,41.0,7.0,34.0,1533.13,1366.41,0.7915,1537.3,1362.24
2025,18,REG,MIN,GB,16.0,3.0,13.0,1542.66,1544.97,0.5892,1550.88,1536.76
2025,18,REG,NYG,DAL,34.0,17.0,17.0,1380.21,1496.87,0.4262,1391.68,1485.4
2025,18,REG,BUF,NYJ,35.0,8.0,27.0,1596.67,1381.79,0.8336,1600.0,1378.46
2025,18,REG,CHI,DET,16.0,19.0,-3.0,1522.03,1553.26,0.5484,1511.06,1564.23
2025,18,REG,DEN,LAC,19.0,3.0,16.0,1587.01,1551.33,0.641,1594.19,1544.15
2025,18,REG,LA,ARI,37.0,20.0,17.0,1568.45,1390.18,0.8022,1572.41,1386.23
2025,18,REG,LV,KC,14.0,12.0,2.0,1359.98,1534.49,0.3474,1373.03,1521.43
2025,18,REG,NE,MIA,38.0,10.0,28.0,1533.44,1480.46,0.6636,1540.17,1473.73
2025,18,REG,PHI,WAS,17.0,24.0,-7.0,1617.3,1449.95,0.7921,1601.46,1465.79
2025,18,REG,PIT,BAL,26.0,24.0,2.0,1530.5,1544.59,0.5728,1539.05,1536.04
2025,19,WC,CAR,LA,31.0,34.0,-3.0,1441.83,1572.41,0.4067,1433.69,1580.54
2025,19,WC,CHI,GB,31.0,27.0,4.0,1511.06,1536.76,0.5563,1519.94,1527.89
2025,19,WC,JAX,BUF,24.0,27.0,-3.0,1537.3,1600.0,0.5033,1527.24,1610.06
2025,19,WC,PHI,SF,19.0,23.0,-4.0,1601.46,1553.41,0.6572,1588.32,1566.55
2025,19,WC,NE,LAC,16.0,3.0,13.0,1540.17,1544.15,0.5869,1548.43,1535.89
2025,19,WC,PIT,HOU,6.0,30.0,-24.0,1539.05,1571.12,0.5472,1528.1,1582.07
2025,20,DIV,DEN,BUF,33.0,30.0,3.0,1594.19,1610.06,0.5702,1602.78,1601.47
2025,20,DIV,SEA,SF,41.0,6.0,35.0,1607.78,1566.55,0.6483,1614.81,1559.52
2025,20,DIV,NE,HOU,28.0,16.0,12.0,1548.43,1582.07,0.545,1557.53,1572.97
2025,20,DIV,CHI,LA,17.0,20.0,-3.0,1519.94,1580.54,0.5063,1509.81,1590.67
2025,21,CON,DEN,NE,7.0,10.0,-3.0,1602.78,1557.53,0.6535,1589.71,1570.6
2025,21,CON,SEA,LA,31.0,27.0,4.0,1614.81,1590.67,0.6255,1622.3,1583.18
2025,22,SB,NE,SEA,13.0,29.0,-16.0,1570.6,1622.3,0.5191,1560.22,1632.68
